Order ID,Customer ID,Category,Item,Price,Quantity,Order Total,Order Date,Payment Method
ORD_627866,CUST_009,Side Dishes,,3,1,3,1/4/2022,Digital Wallet
ORD_767019,CUST_013,Main Dishes,Steak,20,4,80,5/7/2023,Cash
ORD_308031,CUST_093,Drinks,Water,1,3,3,7/29/2022,
ORD_857952,CUST_069,Starters,Nachos Grande,10,5,50,1/21/2022,Credit Card
ORD_277814,CUST_074,Main Dishes,,12,1,12,7/4/2022,
ORD_600969,CUST_098,Desserts,,6,-3,18,10/15/2023,
ORD_445695,CUST_005,Starters,Sweet Potato Fries,5,1,5,8/10/2023,Cash
ORD_437294,CUST_065,STARTERS,Beef Chili,7,5,35,8/7/2023,Cash
ORD_515927,CUST_089,Desserts,Fruit Salad,-4,4,16,3/16/2023,Cash
ORD_280474,CUST_064,Drinks,Orange Juice,3,1,3,5/22/2023,Cash
ORD_586050,CUST_036,Main Dishes,Grilled Chicken,15,1,15,1/29/2023,CASH
ORD_612647,CUST_073,Side Dishes,Mashed Potatoes,4,2,8,1/27/2022,Digital Wallet
ORD_764880,CUST_017,Main Dishes,Pasta Alfredo,12,4,48,,Credit Card
ORD_577270,CUST_003,Starters,Sweet Potato Fries,5,1,5,8/26/2023,Credit card 
ORD_140750,CUST_018,Side Dishes,Mashed Potatoes,4,1,4,10/2/2022,Credit Card
ORD_990116,CUST_062,Side Dishes,Garlic Bread,4,4,,10/14/2022,Cash
ORD_750530,CUST_061,Starters,Cheese Fries,5,4,20,7/1/2022,Cash
ORD_920065,CUST_087,Drinks,,1,5,5,2/23/2022,
ORD_415647,CUST_067,Starters,French Fries,4,5,,5/2/2023,Digital Wallet
ORD_946628,CUST_024,Main  Dishes,,18,3,,1/3/2023,
ORD_983834,CUST_034,Desserts,Cheesecake,7,3,21,1/22/2022,Cash
ORD_524331,CUST_020,Main Dishes,Grilled Chicken,15,3,45,9/1/2023,Cash Payment
ORD_364796,CUST_087,Main dishes,Grilled Chicken,15,4,60,9/22/2023,Credit Card
ORD_279538,CUST_038,Main Dishes,,12,1,12,6/5/2023,Cash
ORD_434542,CUST_044,Desserts,Cheesecake,7,5,35,5/31/2023,Digital Wallet
ORD_650184,CUST_088,Starters,French Fries,4,4,16,10/25/2023,Digital Wallet
ORD_481098,CUST_008,Main Dishes,,18,4,72,2/19/2022,Credit Card
ORD_211281,CUST_047,Drinks,Water,1,4,4,2/28/2022,Credit Card
ORD_726033,CUST_059,Starters,Cheese Fries,,three,15,3/3/2022,Cash
ORD_361099,CUST_054,Main Dishes,Steak,20,3,60,10/30/2022,Cash
ORD_147981,CUST_053,Starters,Beef Chili,7,5,35,8/4/2022,
ORD_366356,CUST_071,Starters,Nachos Grande,10,5,50,1/17/2023,Digital Wallet
ORD_936194,CUST_100,Drinks,Lemonade,3,,6,11/3/2022,Cash
ORD_130784,CUST_043,Starters ,Cheese Fries,5,,20,4/5/2023,Credit Card
ORD_925797,CUST_048,Desserts,Cheesecake,7,3,21,8/22/2022,Cash
ORD_461427,CUST_093,Main Dishes,Grilled Chicken,15,5,75,6/7/2023,digital wallet
ORD_362477,CUST_097,Main Dishes,Salmon,18,4,72,8/25/2022,Digital Wallet
ORD_128131,CUST_026,Drinks,Water,1,2,2,8/29/2022,Credit Card
ORD_235703,CUST_089,Desserts,,6,3,18,1/13/2023,Digital Wallet
ORD_994884,CUST_012,Main Dishes,Grilled Chicken,15,5,75,8/16/2022,Cash
ORD_793515,CUST_098,Starters,French Fries,4,1,4,10/31/2022,Digital Wallet
ORD_227701,CUST_082,Side Dishes,Side Salad,3,1,3,7/4/2022,Credit Card
ORD_329688,CUST_045,Side Dishes,Grilled Vegetables,5,4,20,10/14/2022,Digital Wallet
ORD_295292,CUST_001,Side Dishes,Grilled Vegetables,5,5,25,12/6/2023,Cash
ORD_228725,CUST_056,Starters,Sweet Potato Fries,5,2,10,2/11/2023,Cash
ORD_320850,CUST_012,Desserts,,5,3,15,2/16/2022,Credit Card
ORD_919701,CUST_079,Main dishes,Steak,20,2,40,11/17/2022,
ORD_360395,CUST_025,Drinks,,2.5,1,2.5,6/12/2023,Cash
ORD_536662,CUST_027,Desserts,Chocolate Cake,6.0$,5,30,4/22/2023,Cash
ORD_899204,CUST_044,Main Dishes,Salmon,18,2,36,5/13/2022,Digital Wallet
ORD_861625,CUST_048,Side Dishes,Mashed Potatoes,4,3,12,8/22/2023,Cash
ORD_251063,CUST_011,Desserts,,,4,16,3/6/2022,
ORD_670455,CUST_065,Side Dishes,Garlic Bread,4,4,,2/26/2023,Cash
ORD_735873,CUST_034,Desserts,Chocolate Cake,6,2,12,12/17/2022,Digital Wallet
ORD_912574,CUST_021,Starters ,Chicken Melt,8,,24,2/3/2023,Credit Card
ORD_645990,CUST_008,DESSERTS,Cheesecake,7,3,21,9/24/2023,
ORD_926448,CUST_023,Drinks,Iced Tea,2.5,4,10,6/29/2022,Digital Wallet
ORD_713622,CUST_001,Drinks,Water,1,1,1,7/22/2023,Credit Card
ORD_776696,CUST_095,Side Dishes,Side Salad,3,5,15,2/16/2022,Credit Card
ORD_286086,CUST_005,Side Dishes,Mashed Potatoes,4,1,4,8/20/2023,Cash
ORD_256003,CUST_054,Drinks,Coca Cola,2.5,1,2.5,10/5/2023,Cash
ORD_725746,CUST_091,Drinks,Water,1,3,3,12/24/2022,Cash
ORD_524369,CUST_053,Starters,,7,3,21,11/5/2022,Credit Card
ORD_890663,CUST_021,Drinks,Coca Cola,2.5$,4,10,8/28/2022,Cash
ORD_257429,CUST_042,Main Dishes,Salmon,18,,54,3/3/2022,Cash Payment
ORD_805314,CUST_036,Starters,Cheese Fries,5,3,15,10/21/2022,CASH
ORD_916950,CUST_059,Side Dishes,Side Salad,3,3,9,6/19/2022,Digital Wallet
ORD_273388,CUST_100,Side Dishes,,5,1,5,8/3/2023,e-wallet
ORD_418402,CUST_058,Main Dishes,Pasta Alfredo,12,1,12,10/10/2023,Cash
ORD_600277,CUST_056,Main Dishes,Vegetarian Platter,14,1,14,6/16/2023,Cash
ORD_223767,CUST_036,Main Dishes,Steak,,4,80,8/5/2022,Cash
ORD_992938,CUST_082,Desserts,Chocolate Cake,6,1,6,12/24/2023,Cash
ORD_529180,CUST_036,Desserts,,,5,20,8/8/2022,
ORD_874501,CUST_013,Drinks,Water,1,3,3,9/26/2022,Digital Wallet
ORD_224096,CUST_028,Starters,Chicken Melt,8,1,,1/6/2023,Credit Card
ORD_440834,CUST_020,Starters,Beef Chili,7,4 items,28,1/23/2023,Credit Card
ORD_300094,CUST_008,Starters,Cheese Fries,5,,15,3/19/2023,Cash
ORD_148633,CUST_050,Main Dishes,Vegetarian Platter,,4,56,8/10/2022,Cash
ORD_242266,CUST_053,Desserts,,,,,11/15/2022,Cash
ORD_280371,CUST_092,Main Dishes,,15,5,75,2/22/2023,Cash
ORD_822793,CUST_029,Side Dishes,Mashed Potatoes,4,2,8,7/15/2022,Credit Card
ORD_502477,CUST_097,Drinks,Coca Cola,2.5,,10,4/24/2022,Cash
ORD_326502,CUST_014,Drinks,Orange Juice,3,-1,3,7/18/2022,Credit Card
ORD_952508,CUST_024,Drinks,Coca Cola,2.5,3,7.5,4/30/2023,
ORD_884111,CUST_021,Starters,Cheese Fries,5,3,15,6/30/2023,Cash
ORD_629848,CUST_095,Main Dishes,Steak,20,5,100,1/13/2022,Credit Card
ORD_485910,CUST_034,Side Dishes,Garlic Bread,4,1,4,5/7/2022,Credit Card
ORD_367846,CUST_014,Main Dishes,Pasta Alfredo,12,4,48,7/13/2022,Credit Card
ORD_543081,CUST_055,Main Dishes,Vegetarian Platter,14,5,70,6/17/2023,Digital Wallet
ORD_340407,CUST_046,Starters,Sweet Potato Fries,,5,25,12/17/2022,Digital Wallet
ORD_181454,CUST_033,Drinks,Water,1,,5,6/16/2022,DIGITAL WALLET
ORD_500454,CUST_066,Starters,Sweet Potato Fries,5,,15,11/29/2023,Credit Card
ORD_336530,CUST_080,Side Dishes,Onion Rings,5,2,10,4/22/2023,Cash
ORD_350901,CUST_078,SIDE DISHES,Side Salad,3,2,6,00/00/0000,Digital Wallet
ORD_625313,CUST_055,Main dishes,Pasta Alfredo,12,2,24,,Credit Card
ORD_918688,CUST_038,Starters,,10.0$,,10,3/4/2022,Cash
ORD_868244,CUST_082,Desserts,Fruit Salad,4,3,12,9/11/2022,
ORD_873434,CUST_026,Main Dishes,Pasta Alfredo,12,4,48,3/5/2023,Digital Wallet
ORD_842068,CUST_019,Drinks,Water,1,1,1,8/27/2022,Digital Wallet
ORD_832651,CUST_027,Drinks,Water,1,2,2,3/22/2023,
ORD_589545,CUST_092, Starters,,5,1,5,2/10/2022,CREDIT CARD
ORD_816216,CUST_058,Main Dishes,Grilled Chicken,15,1,15,10/8/2022,Credit Card
ORD_319584,CUST_071,Starters,Nachos Grande,10,3,,10/28/2023,Credit Card
ORD_315043,CUST_077,SIDE DISHES,,3,3,9,9/14/2023,Credit Card
ORD_751157,CUST_077,Drinks,Lemonade,3,,9,3/13/2022,Digital Wallet
ORD_612788,CUST_033,Starters,French Fries,-4,1,4,4/24/2022,
ORD_400470,CUST_009,Desserts,Ice Cream,5,3,15,7/11/2022,Credit Card
ORD_582803,CUST_073,Drinks,,2.5,2,5,1/26/2023,Credit Card
ORD_272632,CUST_087,Drinks,Coca Cola,2.5,3,7.5,5/22/2023,Cash
ORD_522428,CUST_081,Main Dishes,Steak,20,3,60,7/18/2022,Digital Wallet
ORD_164705,CUST_008,Starters,Beef Chili,7,4,28,10/19/2022,Cash
ORD_585475,CUST_025,Desserts,Ice Cream,5,2,10,9/7/2023,Cash
ORD_883444,CUST_022,Main Dishes,Salmon,18,4,,10/11/2022,Digital Wallet
ORD_221530,CUST_042,Desserts,Fruit Salad,4,5,20,8/11/2022,Credit Card
ORD_695244,CUST_051,Drinks,Water,1.0$,1,1,6/3/2022,Digital Wallet
ORD_588353,CUST_009,Desserts,Fruit Salad,4,2,8,7/8/2022,Digital Wallet
ORD_824989,CUST_025,Drinks,Water,1,1,1,7/14/2022,Cash
ORD_174908,CUST_055,Drinks,Iced Tea,2.5,5,12.5,9/12/2022,Credit Card
ORD_457548,CUST_012,Starters,Cheese Fries,5,1,5,8/28/2023,Cash
ORD_872980,CUST_028,Side Dishes,Grilled Vegetables,5,5,25,12/22/2023,Credit Card
ORD_749271,CUST_075,Starters,,,,,10/29/2023,Cash
ORD_123434,CUST_037,Side Dishes,Grilled Vegetables,5,2,10,3/3/2023,Digital Wallet
ORD_177994,CUST_100,Starters,Nachos Grande,10,1,10,10/29/2022,Cash
ORD_608684,CUST_065,Main Dishes,Steak,20,2,40,3/1/2023,Credit Card
ORD_621798,CUST_010,Drinks,Coca Cola,2.5$,,5,10/27/2023,Cash
ORD_292174,CUST_071,Drinks,Water,1,2,2,1/2/2022,creditcard
ORD_643840,CUST_006,Drinks,,3,4,12,11/4/2023,Credit Card
ORD_188256,CUST_062,Starters,Sweet Potato Fries,5,1,5,11/10/2022,Credit Card
ORD_735648,CUST_015,Side Dishes,Mashed Potatoes,4,3,12,8/29/2023,Digital Wallet
ORD_661004,CUST_059,Side Dishes,Garlic Bread,4,1,4,12/29/2023,
ORD_993696,CUST_052,Main Dishes,Pasta Alfredo,12,1,12,11/17/2023,Credit Card
ORD_495171,CUST_017,Side Dishes,,4,,4,4/5/2023,Cash
ORD_560350,CUST_056,Desserts,Fruit Salad,4,1,4,1/17/2022,Credit Card
ORD_493914,CUST_008,Desserts,Ice Cream,5,4,20,9/17/2022,
ORD_178716,CUST_030,Drinks,Orange Juice,3,4,12,3/16/2022,Cash
ORD_882791,CUST_020,Main Dishes,,12,2,24,9/11/2022,Credit Card
ORD_144216,CUST_046,Side Dishes,Side Salad,3,3,9,5/27/2022,Cash
ORD_914530,CUST_067,Drinks,,1,,4,2/4/2022,Credit Card
ORD_680800,CUST_027,Main dishes,,14.0$,4,56,7/1/2023,
ORD_956138,CUST_037,Starters,Cheese Fries,5,3,15,6/7/2023,Digital Wallet
ORD_241908,CUST_012,Starters,French Fries,4,2,,4/19/2023,Digital Wallet
ORD_378597,CUST_038,Main Dishes,Steak,20,3,60,9/16/2023,Credit Card
ORD_684567,CUST_026,Main Dishes,Salmon,18,4,,12/12/2023,Cash
ORD_771524,CUST_058,Side Dishes,Mashed Potatoes,4,5,20,12/26/2023,Digital Wallet
ORD_287849,CUST_096,Side Dishes,Side Salad,3,4,12,3/15/2023,Cash
ORD_765188,CUST_037,Starters ,French Fries,4,5,20,1/1/2022,Cash
ORD_739516,CUST_084,Drinks,Coca Cola,2.5,5,12.5,7/28/2022,Digital Wallet
ORD_945261,CUST_055,Desserts,Chocolate Cake,6,4,24,1/14/2022,Credit Card
ORD_201276,CUST_063,Side Dishes,,4,1,4,1/2/2022,Digital Wallet
ORD_500987,CUST_024,Starters ,French Fries,4,3,12,2/13/2023,Digital Wallet
ORD_943643,CUST_038,Drinks,Water,1,1,1,2/9/2023,Credit Card
ORD_298539,CUST_001,side dishes,Side Salad,3,3,9,11/23/2023,Digital Wallet
ORD_542297,CUST_088,Drinks,Lemonade,3,1,3,2/23/2022,Digital Wallet
ORD_133085,CUST_018,Main Dishes,Grilled Chicken,15,,60,10/12/2023,Credit Card
ORD_480522,CUST_097,Drinks,Orange Juice,3,2,6,9/21/2023,Digital Wallet
ORD_636467,CUST_100,Drinks,Iced Tea,2.5,1,2.5,11/15/2022,Digital Wallet
ORD_956810,CUST_014,Desserts,Ice Cream,5,3,15,11/22/2022,digital wallet
ORD_466739,CUST_096,Desserts,Ice Cream,5,5,25,9/10/2023,Digital Wallet
ORD_595384,CUST_032,Desserts,Ice Cream,5,4,20,1/10/2022,Credit Card
ORD_144491,CUST_050,Desserts,Fruit Salad,4,5,20,12/25/2022,Cash
ORD_968515,CUST_053,Starters,Beef Chili,7,1,7,5/29/2022,Cash
ORD_294839,CUST_086,Starters ,Beef Chili,7,4,,2/10/2023,Credit Card
ORD_730933,CUST_065,Drinks,Iced Tea,2.5,2,5,3/15/2023,Credit Card
ORD_902530,CUST_094,Starters,Chicken Melt,8,5,40,1/26/2022,
ORD_954755,CUST_050,Side Dishes,Mashed Potatoes,4,2,8,4/19/2023,credit card
ORD_501470,CUST_081,Side Dishes,,,3,12,11/13/2023,
ORD_110011,CUST_072,Starters,Cheese Fries,5,4,20,3/19/2022,Credit card 
ORD_486424,CUST_001,DRINKS,Orange Juice,3,1,3,11/14/2023,
ORD_780290,CUST_063,Desserts,Brownie,6,3,18,6/7/2022,Digital Wallet
ORD_975004,CUST_001,Desserts,Fruit Salad,4,,8,2/14/2022,Cash
ORD_274139,CUST_046,Desserts,Fruit Salad,4,1,4,1/21/2022,DIGITAL WALLET
ORD_330176,CUST_022,Main Dishes,,,,,7/1/2022,Credit Card
ORD_480251,CUST_050,Desserts,Cheesecake,7.0$,4,28,8/20/2022,Credit Card
ORD_770957,CUST_034,Starters,Sweet Potato Fries,5,3,15,5/19/2022,
ORD_303381,CUST_030,Side Dishes,Mashed Potatoes,4,5,20,5/8/2023,Credit Card
ORD_650937,CUST_015,Side Dishes,Onion Rings,5,2,,11/28/2023,Cash
ORD_619876,CUST_040,Drinks,Iced Tea,2.5,2,5,9/20/2023,Credit Card
ORD_882768,CUST_020,Starters,Sweet Potato Fries,5,2,10,7/8/2023,creditcard
ORD_459786,CUST_003,Desserts,Brownie,6,3,18,3/23/2023,Cash
ORD_986850,CUST_039,Starters,Nachos Grande,10,2,20,3/15/2022,
ORD_342483,CUST_033,side dishes,Side Salad,3,,12,2/11/2022,Credit Card
ORD_127085,CUST_091,Starters,,4,5,20,11/25/2023,Digital Wallet
ORD_903976,CUST_081,Main Dishes,Grilled Chicken,15,5,75,3/4/2022,
ORD_948838,CUST_099,Main Dishes,Salmon,18,3,54,10/8/2022,Credit Card
ORD_497341,CUST_063,Drinks,Water,1,5,5,11/14/2023,Digital Wallet
ORD_765573,CUST_022,Main Dishes,Pasta Alfredo,12,4,48,5/12/2022,
ORD_549098,CUST_083,Drinks,Orange Juice,3,3,9,3/14/2023,credit card
ORD_248221,CUST_071,Starters,Chicken Melt,8,2,16,7/23/2023,Digital Wallet
ORD_654724,CUST_057,Side Dishes,Garlic Bread,4,3,12,5/28/2022,Cash
ORD_686477,CUST_098,Starters,Cheese Fries,5,4,20,1/18/2023,Credit Card
ORD_830261,CUST_080,Drinks,Coca Cola,2.5,4,10,9/22/2023,Digital Wallet
ORD_624053,CUST_014,Drinks,Water,1,5,5,9/1/2023,Credit Card
ORD_828410,CUST_025,Starters,,4,1,4,8/7/2022,Cash
ORD_730706,CUST_062,Main Dishes,Steak,20,4,80,6/10/2023,Cash
ORD_890029,CUST_010,Side Dishes,,,5,20,3/9/2022,
ORD_263097,CUST_020,Main Dishes,Grilled Chicken,15,4,60,3/5/2022,Cash
ORD_243261,CUST_040,Main Dishes,Steak,20,1,20,4/17/2022,Cash
ORD_297904,CUST_061,Side Dishes,Side Salad,3,3,9,7/6/2023,Credit Card
ORD_693703,CUST_023,Main Dishes,Steak,20,3,60,4/28/2022,Cash
ORD_860067,CUST_030,Main Dishes,Pasta Alfredo,12,5,60,3/28/2023,Cash
ORD_788537,CUST_009,MAIN DISHES,Steak,20,1,20,10/2/2023,Cash
ORD_478957,CUST_028,Starters,,,1,4,2/10/2023,Digital Wallet
ORD_863020,CUST_059,Starters,French Fries,4,4,16,5/17/2023,Digital Wallet
ORD_957313,CUST_097,Desserts,Chocolate Cake,6,2,12,5/10/2022,Digital Wallet
ORD_127178,CUST_005,Starters,Sweet Potato Fries,5,4,20,2/27/2022,Cash
ORD_453103,CUST_065,Starters,Sweet Potato Fries,5,1,5,5/14/2023,Credit Card
ORD_496806,CUST_056,Desserts,Ice Cream,5,4,20,9/21/2022,Credit Card
ORD_433929,CUST_043,Main Dishes,,12,5,60,6/22/2023,Credit card 
ORD_798702,CUST_031,Starters,French Fries,4,5,20,6/28/2022,Credit Card
ORD_819225,CUST_037,desserts,Ice Cream,5,3,15,4/24/2023,Cash
ORD_702329,CUST_092,Side Dishes,Grilled Vegetables,5,4,20,1/31/2023,Cash
ORD_183643,CUST_095,Desserts,Brownie,6,2,12,10/28/2022,
ORD_661964,CUST_013,Side Dishes,Grilled Vegetables,5,2,10,2/18/2023,Digital Wallet
ORD_367410,CUST_027,Side Dishes,Grilled Vegetables,5,3,15,6/9/2023,Credit Card
ORD_124042,CUST_068,Drinks,Coca Cola,,2,5,2/4/2023,Digital Wallet
ORD_902900,CUST_088,Side Dishes,Side Salad,3,,9,8/28/2023,Cash
ORD_904647,CUST_096,Desserts,Cheesecake,7,4,28,5/23/2023,Digital Wallet
ORD_803834,CUST_005,Drinks,Iced Tea,2.5,3,7.5,3/2/2022,Digital Wallet
ORD_793990,CUST_012,Starters,Chicken Melt,8,5,40,2/12/2022,Cash
ORD_463469,CUST_024,drinks,Coca Cola,2.5,2 items,5,3/28/2022,Cash
ORD_738981,CUST_025,Starters,Chicken Melt,8,2,16,7/21/2023,Cash
ORD_126644,CUST_040,Side Dishes,Grilled Vegetables,5,2,10,3/21/2023,Credit Card
ORD_643093,CUST_039,Drinks,Lemonade,3,3,9,9/20/2023,Cash
ORD_737794,CUST_071,Main Dishes,Salmon,18,3,54,10/1/2023,e-wallet
ORD_656768,CUST_073,Side Dishes,Mashed Potatoes,4,5,20,8/9/2023,Credit Card
ORD_119614,CUST_061,Main Dishes,Steak,20,3,60,10/4/2022,Credit Card
ORD_459223,CUST_095,Drinks,Coca Cola,2.5,1,2.5,10/15/2023,Credit Card
ORD_547013,CUST_013,Drinks,Water,,5,5,6/11/2023,Digital Wallet
ORD_174817,CUST_090,Desserts,Ice Cream,5,3,15,5/8/2022,
ORD_527109,CUST_083,Main Dishes,Salmon,18,1,18,5/30/2023,Cash
ORD_934800,CUST_014,Main  Dishes,Salmon,18,5,90,3/12/2023,Cash
ORD_820207,CUST_008,Main Dishes,,,,,8/12/2022,Cash
ORD_559783,CUST_045,Main Dishes,Vegetarian Platter,14,2,28,10/2/2023,CASH
ORD_388922,CUST_063,Starters,French Fries,4,1,4,10/31/2023,Cash
ORD_891284,CUST_091,Main Dishes,Pasta Alfredo,12,4,48,5/7/2022,
ORD_668620,CUST_005,Desserts,Ice Cream,5,5,25,,Cash
ORD_200949,CUST_072,Drinks,Water,1,2,2,12/8/2022,Cash
ORD_801518,CUST_070,DRINKS,,2.5,3,7.5,1/28/2022,Cash
ORD_714400,CUST_097,Drinks,,,1,2.5,3/29/2023,
ORD_667625,CUST_049,Starters,Cheese Fries,5,2,10,10/3/2023,Cash
ORD_205102,CUST_026,Main Dishes,,,1,20,1/24/2023,Digital Wallet
ORD_629955,CUST_092,Main Dishes,Grilled Chicken,15,1,15,2/23/2023,Credit Card
ORD_887813,CUST_066,Drinks,Water,,3,3,4/6/2023,Cash Payment
ORD_639377,CUST_094,Main Dishes,Vegetarian Platter,14,4,56,4/22/2022,
ORD_457414,CUST_012,Side Dishes,Garlic Bread,4,4,16,1/9/2023,Cash
ORD_656891,CUST_055,Side Dishes,Side Salad,3,five,15,00/00/0000,Digital Wallet
ORD_975147,CUST_039,Starters,Beef Chili,7,4,28,1/13/2022,Digital Wallet
ORD_468803,CUST_069,Starters,Beef Chili,7,5,35,4/8/2023,CREDIT CARD
ORD_182278,CUST_055,Starters,French Fries,4,1,4,6/1/2022,Digital Wallet
ORD_733340,CUST_058,Drinks,,1,five,5,7/8/2022,Credit Card
ORD_436762,CUST_068,Starters,Cheese Fries,,5,25,10/6/2022,Credit Card
ORD_538847,CUST_003,Drinks,,3,2 items,6,10/1/2023,Credit Card
ORD_314233,CUST_070,Starters,,,,,10/12/2023,Cash
ORD_903957,CUST_048,Desserts,Cheesecake,7,2,14,2/6/2023,
ORD_592788,CUST_003,Starters,,,,,2/4/2023,Cash
ORD_498888,CUST_002,Drinks,Water,1,5,5,2/10/2023,Cash
ORD_754556,CUST_017,Desserts,,7,5,35,10/9/2023,Digital Wallet
ORD_785201,CUST_087,Desserts,,6,5,30,12/17/2022,Credit Card
ORD_782967,CUST_076,Side Dishes,Side Salad,3,2,6,4/26/2023,
ORD_895168,CUST_020,Side Dishes,Garlic Bread,4,4,16,3/29/2022,Digital Wallet
ORD_393237,CUST_021,Main Dishes,Pasta Alfredo,12,4,48,11/20/2022,Credit Card
ORD_616116,CUST_016,Drinks,,,,,1/8/2023,Cash
ORD_548871,CUST_006,Side Dishes,Mashed Potatoes,4,5,20,12/8/2023,Digital Wallet
ORD_237049,CUST_076,Desserts,Ice Cream,5,3,15,5/30/2022,Digital Wallet
ORD_764369,CUST_046,Main Dishes,Pasta Alfredo,12,4,48,10/19/2023,Cash
ORD_284656,CUST_018,Main Dishes,,15,2,30,3/18/2023,Credit Card
ORD_262512,CUST_085,Desserts,Fruit Salad,4,1,4,3/30/2022,Digital Wallet
ORD_276835,CUST_056,Desserts,Brownie,6,2,12,1/22/2022,Cash
ORD_822695,CUST_073,Drinks,Lemonade,3,3,9,12/29/2023,CASH
ORD_471028,CUST_084,Drinks,Water,1,5,5,2/24/2023,Digital Wallet
ORD_918832,CUST_018,Starters,French Fries,4,5,20,5/3/2022,
ORD_902604,CUST_091,Desserts,Brownie,6,5,30,11/22/2023,Credit Card
ORD_696101,CUST_035,Side Dishes,Grilled Vegetables,5,,10,8/12/2022,Cash
ORD_542936,CUST_082,Side dishes,Mashed Potatoes,4,4,16,3/22/2022,Cash
ORD_764920,CUST_075,STARTERS,Cheese Fries,5,3,15,1/23/2022,Credit Card
ORD_741496,CUST_037,Starters,,5,1,5,7/20/2023,Digital Wallet
ORD_189042,CUST_081,Desserts,Fruit Salad,4,2,8,4/18/2022,Credit Card
ORD_334417,CUST_083,Desserts,Ice Cream,5,4,20,1/11/2023,Digital Wallet
ORD_517479,CUST_056,Main Dishes,Vegetarian Platter,14,3,42,5/25/2022,
ORD_705702,CUST_075,Side Dishes,Grilled Vegetables,5,1,5,7/4/2023,CASH
ORD_848832,CUST_002,Main Dishes,Pasta Alfredo,12,1,12,1/30/2022,creditcard
ORD_637034,CUST_089,Drinks,Iced Tea,2.5,5,12.5,11/14/2022,Credit Card
ORD_311067,CUST_067,Side Dishes,Side Salad,3,3 items,9,2/4/2023,Credit Card
ORD_607680,CUST_005,Drinks,,1,3,3,1/17/2023,Digital Wallet
ORD_876828,CUST_093,Starters,Cheese Fries,5,3,15,4/14/2022,Digital Wallet
ORD_811314,CUST_016,Drinks,Orange Juice,3,,3,7/17/2022,
ORD_246448,CUST_097,Drinks,Iced Tea,2.5,5,12.5,12/10/2023,Cash
ORD_971483,CUST_040,Drinks,Water,1,5,5,3/30/2022,Cash
ORD_471637,CUST_090,Starters,French Fries,4,3,12,2/6/2023,DIGITAL WALLET
ORD_749258,CUST_020,Main Dishes,Grilled Chicken,15,1,15,10/7/2023,Digital Wallet
ORD_967303,CUST_050,Drinks,Coca Cola,2.5,4,10,11/20/2022,Digital Wallet
ORD_365438,CUST_079,Side Dishes,,4,2,8,9/2/2023,Cash
ORD_482009,CUST_005,Starters,Chicken Melt,8,3,24,2/4/2022,Credit Card
ORD_744833,CUST_094,Side Dishes,Mashed Potatoes,4,5,20,3/27/2022,Digital Wallet
ORD_429701,CUST_009,Side Dishes,Grilled Vegetables,5,1,5,4/9/2023,Credit Card
ORD_142081,CUST_096,Side Dishes,Mashed Potatoes,4,5,20,1/26/2022,Cash
ORD_125899,CUST_021,Desserts,Cheesecake,7,3,21,2/10/2023,Credit Card
ORD_591152,CUST_044,Starters,French Fries,,5,20,1/9/2022,Digital Wallet
ORD_654990,CUST_077,Desserts,Chocolate Cake,6,5,30,8/14/2023,Cash
ORD_779894,CUST_082,Main Dishes,,15,1,15,6/20/2022,
ORD_465336,CUST_039,Side Dishes,Side Salad,3,-4,12,9/21/2023,Digital Wallet
ORD_404965,CUST_083,Starters,French Fries,4,4,,6/25/2023,Credit Card
ORD_145458,CUST_059,Starters,French Fries,4,2,8,8/30/2022,Digital Wallet
ORD_110068,CUST_009,Desserts,Fruit Salad,4,5,20,2/3/2022,Digital Wallet
ORD_199692,CUST_017,Side Dishes,Side Salad,3,5,15,1/27/2022,Cash
ORD_246220,CUST_017,Main Dishes,Steak,20,5,100,9/16/2022,Cash
ORD_961585,CUST_023,Drinks,Lemonade,3,-2,6,8/6/2023,Digital Wallet
ORD_296388,CUST_044,DESSERTS,Fruit Salad,4,3,12,4/27/2022,cash 
ORD_972426,CUST_090,Starters,,4,5,20,11/28/2022,
ORD_586670,CUST_068,Starters,Beef Chili,7,5,35,3/30/2023,Cash
ORD_303305,CUST_040,Drinks,Lemonade,3,3,9,2/7/2022,Credit Card
ORD_214025,CUST_053,DESSERTS,Fruit Salad,4,1,4,1/14/2023,Cash
ORD_814887,CUST_039,Desserts,Ice Cream,5,5,25,5/28/2023,Credit Card
ORD_377389,CUST_052,Side Dishes,Grilled Vegetables,5,5,25,4/24/2022,Credit Card
ORD_590230,CUST_080,Starters,Sweet Potato Fries,5,3,15,10/10/2022,Cash
ORD_924197,CUST_056,Starters,Beef Chili,,2,14,3/23/2022,CREDIT CARD
ORD_477533,CUST_025,Starters,Beef Chili,7,3,21,8/5/2022,Credit Card
ORD_809155,CUST_035,Starters,Cheese Fries,5,1,5,11/26/2022,Cash
ORD_683897,CUST_007,Side Dishes,Onion Rings,5,4,20,1/24/2022,Credit Card
ORD_784302,CUST_040,Main Dishes,Pasta Alfredo,12,5,60,1/23/2022,Credit Card
ORD_923986,CUST_006,Side Dishes,Garlic Bread,4,4,16,4/23/2022,Cash
ORD_996721,CUST_035,Drinks,,2.5,3,7.5,3/4/2023,Digital Wallet
ORD_622511,CUST_097,Desserts,Chocolate Cake,6,3,18,9/11/2023,Digital Wallet
ORD_936312,CUST_051,Drinks,Coca Cola,2.5,2,5,4/15/2022,Credit Card
ORD_345392,CUST_069,Desserts,Chocolate Cake,6,4,24,6/14/2023,Digital Wallet
ORD_513199,CUST_079,Desserts,,,,,5/8/2023,Credit Card
ORD_771570,CUST_093,Main Dishes,Salmon,18,2,36,3/24/2023,Credit Card
ORD_839433,CUST_016,Side Dishes,Grilled Vegetables,5,1,5,5/9/2022,CASH
ORD_776589,CUST_019,Drinks,Orange Juice,3,5,15,8/7/2022,Digital Wallet
ORD_824567,CUST_044,Starters,Cheese Fries,5,4,20,2/21/2023,
ORD_200058,CUST_023,Main Dishes,Grilled Chicken,15,,30,10/13/2022,Cash
ORD_984083,CUST_019,Starters,Cheese Fries,5,3,15,4/18/2022,Credit Card
ORD_460639,CUST_026,Main Dishes,Grilled Chicken,15,,60,6/12/2023,Cash
ORD_694049,CUST_080,Side dishes,Onion Rings,5,4,20,10/5/2022,Digital Wallet
ORD_514744,CUST_013,Desserts,Fruit Salad,4,4,16,7/18/2022,Credit Card
ORD_157211,CUST_016,Starters,Sweet Potato Fries,5,3,15,2/19/2022,Credit Card
ORD_803205,CUST_084,Starters,French Fries,4.0$,4,16,6/6/2023,e-wallet
ORD_457748,CUST_031,Drinks,Water,1,5,5,2/4/2023,Cash
ORD_348280,CUST_039,Drinks,Iced Tea,2.5,5,12.5,6/11/2022,CASH
ORD_910427,CUST_061,Drinks,Orange Juice,3,1,3,4/15/2023,Credit Card
ORD_878640,CUST_062,Desserts,Brownie,6,3,18,7/15/2022,
ORD_848123,CUST_042,Main Dishes,Vegetarian Platter,14,,28,3/15/2022,cash 
ORD_217915,CUST_081,Side Dishes,Garlic Bread,4,4,16,5/31/2022,Cash
ORD_354616,CUST_076,Desserts,Brownie,6,2,12,9/2/2022,Digital Wallet
ORD_243699,CUST_085,Side Dishes,,5,5,25,7/1/2023,
ORD_301112,CUST_055,Side Dishes,Mashed Potatoes,4,1,4,10/27/2022,Credit Card
ORD_507802,CUST_018,Starters,Cheese Fries,5,4,20,11/22/2023,
ORD_638607,CUST_059, Desserts,Brownie,6,2,12,4/24/2022,credit card
ORD_758938,CUST_067,Desserts,,,1,6,2/13/2023,Cash
ORD_578901,CUST_077,desserts,Chocolate Cake,6,,6,7/23/2023,
ORD_158277,CUST_092,Main Dishes,Vegetarian Platter,14,2,28,8/15/2023,Cash
ORD_819564,CUST_069,Drinks,Lemonade,3,2,6,2/7/2022,Digital Wallet
ORD_388576,CUST_023,Main Dishes,,20,1,20,3/9/2022,Cash
ORD_973257,CUST_052,Main Dishes,Salmon,18,5,90,7/17/2023,Credit Card
ORD_717181,CUST_031,Starters,Beef Chili,7,3,21,7/31/2023,Cash
ORD_784473,CUST_075,Side Dishes,Onion Rings,5,3,15,8/21/2022,Digital Wallet
ORD_908986,CUST_039,Side Dishes,Mashed Potatoes,4,2,,1/11/2023,Credit Card
ORD_528051,CUST_070,Side Dishes,Side Salad,3,3,9,2/2/2022,Cash
ORD_484348,CUST_004,Starters,Cheese Fries,5,1,5,10/10/2023,
ORD_548166,CUST_081,Drinks,,,2,5,8/25/2022,Cash
ORD_276628,CUST_058,Desserts,Chocolate Cake,6,4,24,7/15/2022,Digital Wallet
ORD_771591,CUST_026,Drinks,,2.5,4,10,8/30/2022,Digital Wallet
ORD_561258,CUST_087,Starters,French Fries,4,1,4,4/16/2022,Digital Wallet
ORD_410595,CUST_090,Starters,Sweet Potato Fries,5,4,20,12/15/2023,Digital Wallet
ORD_956922,CUST_045,Starters,Sweet Potato Fries,5,2 items,10,11/1/2023,Digital Wallet
ORD_643901,CUST_019,Drinks,Orange Juice,3,1,3,6/12/2022,Cash
ORD_840297,CUST_098,Starters,Sweet Potato Fries,5,5,25,8/12/2023,Digital Wallet
ORD_490893,CUST_098,Starters,Beef Chili,,4,28,12/1/2022,Digital Wallet
ORD_799979,CUST_010,Desserts,Chocolate Cake,6,2,12,12/6/2022,Credit Card
ORD_474398,CUST_013,Main Dishes,Steak,20,2,40,1/21/2023,cash 
ORD_530090,CUST_078,side dishes,Onion Rings,5,4 items,20,2/22/2022,Credit Card
ORD_596996,CUST_087,Side Dishes,Side Salad,3,5,15,6/21/2023,Credit Card
ORD_156236,CUST_098,Main Dishes,,,5,60,4/2/2022,
ORD_801342,CUST_098,Main Dishes,Grilled Chicken,15,1,15,3/17/2022,Credit Card
ORD_640602,CUST_013,Main Dishes,Salmon,18,1,18,5/1/2023,Digital Wallet
ORD_259850,CUST_015,Drinks,Lemonade,3,4,12,3/8/2022,
ORD_907369,CUST_013,Starters,Sweet Potato Fries,5,5,25,4/3/2023,Cash
ORD_697181,CUST_086,Starters,,8,5,40,7/23/2022,DIGITAL WALLET
ORD_440296,CUST_004,Side Dishes,,,4,12,6/8/2022,Digital Wallet
ORD_591767,CUST_004,Main Dishes,Pasta Alfredo,12,3,36,6/2/2022,Credit Card
ORD_869614,CUST_016,Starters,French Fries,4,4,16,10/29/2023,
ORD_369160,CUST_089,Side Dishes,Side Salad,3,4,12,5/21/2022,Digital Wallet
ORD_525473,CUST_066,Starters,Cheese Fries,,,5,10/19/2023,Cash
ORD_665039,CUST_040,DRINKS,,2.5,1,2.5,5/13/2022,Cash
ORD_721614,CUST_024,Side Dishes,Onion Rings,5,3,15,1/6/2022,Credit Card
ORD_509918,CUST_065,Desserts,Cheesecake,7,1,7,6/27/2023,Digital Wallet
ORD_335780,CUST_072,Main Dishes,Pasta Alfredo,12,1,12,11/30/2023,Digital Wallet
ORD_402086,CUST_038,Starters,Cheese Fries,5,3,15,2/8/2022,Digital Wallet
ORD_995304,CUST_088,Starters,Cheese Fries,5,1,5,9/20/2023,creditcard
ORD_461128,CUST_010,Starters,Sweet Potato Fries,5,2,10,5/31/2022,Credit Card
ORD_199784,CUST_055,Side Dishes,Garlic Bread,4,2,8,4/2/2022,Cash
ORD_852048,CUST_003,Starters,Beef Chili,7,5,35,1/12/2023,Cash
ORD_957058,CUST_042,Starters,Chicken Melt,8,2,16,12/22/2023,Digital Wallet
ORD_718922,CUST_078,Desserts,Fruit Salad,4,,4,3/26/2022,Digital Wallet
ORD_845094,CUST_077,Starters,French Fries,4,3,12,1/13/2022,Cash
ORD_127666,CUST_013,Side Dishes,Grilled Vegetables,5,2,10,6/3/2022,Cash
ORD_273513,CUST_023,Main Dishes,Pasta Alfredo,12,2,24,3/1/2022,Credit Card
ORD_566205,CUST_091,Starters,,5,1,5,12/23/2022,Digital Wallet
ORD_718842,CUST_046,Side Dishes,Side Salad,3,1,3,5/25/2023,Digital Wallet
ORD_387744,CUST_058,Side Dishes,Garlic Bread,4,5,20,11/7/2023,Digital Wallet
ORD_242484,CUST_059,Desserts,Cheesecake,7,5,35,5/15/2023,
ORD_527724,CUST_034,MAIN DISHES,Steak,20,4,80,1/28/2022,digital wallet
ORD_575037,CUST_039,Starters,,,2,8,3/4/2023,
ORD_651147,CUST_039,Drinks,Coca Cola,2.5,5 items,12.5,9/25/2023,Cash
ORD_878784,CUST_090,Drinks,Water,1,1,1,7/5/2023,Digital Wallet
ORD_829456,CUST_073,Desserts,Ice Cream,5,5,25,8/9/2022,Credit Card
ORD_961405,CUST_017,drinks,Lemonade,3,1,3,11/21/2022,Cash
ORD_445291,CUST_063,Side Dishes,Side Salad,3,3,9,6/6/2022,Digital Wallet
ORD_539982,CUST_037,Starters,French Fries,4,5,20,12/20/2022,Credit Card
ORD_797999,CUST_096,Drinks,,,2,5,2/12/2023,Digital Wallet
ORD_398812,CUST_028,Starters,Sweet Potato Fries,5,4,20,4/8/2022,Digital Wallet
ORD_830708,CUST_009,Starters,Beef Chili,,3,21,4/18/2023,
ORD_967166,CUST_041,Starters,,,,,3/20/2022,Credit Card
ORD_387937,CUST_029,Drinks,,,,,2/10/2022,
ORD_938402,CUST_003,Starters,Nachos Grande,10,5,50,10/9/2022,Credit Card
ORD_945147,CUST_042,Main Dishes,Grilled Chicken,15,three,45,1/28/2023,digital wallet
ORD_843444,CUST_041,Side Dishes,Grilled Vegetables,5,1,5,9/27/2022,Credit Card
ORD_245366,CUST_010,Drinks,,1,1,1,2/11/2022,
ORD_151475,CUST_015,Desserts,,,,,9/15/2022,Credit Card
ORD_653479,CUST_100,Drinks,,3,3,9,1/13/2023,Cash
ORD_138569,CUST_095,Starters,French Fries,4,5,,1/14/2023,Digital Wallet
ORD_992854,CUST_098,Drinks,Iced Tea,2.5,1,2.5,5/12/2022,Cash
ORD_724289,CUST_032,Main Dishes,Grilled Chicken,15,2,30,8/2/2023,
ORD_919421,CUST_063,Main Dishes,Grilled Chicken,15,4,60,7/25/2023,Digital Wallet
ORD_165727,CUST_078,Side Dishes,Grilled Vegetables,5,2,10,1/15/2023,Cash
ORD_329274,CUST_087,Starters,,5,,10,10/31/2022,Credit Card
ORD_324642,CUST_067,Main Dishes,Vegetarian Platter,14,5,70,5/30/2022,Credit Card
ORD_230561,CUST_085,Starters,Beef Chili,7,3,21,3/27/2023,Cash
ORD_635500,CUST_033,Desserts,Fruit Salad,4,4,16,2/3/2023,Cash
ORD_892855,CUST_025,Desserts,Cheesecake,7,5,35,8/18/2022,Cash
ORD_875771,CUST_004,Drinks,Coca Cola,2.5,3,7.5,12/27/2022,Cash
ORD_476060,CUST_001,desserts,Cheesecake,7,4,28,5/21/2022,Cash
ORD_397357,CUST_035,Main Dishes,,12,3,36,9/11/2022,Digital Wallet
ORD_994668,CUST_066,Desserts,Ice Cream,,5,25,10/9/2023,Digital Wallet
ORD_225616,CUST_064,Starters,Nachos Grande,10,2,20,5/25/2022,Credit Card
ORD_157736,CUST_079,Desserts,,4,3,12,9/4/2022,
ORD_125411,CUST_005,side dishes,Grilled Vegetables,5,2,10,7/22/2022,Digital Wallet
ORD_481651,CUST_063,Main Dishes,Pasta Alfredo,12,3,36,1/25/2022,Digital Wallet
ORD_361842,CUST_007,Side Dishes,Side Salad,3,1,3,9/25/2023,Credit Card
ORD_562128,CUST_001,Desserts,Chocolate Cake,6,2,12,3/2/2023,Cash
ORD_661107,CUST_033,Main Dishes,Pasta Alfredo,12,5,,9/15/2023,Credit Card
ORD_781229,CUST_044,Drinks,,2.5,4,10,9/8/2023,
ORD_961652,CUST_097,Desserts,Fruit Salad,4,3,12,8/7/2022,Cash
ORD_925326,CUST_004,Starters,French Fries,4,2,8,7/21/2023,Credit Card
ORD_427351,CUST_042,Desserts,Cheesecake,7,2,14,10/16/2022,
ORD_235997,CUST_089,Main Dishes,Steak,20,2,40,8/5/2023,Cash
ORD_638245,CUST_100,Desserts,Cheesecake,7,3,21,4/9/2022,Digital Wallet
ORD_752293,CUST_023,Main Dishes,Salmon,18,5,90,1/27/2022,cash 
ORD_530146,CUST_003,Starters,French Fries,4,2,8,3/14/2022,Credit Card
ORD_386729,CUST_004,Side Dishes,Grilled Vegetables,5,1,5,6/24/2023,Digital Wallet
ORD_743100,CUST_079,Side Dishes,Mashed Potatoes,4,1,4,4/7/2022,Digital Wallet
ORD_233765,CUST_049,Drinks,Orange Juice,3,3,9,3/2/2023,Credit Card
ORD_580371,CUST_020,Desserts,,5,2,10,4/7/2023,Credit Card
ORD_813046,CUST_099,Drinks,Water,1,5,5,11/20/2022,cash
ORD_268267,CUST_024,side dishes,Garlic Bread,4,3 items,12,5/1/2023,Cash
ORD_865428,CUST_067,Starters,Sweet Potato Fries,5,4,20,7/26/2022,Digital Wallet
ORD_460102,CUST_098,Side Dishes,Side Salad,3,1,3,1/23/2022,Digital Wallet
ORD_930167,CUST_084,Side Dishes,Mashed Potatoes,4,4,16,1/16/2022,Credit Card
ORD_973456,CUST_050,Starters,,,3,21,5/17/2023,Digital Wallet
ORD_769830,CUST_096,Desserts,Brownie,6,1,6,4/26/2022,cash
ORD_352600,CUST_061,Main Dishes,,15,1,15,11/7/2022,Credit Card
ORD_432163,CUST_012,Desserts,Cheesecake,7,4,28,10/19/2023,credit card
ORD_358099,CUST_058,DESSERTS,Cheesecake,7,4,28,12/3/2023,Credit Card
ORD_450366,CUST_070,Drinks,Lemonade,3,3,9,10/26/2023,Cash
ORD_476942,CUST_036,Starters,Sweet Potato Fries,5,3,15,4/14/2022,Credit Card
ORD_572626,CUST_069,Drinks,Coca Cola,2.5,2,5,6/2/2023,digital wallet
ORD_711615,CUST_049,Main  Dishes,Salmon,18,3,54,1/1/2023,Digital Wallet
ORD_304403,CUST_060,Drinks,Water,1,5,5,5/11/2022,Credit Card
ORD_362003,CUST_082,Side Dishes,Mashed Potatoes,4,4,16,12/18/2022,Credit Card
ORD_830946,CUST_075,Drinks,Water,1,3,3,10/23/2023,Credit Card
ORD_885089,CUST_071,Main Dishes,Pasta Alfredo,12.0$,1,12,10/20/2023,Credit Card
ORD_189138,CUST_013,Desserts,Chocolate Cake,6,2 items,12,8/14/2023,Digital Wallet
ORD_187735,CUST_001,Starters,,,,,8/5/2022,
ORD_100127,CUST_058,Main Dishes,Steak,20,5,100,7/31/2023,Cash
ORD_178926,CUST_004,Starters,,5,3,15,8/10/2023,Cash
ORD_379668,CUST_098,Drinks,Water,1,2,2,8/7/2022,Credit Card
ORD_684255,CUST_027,Side Dishes,Grilled Vegetables,5,1,5,12/30/2023,Cash
ORD_750393,CUST_047,Starters,Chicken Melt,8,1,8,9/14/2023,Cash
ORD_776388,CUST_055,Side Dishes,Onion Rings,5,4,20,10/22/2022,CASH
ORD_661383,CUST_018,Drinks,Water,1,3,3,6/30/2022,Digital Wallet
ORD_696418,CUST_099,Drinks ,Water,1,4,4,8/23/2023,Credit Card
ORD_343881,CUST_072,Starters,Cheese Fries,5,5,25,11/30/2023,Credit Card
ORD_735128,CUST_078,main dishes,Salmon,18,4,72,12/29/2023,Cash
ORD_826125,CUST_016,Starters,,5,3,15,10/26/2023,
ORD_482209,CUST_024,Starters,Cheese Fries,5,3,15,8/24/2023,Cash
ORD_431589,CUST_048,Drinks,,1,1,1,5/16/2023,Digital Wallet
ORD_373241,CUST_042,Main Dishes,Grilled Chicken,15,4,60,9/10/2023,e-wallet
ORD_771966,CUST_065,Main  Dishes,Steak,20,2,40,5/18/2023,Cash
ORD_278653,CUST_016,Main Dishes,Steak,20,5,100,7/13/2022,Digital Wallet
ORD_587585,CUST_037,Side Dishes,Mashed Potatoes,4.0$,3,12,1/15/2022,Cash
ORD_248462,CUST_003,SIDE DISHES,Side Salad,3,1,3,7/2/2022,Digital Wallet
ORD_844583,CUST_039,Starters,French Fries,,4,16,1/10/2023,Cash
ORD_451226,CUST_098,Starters,French Fries,4,3,12,6/2/2023,Cash
ORD_243160,CUST_036,Starters,Chicken Melt,8,3,24,3/21/2022,Credit Card
ORD_793532,CUST_076,Starters,Cheese Fries,5,1,5,1/2/2023,Digital Wallet
ORD_296620,CUST_018,Main Dishes,Steak,20,1,20,3/23/2022,Digital Wallet
ORD_507396,CUST_022,Side Dishes,Grilled Vegetables,5,3,15,1/2/2023,Credit Card
ORD_476434,CUST_043,Drinks,,1,2,2,10/1/2022,Digital Wallet
ORD_754504,CUST_014,Starters,Beef Chili,7,4,28,5/12/2022,Digital Wallet
ORD_660191,CUST_084,Main Dishes,,20,2,40,2/24/2022,Cash
ORD_135127,CUST_041,Side Dishes,Onion Rings,5,1,5,12/15/2022,Cash
ORD_988886,CUST_066,Main Dishes,Vegetarian Platter,14,3,42,1/17/2023,Credit Card
ORD_875244,CUST_056,Side Dishes,,5,,5,11/1/2023,Credit Card
ORD_606882,CUST_014,Starters,Cheese Fries,5,5,25,3/2/2022,
ORD_154008,CUST_089,Desserts,Ice Cream,5,1,5,4/20/2023,Credit Card
ORD_640072,CUST_046,Starters ,Sweet Potato Fries,5,2,10,4/25/2022,Cash
ORD_211051,CUST_080,Side Dishes,Side Salad,3,3,9,6/7/2023,Credit Card
ORD_457580,CUST_078,Starters,Chicken Melt,8,3,24,2/22/2023,Digital Wallet
ORD_441632,CUST_064,Desserts,Cheesecake,7,5,35,2/18/2022,Credit Card
ORD_121877,CUST_066,Main Dishes,Steak,20,4,,7/11/2022,Credit Card
ORD_947834,CUST_091,Desserts,Ice Cream,,3,15,6/5/2022,digital wallet
ORD_749517,CUST_015,Desserts,Chocolate Cake,6,1,6,11/10/2022,Digital Wallet
ORD_176763,CUST_074,Main Dishes,Pasta Alfredo,12,4,48,5/3/2022,Digital Wallet
ORD_250601,CUST_065,Main Dishes,,,,,7/11/2022,Cash
ORD_326963,CUST_098,Starters,Chicken Melt,8,5,40,3/6/2023,Digital Wallet
ORD_191437,CUST_088,Drinks,Orange Juice,3,3,9,5/14/2022,Cash
ORD_931932,CUST_052,Starters,,,1,4,12/22/2022,
ORD_923647,CUST_049,Desserts,Cheesecake,7,,28,1/11/2023,
ORD_881866,CUST_078,Main Dishes,Vegetarian Platter,14,5,70,12/2/2022,Cash
ORD_723878,CUST_066,Drinks,,1,5,5,10/4/2023,Credit Card
ORD_864502,CUST_085,Drinks,,1,,3,7/24/2023,e-wallet
ORD_989056,CUST_011, Starters,Chicken Melt,8,4 items,32,4/5/2023,Cash
ORD_244620,CUST_083,Drinks,Coca Cola,2.5,1,2.5,4/23/2022,Cash
ORD_546710,CUST_099,Starters,Nachos Grande,10,4,40,4/21/2022,Digital Wallet
ORD_406265,CUST_079,Main Dishes,Steak,20,2,,4/18/2022, Cash
ORD_130774,CUST_026,Starters,French Fries,4,4,16,11/27/2023,
ORD_913359,CUST_020,Side Dishes,Mashed Potatoes,4,2,8,8/2/2023,Credit Card
ORD_985386,CUST_087,Side Dishes,Side Salad,-3,5,15,9/17/2022,Cash
ORD_261776,CUST_058,Main Dishes,,,2,36,1/15/2023,
ORD_275378,CUST_041,Main Dishes,Salmon,18,1,18,6/12/2023,creditcard
ORD_792270,CUST_037,Starters,Sweet Potato Fries,5,2,10,3/20/2023,Digital Wallet
ORD_734983,CUST_034,Drinks,Orange Juice,,1,3,2/17/2022,Cash
ORD_207583,CUST_041,Side Dishes,Side Salad,3,1,3,3/17/2023,Credit Card
ORD_628225,CUST_026,Main Dishes,Grilled Chicken,15,4,60,7/30/2022,Cash
ORD_276360,CUST_092,Desserts,Ice Cream,5,2,10,9/24/2022,Digital Wallet
ORD_696112,CUST_086,SIDE DISHES,Mashed Potatoes,4,4,16,4/28/2022,Credit Card
ORD_141650,CUST_059,Drinks,,3,3,9,1/29/2023,Cash Payment
ORD_412260,CUST_021,Main dishes,Pasta Alfredo,12,5,60,2/21/2022,Cash
ORD_766622,CUST_003,Starters,Cheese Fries,5,1,5,3/4/2022,CASH
ORD_191247,CUST_026,Main Dishes,Grilled Chicken,15,2,30,7/6/2023,cash 
ORD_309418,CUST_100,Starters,Chicken Melt,8,2,,11/18/2023,Digital Wallet
ORD_100517,CUST_074,Starters,Chicken Melt,8,five,40,5/23/2023,Credit Card
ORD_933168,CUST_018,Main Dishes,Grilled Chicken,15,3,45,9/15/2022,Cash
ORD_754058,CUST_013,Starters,Chicken Melt,,4,32,4/9/2023,Credit Card
ORD_858053,CUST_040,Side Dishes,Garlic Bread,4,2,8,1/2/2023,Cash
ORD_563772,CUST_034,Side Dishes,,4,2,8,11/14/2023,Credit Card
ORD_957851,CUST_075,Drinks,Iced Tea,2.5,2,5,00/00/0000,Credit Card
ORD_161212,CUST_032,Drinks,Iced Tea,2.5,2,5,9/28/2023,Credit Card
ORD_805785,CUST_056,Side Dishes,Side Salad,3,4,12,7/2/2023,Digital Wallet
ORD_658283,CUST_048,Side Dishes,Side Salad,3,4,12,5/6/2023,Credit card 
ORD_569987,CUST_009,Drinks,Iced Tea,2.5,3,7.5,1/18/2023,Cash
ORD_721501,CUST_083,Desserts,,6.0$,4,24,1/20/2022,Credit Card
ORD_871659,CUST_043,Drinks,Coca Cola,2.5,3,7.5,6/3/2022,
ORD_482249,CUST_055,Drinks,Coca Cola,2.5,3,7.5,7/8/2023,Digital Wallet
ORD_162403,CUST_008,Side Dishes,Grilled Vegetables,5,5,25,1/3/2023,Credit Card
ORD_239564,CUST_034,Starters,Sweet Potato Fries,5,5,25,3/18/2023,e-wallet
ORD_228269,CUST_030,Starters ,Cheese Fries,5,4,20,1/5/2022,Cash
ORD_108970,CUST_005,Main Dishes,Salmon,18.0$,4,72,11/23/2023,Credit Card
ORD_212356,CUST_007,Side Dishes,,4,2,,9/29/2022,Cash
ORD_947234,CUST_042,Main Dishes,Pasta Alfredo,12,5,60,12/12/2022,Digital Wallet
ORD_997021,CUST_090,Side Dishes,Mashed Potatoes,4,5,20,4/11/2023,Digital Wallet
ORD_122339,CUST_068,Side dishes,Mashed Potatoes,4,1,4,1/29/2023,Digital Wallet
ORD_202285,CUST_081,Drinks,Water,1,3,3,5/15/2023,Credit Card
ORD_711632,CUST_093,Drinks,Coca Cola,2.5,1,2.5,6/6/2023,Credit Card
ORD_955956,CUST_018,Starters,Cheese Fries,5,2,10,6/10/2023,
ORD_586276,CUST_044,Starters,Sweet Potato Fries,5,1,5,2/23/2023,Digital Wallet
ORD_256528,CUST_024,Side Dishes,,,,,8/13/2022,Credit Card
ORD_564342,CUST_063,Side Dishes,Grilled Vegetables,5,5,25,12/11/2023, Digital Wallet
ORD_112374,CUST_064,Main Dishes,,12,,48,6/23/2022,Credit Card
ORD_757419,CUST_047,Drinks,Water,1,1,1,8/23/2022,Credit Card
ORD_320515,CUST_029,Drinks,,,,,12/21/2022,
ORD_712808,CUST_076,Desserts,Chocolate Cake,6,3,18,8/26/2022,Digital Wallet
ORD_549003,CUST_005,Main Dishes,Grilled Chicken,15,4,60,6/28/2022,Cash
ORD_782260,CUST_041,Side Dishes,Mashed Potatoes,4,5,20,6/2/2023,Digital Wallet
ORD_488412,CUST_059,Main Dishes,Salmon,18,2,36,5/30/2023,Credit Card
ORD_676494,CUST_063,Main Dishes,Salmon,18,5,90,4/9/2022,Credit Card
ORD_591297,CUST_034,Side Dishes,Garlic Bread,4,5,20,12/7/2022,Digital Wallet
ORD_646009,CUST_089,Starters,,10,4,,9/6/2022,Cash
ORD_815512,CUST_048,Side Dishes,Side Salad,3,3,9,11/15/2023,Cash
ORD_889953,CUST_036,Side Dishes,Mashed Potatoes,4,4,16,11/17/2022,
ORD_598178,CUST_048,MAIN DISHES,,,,,7/23/2022,Digital Wallet
ORD_674113,CUST_100,Desserts,Cheesecake,7,4,28,7/12/2022,Digital Wallet
ORD_570959,CUST_061,Starters,Cheese Fries,5,4,20,10/2/2022,Credit Card
ORD_222171,CUST_085,Drinks ,Lemonade,3,,9,5/26/2023,Digital Wallet
ORD_881114,CUST_031,Starters,Chicken Melt,8,,24,6/21/2022,Credit Card
ORD_881117,CUST_032,Drinks,Water,1,,2,11/19/2023,Credit Card
ORD_524861,CUST_010,Side Dishes,Mashed Potatoes,4,4,16,11/12/2023,Credit Card
ORD_728376,CUST_054,Main Dishes,Grilled Chicken,15,5,75,3/22/2022,
ORD_792836,CUST_069,Side Dishes,Onion Rings,5,1,5,5/3/2022,Credit Card
ORD_194468,CUST_076,Desserts,Fruit Salad,4,2,8,7/7/2023,Cash
ORD_842377,CUST_051,Starters,French Fries,4,4,16,2/5/2023,Credit Card
ORD_512669,CUST_005,Starters,Cheese Fries,5,2,10,10/20/2023,Credit Card
ORD_624131,CUST_014,Side Dishes,Onion Rings,,4,20,7/28/2022,Cash
ORD_351849,CUST_058,Side Dishes,Mashed Potatoes,4,4,,5/17/2022,Cash
ORD_367668,CUST_046,Drinks,Coca Cola,2.5,1,2.5,7/29/2023,Credit Card
ORD_181888,CUST_062,Main Dishes,Steak,20,5,100,9/16/2022,Cash
ORD_426392,CUST_061,Main Dishes,Grilled Chicken,15,4,60,6/20/2022,e-wallet
ORD_621188,CUST_060,Desserts,,4,1,4,7/10/2022,
ORD_379292,CUST_012,Side Dishes,,,,,11/12/2022,Cash
ORD_313027,CUST_045,main dishes,,12,3,36,9/18/2023,Digital Wallet
ORD_586249,CUST_038,Desserts,Chocolate Cake,6,5,30,12/7/2023,Credit Card
ORD_934606,CUST_023,Desserts,Ice Cream,5,5,25,7/3/2022,Cash
ORD_506624,CUST_038,Side Dishes,Side Salad,3,2,6,6/20/2022,Digital Wallet
ORD_800466,CUST_083,Drinks,Lemonade,3,4,12,10/11/2022,Credit card 
ORD_307905,CUST_008,Desserts,Chocolate Cake,6,1,6,6/17/2022,Cash
ORD_640063,CUST_029,Desserts,Fruit Salad,4,3,12,4/10/2022,Cash
ORD_793194,CUST_028,Drinks,Lemonade,3.0$,4,12,7/14/2022,Digital Wallet
ORD_144463,CUST_001,Desserts,Chocolate Cake,6,1,6,8/31/2023,Credit Card
ORD_877637,CUST_073,Side Dishes,Mashed Potatoes,4,3,12,4/26/2022,Cash
ORD_962154,CUST_037,Main Dishes,,,4,,6/24/2022,Cash
ORD_498214,CUST_074,Drinks,Coca Cola,2.5,5,12.5,7/23/2023,Cash
ORD_884081,CUST_004,Drinks,Coca Cola,2.5,4,10,5/24/2022,
ORD_937161,CUST_014,Desserts,Chocolate Cake,6,3,18,9/27/2022,
ORD_633869,CUST_094,Desserts,,,4,16,8/18/2023,Digital Wallet
ORD_487659,CUST_008,Drinks,Orange Juice,3,1,3,7/10/2022,creditcard
ORD_177847,CUST_066,Side Dishes,Mashed Potatoes,4,3,12,1/11/2022,Digital Wallet
ORD_672617,CUST_028,Main Dishes,Grilled Chicken,15,1,15,2/27/2022,Cash
ORD_984168,CUST_064,Side Dishes,Mashed Potatoes,4,4,16,5/2/2022,Credit Card
ORD_776885,CUST_006,Side Dishes,Side Salad,3,-3,9,9/21/2023,Cash
ORD_914621,CUST_076,Main Dishes,Grilled Chicken,15,2,30,11/21/2022,
ORD_245040,CUST_013,Desserts,,5,3,15,2/12/2023,Cash
ORD_760456,CUST_055,Desserts,Chocolate Cake,6,1,6,1/12/2022,Digital Wallet
ORD_733874,CUST_007,Main Dishes,Grilled Chicken,15,1,15,9/26/2022,Digital Wallet
ORD_663564,CUST_058,Main Dishes,Pasta Alfredo,,5,60,3/10/2022,Cash
ORD_883034,CUST_073,Main Dishes,Pasta Alfredo,12,,60,12/20/2023,Digital Wallet
ORD_604399,CUST_044,Drinks,Lemonade,3,2,6,2/6/2023,Digital Wallet
ORD_315977,CUST_067,Side Dishes,Grilled Vegetables,,,25,4/2/2022,
ORD_250210,CUST_050,Drinks,,,,,1/8/2023,Cash
ORD_767381,CUST_083,Starters,Chicken Melt,8,5,40,3/6/2023,Cash
ORD_989870,CUST_018,Side Dishes,,4,5,20,12/7/2022,Digital Wallet
ORD_504832,CUST_041,Desserts,Ice Cream,5,4,,6/24/2022,Cash
ORD_436996,CUST_076,Desserts,Ice Cream,5,4,20,9/8/2022,Credit Card
ORD_703473,CUST_019,Main Dishes,Grilled Chicken,-15,4,60,7/3/2023,Cash
ORD_266903,CUST_045,DESSERTS,Ice Cream,5,4,20,31-02-2023,Cash
ORD_988296,CUST_028,Drinks,,2.5,5,12.5,9/15/2022,
ORD_645517,CUST_060,Desserts,Chocolate Cake,6,2,12,3/11/2022,Credit Card
ORD_277369,CUST_004,Desserts,Brownie,6,2,12,5/13/2023,Cash
ORD_976563,CUST_090,Desserts,Fruit Salad,4,2,8,1/31/2022,Digital Wallet
ORD_761060,CUST_050,Main Dishes,,,,,8/11/2022,Digital Wallet
ORD_246855,CUST_096,Starters,,,3,15,7/18/2022,
ORD_762675,CUST_005,Side Dishes,Side Salad,3,1,3,12/17/2022,Cash
ORD_727410,CUST_049,Starters,French Fries,4,3,12,6/25/2022,Credit Card
ORD_888426,CUST_027,Starters,,,4,28,00/00/0000,Cash
ORD_805367,CUST_010,Side Dishes,Mashed Potatoes,4,4,16,2/16/2022,Cash
ORD_663739,CUST_031,Starters,Chicken Melt,8,1,8,7/19/2023,Digital Wallet
ORD_392429,CUST_063,Main Dishes,Pasta Alfredo,12,3,,11/13/2023,Digital Wallet
ORD_884789,CUST_031,Starters,Cheese Fries,5,1,5,11/11/2022,
ORD_987471,CUST_100,Side Dishes,,,,,2/12/2023,Digital Wallet
ORD_693624,CUST_084,Drinks,Water,1,4,4,3/17/2022,Credit Card
ORD_160776,CUST_003,Drinks,Coca Cola,2.5,3,7.5,7/12/2022,CREDIT CARD
ORD_470013,CUST_023,Drinks,Iced Tea,,5,12.5,1/12/2023,Cash
ORD_753545,CUST_010,Side Dishes,Mashed Potatoes,4,1,4,8/22/2022,Cash
ORD_913854,CUST_060,Starters,,8,5,40,3/27/2022,Cash
ORD_468523,CUST_084,Main Dishes,,14,5,70,5/6/2023,Credit Card
ORD_120044,CUST_006,Desserts,Chocolate Cake,,4,24,7/22/2023,Digital Wallet
ORD_468767,CUST_100,Side Dishes,Grilled Vegetables,5,4,20,8/26/2023,
ORD_806466,CUST_020,Drinks,Orange Juice,3,one,3,3/4/2022,Cash
ORD_255254,CUST_045,Main Dishes,,20,1,20,6/21/2022,Cash
ORD_642008,CUST_005,Main Dishes,,,,,7/21/2022,
ORD_916113,CUST_009,Main Dishes,Pasta Alfredo,12,1,12,6/30/2022,Cash
ORD_864406,CUST_072,Main Dishes,Vegetarian Platter,14,1,14,12/22/2023,Credit Card
ORD_546306,CUST_001,Main Dishes,Grilled Chicken,15,1,15,11/8/2023,Cash
ORD_473114,CUST_030,Desserts,,,1,,3/1/2023,Digital Wallet
ORD_680236,CUST_099,Main Dishes,Salmon,18,3,54,11/21/2022,Digital Wallet
ORD_757136,CUST_080,Desserts,Ice Cream,5,3,15,12/12/2022,Digital Wallet
ORD_927397,CUST_038,Side Dishes,Mashed Potatoes,4.0$,3,12,8/17/2023,Cash
ORD_327676,CUST_074,Side Dishes,Side Salad,3,3,9,1/28/2022,DIGITAL WALLET
ORD_791116,CUST_007,Desserts,Chocolate Cake,6,4,,5/3/2023,
ORD_720274,CUST_078,Side Dishes,Grilled Vegetables,5,5,25,6/21/2023,Cash
ORD_440425,CUST_025,Drinks,Coca Cola,2.5,5,12.5,8/21/2022,Credit Card
ORD_677217,CUST_048,Main Dishes,Pasta Alfredo,12,1,12,11/6/2023,Credit Card
ORD_150637,CUST_081,Main  Dishes,Grilled Chicken,15,5,75,6/18/2023,Credit Card
ORD_147683,CUST_003,Side Dishes,Side Salad,3,,9,2/6/2022,Cash
ORD_130459,CUST_045,Desserts,,6,3,18,10/27/2022,Cash
ORD_415511,CUST_038,Side Dishes,Side Salad,3,3,9,12/23/2023,Credit Card
ORD_438204,CUST_013,Side Dishes,Side Salad,,4,12,6/26/2023,Digital Wallet
ORD_830488,CUST_072,Side Dishes,,,3,12,6/2/2023,Digital Wallet
ORD_342103,CUST_067,Main Dishes,Pasta Alfredo,,1,12,10/6/2022,Digital Wallet
ORD_708630,CUST_081,Main Dishes,Pasta Alfredo,12,1,12,7/21/2023,
ORD_601353,CUST_028,Side Dishes,Grilled Vegetables,5,5,25,6/19/2023,
ORD_438637,CUST_019,Desserts,Ice Cream,5,4,20,9/29/2023,Credit Card
ORD_230684,CUST_023,Main Dishes,Pasta Alfredo,,5,60,1/19/2022,Digital Wallet
ORD_888328,CUST_003,Drinks,Lemonade,3,5,15,12/8/2023,Cash
ORD_831960,CUST_009,Drinks,Water,1,4,4,6/3/2022,Cash
ORD_331203,CUST_001,Desserts,Chocolate Cake,6,3,18,3/28/2023,Credit Card
ORD_786734,CUST_050,Desserts,Chocolate Cake,6,,18,10/16/2022,Credit Card
ORD_499008,CUST_090,Drinks,Lemonade,3,1,,4/20/2022,Digital Wallet
ORD_939949,CUST_072,Drinks,Water,1,1,1,9/5/2022,Digital Wallet
ORD_116433,CUST_012,Drinks,Iced Tea,2.5,3,7.5,2/17/2023,
ORD_311824,CUST_064,Side Dishes,Side Salad,3,1,3,5/1/2022,Cash
ORD_872487,CUST_017,Main Dishes,Steak,20.0$,5,100,11/1/2023,Credit Card
ORD_931804,CUST_005,drinks,Water,1,1,1,7/8/2023,Cash
ORD_581902,CUST_082,Starters,Beef Chili,7,5,35,3/31/2022,Cash Payment
ORD_307702,CUST_055,Main Dishes,Pasta Alfredo,12,5,60,4/6/2023,Cash
ORD_576763,CUST_026,Drinks,Coca Cola,2.5,1,2.5,5/20/2022,
ORD_170392,CUST_084,Starters,,7.0$,5,35,12/22/2023,
ORD_800094,CUST_048,Side Dishes,Side Salad,3,1,3,5/3/2023,Cash Payment
ORD_878322,CUST_092,Main Dishes,Pasta Alfredo,12,3,36,1/6/2023,Credit Card
ORD_859171,CUST_084,drinks,,1,4,4,11/5/2023,Digital Wallet
ORD_555643,CUST_004,Starters,Cheese Fries,5,2,10,10/28/2023,
ORD_844707,CUST_085,Main Dishes,Grilled Chicken,15,3,45,2/19/2023,Digital Wallet
ORD_395887,CUST_057,Drinks,Coca Cola,2.5,2,5,3/30/2023,Digital Wallet
ORD_404375,CUST_061,Desserts,Fruit Salad,4,4,16,2/24/2023,Credit Card
ORD_951408,CUST_007,Drinks,Water,1,1,1,8/23/2022,Digital Wallet
ORD_321125,CUST_085,Drinks,Lemonade,3,,15,1/27/2023,Digital Wallet
ORD_199912,CUST_040,Main Dishes,Pasta Alfredo,12,1,12,7/24/2022,Digital Wallet
ORD_755107,CUST_010,Drinks,,1,3,3,11/21/2022,Credit Card
ORD_381299,CUST_055,Starters,Cheese Fries,5,2,10,5/30/2023,Credit Card
ORD_332173,CUST_030,Main Dishes,Steak,20,5,100,2/17/2023,Cash
ORD_496176,CUST_079,Side Dishes,Side Salad,3,,6,8/12/2023,Cash
ORD_490325,CUST_082,Main Dishes,Grilled Chicken,15,5,75,2/22/2023,
ORD_201014,CUST_005,Desserts,Fruit Salad,4,2,,6/11/2022,Credit Card
ORD_937576,CUST_068,Desserts,Cheesecake,7,1,7,8/29/2022,Cash
ORD_820200,CUST_022,Side Dishes,Side Salad,3,2,6,9/2/2023,Cash
ORD_211448,CUST_059,Side Dishes,,,2,10,11/26/2023,Cash
ORD_173626,CUST_100,Desserts,Ice Cream,5.0$,2,10,6/14/2022,Cash
ORD_919669,CUST_019,Starters,French Fries,4,5,20,9/28/2022,Digital Wallet
ORD_563146,CUST_048,Drinks,Lemonade,3,4,12,5/25/2023,Cash
ORD_702385,CUST_091,Starters,French Fries,4,4,16,2/26/2023,Cash
ORD_963513,CUST_030,Main Dishes,Grilled Chicken,15,1,15,12/22/2022,Cash
ORD_359314,CUST_015,Desserts,Cheesecake,7,4,28,3/29/2022,Cash
ORD_711051,CUST_006,Side Dishes,Mashed Potatoes,4,1,4,9/18/2022,
ORD_553063,CUST_011,Drinks,Lemonade,3,5,15,3/25/2023,Credit Card
ORD_753899,CUST_021,Main Dishes,Vegetarian Platter,14,1,14,5/22/2022,Cash
ORD_910499,CUST_009,Side Dishes,,4,3,12,5/1/2022,Credit Card
ORD_384637,CUST_076,Side Dishes,Grilled Vegetables,5,1,5,12/18/2023,Cash
ORD_423834,CUST_036,Starters,,5,4,20,9/18/2022,Cash
ORD_829600,CUST_086,Desserts,Chocolate Cake,6,2,12,1/30/2023,Credit Card
ORD_824820,CUST_088,Desserts,Chocolate Cake,6,4,24,3/19/2023,Credit Card
ORD_917039,CUST_094,Drinks,Lemonade,3,2,6,4/25/2022,Credit Card
ORD_865637,CUST_044,Starters,French Fries,4,2,,9/24/2022,Cash
ORD_719955,CUST_019,Desserts,Fruit Salad,4,5,20,6/3/2023,
ORD_380173,CUST_057,Drinks,Orange Juice,3,3,9,7/15/2023,Digital Wallet
ORD_581739,CUST_093,Drinks,Water,1,5,5,10/3/2022,Credit Card
ORD_580709,CUST_067,Desserts,Brownie,6,2,12,10/16/2022,Digital Wallet
ORD_975168,CUST_060,Desserts,Brownie,6,4,24,9/11/2023,Cash
ORD_334891,CUST_097,Starters,French Fries,4,4,16,4/26/2023,Digital Wallet
ORD_232824,CUST_016,Main Dishes,,,3,54,10/6/2023,Cash
ORD_779317,CUST_039,Desserts,Ice Cream,,3,15,7/10/2023,Cash
ORD_259845,CUST_051,Desserts,Brownie,6,3,18,12/31/2023,Digital Wallet
ORD_339902,CUST_028,Side Dishes,Garlic Bread,4,five,20,4/21/2022,Credit Card
ORD_772911,CUST_030,Desserts,Ice Cream,5,,,4/5/2022,Digital Wallet
ORD_670844,CUST_055,Main Dishes,,12,5,60,3/6/2023,Digital Wallet
ORD_502505,CUST_020,Drinks,Water,1,2,2,7/31/2023,Digital Wallet
ORD_822556,CUST_084,Desserts,Ice Cream,5,5,,3/8/2022,Digital Wallet
ORD_727537,CUST_057,Desserts,Chocolate Cake,6,5,30,11/3/2022,CREDIT CARD
ORD_470168,CUST_064,Starters,,,5,35,4/25/2023,Cash
ORD_119480,CUST_015,Drinks,Water,1,5,5,9/30/2022,Credit Card
ORD_198973,CUST_059,Side dishes,Garlic Bread,4,4,16,5/31/2023,Cash
ORD_680003,CUST_082,Starters,Beef Chili,7,1,7,6/15/2023,Cash
ORD_818962,CUST_039,Starters,French Fries,4,5,20,6/12/2022,Digital Wallet
ORD_471607,CUST_022,Main Dishes,Vegetarian Platter,14,2,28,10/17/2023,Digital Wallet
ORD_292331,CUST_015,Drinks,,2.5,4,10,2/26/2023,
ORD_794099,CUST_045,Main Dishes,Steak,20,3,60,9/26/2022,Cash
ORD_208235,CUST_027,Main Dishes,,15,,45,11/7/2023,Credit Card
ORD_816094,CUST_060,Drinks,Water,1,2,2,6/28/2023,Credit Card
ORD_613884,CUST_052,Main Dishes,Vegetarian Platter,14,1,14,4/17/2023,Credit Card
ORD_987426,CUST_093,Side Dishes,Onion Rings,5,-2,10,9/12/2023,Digital Wallet
ORD_229780,CUST_074,Drinks,Orange Juice,3,4,12,2/28/2023,
ORD_790877,CUST_079,Desserts,Cheesecake,7,1,7,6/19/2023,Cash
ORD_364884,CUST_016, Starters,Sweet Potato Fries,5,5,25,2/17/2022,Credit Card
ORD_982544,CUST_009,Side Dishes,Mashed Potatoes,4,5,20,10/17/2023,Cash
ORD_536579,CUST_098,Desserts,,5,1,5,2/24/2022,
ORD_589576,CUST_092,Main Dishes,Vegetarian Platter,14.0$,2,,12/9/2023,Cash
ORD_407977,CUST_087,Main Dishes,Steak,,2,40,3/8/2023,Credit Card
ORD_770709,CUST_088,Main Dishes,Salmon,18,3,54,5/29/2023,Digital Wallet
ORD_233406,CUST_054,Main Dishes,Grilled Chicken,15,1,15,12/22/2023,CREDIT CARD
ORD_816844,CUST_036,Main Dishes,Grilled Chicken,15,5,75,3/14/2022,Cash
ORD_202399,CUST_044,Main dishes,,12,5,60,10/28/2023,
ORD_878631,CUST_050,Starters,Cheese Fries,5,,25,4/21/2023,Credit Card
ORD_493627,CUST_038,Starters,Beef Chili,7,1,7,10/20/2022,CASH
ORD_885654,CUST_079,Side Dishes,,5,4,20,1/13/2022,Credit Card
ORD_944816,CUST_075,Desserts,Brownie,6,3,18,2/18/2023,Credit Card
ORD_193989,CUST_071,Drinks,Orange Juice,3,4,12,11/15/2022,Digital Wallet
ORD_485382,CUST_036,Desserts,Fruit Salad,4,1,4,11/28/2023,Cash
ORD_880737,CUST_086,Side Dishes,Onion Rings,5,,20,4/26/2022,Credit Card
ORD_898116,CUST_036,Main Dishes,Pasta Alfredo,12,1,12,2/21/2023,Credit Card
ORD_101017,CUST_095,Main Dishes,,12,1,12,6/9/2023,Cash
ORD_597840,CUST_070,Starters,Chicken Melt,8,5,40,6/15/2022,Digital Wallet
ORD_733720,CUST_017,Starters,French Fries,4,2,8,6/25/2022,Cash
ORD_132443,CUST_089,Side Dishes,Side Salad,3,2,6,6/21/2022,Cash
ORD_528825,CUST_085,Side Dishes,Grilled Vegetables,5,1,5,10/2/2023,Cash
ORD_611457,CUST_098,Starters,French Fries,4,1,4,1/10/2023,Cash
ORD_421844,CUST_085,Side Dishes,Mashed Potatoes,4,5,20,7/9/2022,Credit Card
ORD_248906,CUST_056,Starters,Sweet Potato Fries,5,4,20,12/11/2022,Digital Wallet
ORD_978492,CUST_039,Drinks,Iced Tea,2.5,1,2.5,3/28/2023,Credit Card
ORD_188179,CUST_003,Starters,Cheese Fries,5,4,20,12/5/2022,Cash
ORD_500775,CUST_031,Desserts,Ice Cream,5,4,20,7/1/2022,Credit Card
ORD_647972,CUST_056,Desserts,,,,,10/30/2022,
ORD_876411,CUST_042,Main Dishes,Grilled Chicken,,1,15,7/5/2022,
ORD_401950,CUST_075,Main Dishes,Steak,,4,80,4/4/2023,Credit Card
ORD_212082,CUST_071,Desserts,Brownie,6,3,18,12/3/2022,Digital Wallet
ORD_348903,CUST_029,Desserts,Ice Cream,5,3,15,1/2/2023,Cash
ORD_577431,CUST_066,Drinks,,,4,4,7/29/2022,
ORD_170749,CUST_045,Desserts,Ice Cream,5,1,5,10/12/2023,Digital Wallet
ORD_252866,CUST_055,Side Dishes,Mashed Potatoes,4.0$,,,10/11/2022,
ORD_681585,CUST_064,Main Dishes,Pasta Alfredo,12,four,48,8/19/2022,Digital Wallet
ORD_737057,CUST_061,Starters,French Fries,4,4,16,6/18/2022,
ORD_780854,CUST_097,Side Dishes,Side Salad,3,3,9,10/1/2022,Digital Wallet
ORD_257679,CUST_041,Starters,French Fries,4,5,20,7/5/2023,Cash
ORD_592453,CUST_016,Side Dishes,Onion Rings,5,4,20,1/3/2023,Digital Wallet
ORD_865659,CUST_018,Drinks,Coca Cola,2.5,2,5,3/7/2023,Credit Card
ORD_546734,CUST_046,Main Dishes,Salmon,18,4,72,1/8/2022,Digital Wallet
ORD_691099,CUST_087,Main Dishes,Pasta Alfredo,12,2,24,8/24/2022,e-wallet
ORD_240405,CUST_010,Drinks,Iced Tea,2.5,2,5,10/25/2022,Credit Card
ORD_550789,CUST_014,drinks,Coca Cola,,5,12.5,9/11/2023,Credit Card
ORD_429456,CUST_078,Side Dishes,,3,3,9,4/20/2023,Cash
ORD_482539,CUST_048,starters,French Fries,4,5,20,2/24/2022,
ORD_763780,CUST_096,Starters,Beef Chili,7.0$,3,21,12/7/2023,Digital Wallet
ORD_957611,CUST_049,Desserts,Fruit Salad,4,2,8,abc,
ORD_503117,CUST_080,Desserts,Ice Cream,5,3,15,2/11/2023,Cash
ORD_945872,CUST_014,Desserts,Cheesecake,7,3,21,2/13/2023,Digital Wallet
ORD_597150,CUST_040,Side Dishes,Onion Rings,5,5,25,8/30/2023,Cash
ORD_819309,CUST_093, Starters,Cheese Fries,5,4,20,9/6/2023,Credit Card
ORD_641865,CUST_049,Drinks,,3,4,12,2/9/2022,Digital Wallet
ORD_176779,CUST_087,Side Dishes,Mashed Potatoes,4,1,4,3/10/2023,Digital Wallet
ORD_812966,CUST_087,Drinks,Water,1,1,1,2/24/2022,Cash
ORD_970490,CUST_046,Main Dishes,Pasta Alfredo,12,5,,9/2/2022,Digital Wallet
ORD_966868,CUST_097,Starters,Chicken Melt,8,5,40,11/20/2022,Cash
ORD_405488,CUST_006,Desserts,Ice Cream,5,3,15,6/10/2023,Digital Wallet
ORD_109881,CUST_089,Starters,,8,4,32,1/7/2022,
ORD_814317,CUST_100,Drinks,Water,1.0$,2,,8/29/2022,Credit Card
ORD_283207,CUST_090,Side Dishes,Side Salad,3,2,6,9/1/2023,DIGITAL WALLET
ORD_577619,CUST_069,Starters,French Fries,4,1,4,7/27/2022,Cash
ORD_931170,CUST_039,Main Dishes,Pasta Alfredo,12,4,48,9/11/2022,e-wallet
ORD_184098,CUST_025,Drinks,Iced Tea,2.5,2,5,6/9/2023,
ORD_346702,CUST_007,Side Dishes,Side Salad,3,1,3,8/7/2022,Digital Wallet
ORD_146074,CUST_040,Starters,Cheese Fries,5,3,15,7/3/2022,Cash
ORD_617931,CUST_009,Main Dishes,Vegetarian Platter,14,1,14,9/27/2023,Digital Wallet
ORD_835115,CUST_096,Desserts,Chocolate Cake,6,2,12,6/14/2023,Credit Card
ORD_669635,CUST_053,Main Dishes,Grilled Chicken,15,two,30,8/21/2023,Cash
ORD_733347,CUST_080,Desserts,Brownie,6,2,12,11/7/2022,Digital Wallet
ORD_530759,CUST_035,Desserts,Chocolate Cake,6,5,30,1/13/2022,Credit Card
ORD_487656,CUST_006,Drinks,Water,1,4,4,1/12/2023,Digital Wallet
ORD_728738,CUST_088,Desserts,Ice Cream,,5,,6/13/2022,
ORD_130401,CUST_033,Main Dishes,Salmon,18,4,72,12/11/2023,Credit Card
ORD_440204,CUST_093,Desserts,Ice Cream,5,2,10,8/6/2023,Digital Wallet
ORD_755779,CUST_089,Starters,Cheese Fries,5,5,25,6/30/2022,Cash
ORD_168045,CUST_054,Main Dishes,Vegetarian Platter,14,4,56,3/4/2022,Digital Wallet
ORD_978261,CUST_036,Starters,French Fries,4,3,12,10/1/2023,Credit Card
ORD_994962,CUST_059,Drinks,Coca Cola,2.5$,5 items,12.5,3/7/2023,
ORD_110843,CUST_011,Starters,Sweet Potato Fries,5,2,10,11/16/2022,Digital Wallet
ORD_141467,CUST_098,Starters,French Fries,4,3,12,4/6/2023,Cash
ORD_173306,CUST_075,Main Dishes,Grilled Chicken,-15,1,15,4/3/2022,Cash
ORD_647891,CUST_034,Side Dishes,Mashed Potatoes,4,1,4,5/8/2023,Cash
ORD_876490,CUST_088,Starters,Beef Chili,7,3,,10/7/2022,Digital Wallet
ORD_973782,CUST_037,Starters,Chicken Melt,8,,32,12/7/2022,Cash
ORD_142270,CUST_037,Side Dishes,Side Salad,3,5,15,6/8/2023,Credit Card
ORD_736110,CUST_099,main dishes,Grilled Chicken,15,,75,6/10/2023,Digital Wallet
ORD_741799,CUST_019,Main Dishes,Grilled Chicken,15,2,30,5/8/2023,Credit Card
ORD_163374,CUST_064,Main Dishes,Pasta Alfredo,12,1,12,7/22/2022,Digital Wallet
ORD_180498,CUST_041,Main Dishes,Grilled Chicken,15,1,15,8/14/2023,Digital Wallet
ORD_859313,CUST_081,Side Dishes,Side Salad,3,4,12,3/18/2023,Credit Card
ORD_385313,CUST_069,Desserts,Ice Cream,5,1,5,2/24/2023,Cash
ORD_806818,CUST_017,Starters,,8,2,16,9/17/2022,Credit Card
ORD_914763,CUST_024,Desserts,Ice Cream,5,5,25,1/26/2022,Credit Card
ORD_614084,CUST_082,Desserts,,,3,12,3/22/2023,
ORD_676484,CUST_030,Desserts,,5,2,10,9/29/2023,Cash
ORD_399738,CUST_094,Main  Dishes,,14,4,56,10/1/2022,
ORD_896599,CUST_022,Drinks,Water,1,5,5,00/00/0000,Digital Wallet
ORD_179119,CUST_040,Drinks,Orange Juice,3,4,,5/9/2023,
ORD_250055,CUST_029,Main Dishes,Pasta Alfredo,12,3,36,4/26/2022,Credit Card
ORD_444692,CUST_045,Side Dishes,Side Salad,,5,15,7/15/2022,Cash
ORD_155905,CUST_037,Desserts,Ice Cream,5,2,10,1/2/2022,Cash
ORD_528697,CUST_050,Desserts,Ice Cream,5,5,25,1/29/2022,Cash
ORD_309642,CUST_005,Main Dishes,Grilled Chicken,15,5,75,10/14/2023,Credit Card
ORD_970249,CUST_078,Drinks,,1,3,3,2/18/2022,credit card
ORD_331993,CUST_086,Starters,Cheese Fries,5,2,10,12/22/2023,Cash
ORD_675342,CUST_100,Side Dishes,Side Salad,3,2,6,4/15/2023,Credit Card
ORD_384203,CUST_048,Main Dishes,Pasta Alfredo,12,1,12,4/10/2022,Digital Wallet
ORD_779223,CUST_005,Desserts,Ice Cream,5,4,20,9/21/2023,Credit Card
ORD_995033,CUST_093,Side Dishes,,5,5,25,5/8/2023,
ORD_613449,CUST_010,Side Dishes,,5,4,20,1/22/2022,Cash
ORD_949286,CUST_073,Side Dishes,Mashed Potatoes,4,2,,4/11/2023,Cash
ORD_573689,CUST_093,Side Dishes,Grilled Vegetables,5,3,15,9/12/2023,Credit Card
ORD_494391,CUST_003,MAIN DISHES,Vegetarian Platter,14,,28,3/2/2022,Digital Wallet
ORD_985004,CUST_029,Desserts,Chocolate Cake,6,3,,2023/99/99, Cash
ORD_764332,CUST_037,Drinks,Water,1,2,2,8/4/2022,Digital Wallet
ORD_845743,CUST_073,Drinks,Orange Juice,3,5,15,4/11/2023,
ORD_511081,CUST_054,Side dishes,Side Salad,3,5,15,8/3/2023,Digital Wallet
ORD_410872,CUST_070,Main Dishes,Pasta Alfredo,12,5,60,7/13/2022,DIGITAL WALLET
ORD_706675,CUST_043,Starters,Sweet Potato Fries,5,3,15,3/8/2023,Credit Card
ORD_593761,CUST_084,Desserts,Chocolate Cake,6,1,6,4/21/2023,Cash
ORD_607646,CUST_098,side dishes,Onion Rings,5,5,25,10/22/2023,Credit Card
ORD_478546,CUST_025,Starters,Chicken Melt,8,2,16,11/6/2023,Cash
ORD_868480,CUST_099,Side Dishes,Side Salad,3,2,6,3/13/2023,
ORD_158450,CUST_052,Starters,Chicken Melt,8,1,8,11/20/2022,Cash
ORD_788798,CUST_043, Desserts,Chocolate Cake,6,4,24,4/24/2022,Digital Wallet
ORD_761672,CUST_039,Side Dishes,Mashed Potatoes,4,5,20,8/7/2022,Cash
ORD_817881,CUST_001,Starters,French Fries,4.0$,4,16,10/30/2022,Credit Card
ORD_277757,CUST_092,Side Dishes,Garlic Bread,4,3,12,12/26/2023,Cash
ORD_259800,CUST_057,Main Dishes,Grilled Chicken,15,1,15,1/2/2023,Cash
ORD_470179,CUST_028,Desserts,Ice Cream,5,3,15,1/28/2023,Credit Card
ORD_305934,CUST_015,Desserts,Chocolate Cake,6,5,30,not a date,Credit Card
ORD_690278,CUST_098,Drinks,Orange Juice,3,5,,8/30/2023,Credit Card
ORD_532681,CUST_043,DRINKS,Iced Tea,2.5,3,7.5,10/21/2022,CASH
ORD_206594,CUST_050,Desserts,Fruit Salad,4,4,16,4/19/2022,Credit Card
ORD_780813,CUST_042,Desserts,Cheesecake,7,5,35,7/30/2023,Cash
ORD_369388,CUST_025,Starters,Nachos Grande,10,1,10,6/14/2022,Cash
ORD_840049,CUST_062,Drinks,Iced Tea,2.5,1,2.5,3/24/2022,Credit Card
ORD_638976,CUST_047,Starters,French Fries,4,3,12,12/23/2022,Digital Wallet
ORD_401529,CUST_011,Desserts,Chocolate Cake,6,5,30,8/7/2022,Digital Wallet
ORD_961166,CUST_056,Drinks,,2.5,3,7.5,4/14/2023,Credit Card
ORD_431708,CUST_065,Desserts,Brownie,6,2,12,12/26/2023,Credit Card
ORD_444985,CUST_021,Main Dishes,Vegetarian Platter,,2,28,6/16/2022,Credit Card
ORD_861281,CUST_026,Desserts,Chocolate Cake,6,3,18,12/3/2023,Cash
ORD_921950,CUST_068,Drinks,Coca Cola,2.5,4,10,12/6/2023,Digital Wallet
ORD_109247,CUST_041,Drinks,Orange Juice,3,,9,12/12/2022,Cash
ORD_961596,CUST_096,Desserts,Fruit Salad,4.0$,5,20,7/28/2023,credit card
ORD_698415,CUST_082,Desserts,Brownie,6,2,12,11/17/2023,Cash
ORD_158666,CUST_041,Starters,Cheese Fries,5,4,20,5/3/2022,Cash
ORD_482151,CUST_054,Starters,Cheese Fries,5,3,15,2/1/2023,Digital Wallet
ORD_503384,CUST_085,Side Dishes,Side Salad,3,4,12,4/16/2022,Cash
ORD_574484,CUST_002,Desserts,Ice Cream,5,1,5,9/27/2022,
ORD_151065,CUST_023,Main Dishes,Steak,20,1,20,11/11/2023,Digital Wallet
ORD_127367,CUST_064,Drinks,Water,1,,4,4/11/2023,Cash
ORD_901950,CUST_026,Drinks,Water,1,4,4,3/31/2022,Cash
ORD_773379,CUST_015,Desserts,Chocolate Cake,6,5,30,8/28/2022,Credit Card
ORD_114057,CUST_076,Desserts,Ice Cream,5,5,25,5/8/2023,Credit Card
ORD_248540,CUST_065,Starters,Cheese Fries,5,five,25,10/1/2022,Digital Wallet
ORD_570998,CUST_045,Desserts,Ice Cream,5,3,15,2/6/2022,Credit Card
ORD_757854,CUST_095,Main Dishes,Grilled Chicken,15,3,,00/00/0000,
ORD_864446,CUST_074,Desserts,,6,2,12,10/2/2023,Cash
ORD_215362,CUST_091,Starters,French Fries,4,,20,3/25/2022,Credit Card
ORD_365613,CUST_074,Desserts,Brownie,6,5,30,6/29/2022,DIGITAL WALLET
ORD_942794,CUST_058, Starters,French Fries,4,3,12,10/19/2022,Credit Card
ORD_379286,CUST_057,Starters,Beef Chili,7,1,7,4/9/2022,Credit Card
ORD_648473,CUST_039,Drinks,Coca Cola,2.5,2,5,2/2/2023,Digital Wallet
ORD_819978,CUST_016,Drinks,Water,1,3,3,8/22/2022,Credit card 
ORD_710922,CUST_059,Desserts,Cheesecake,7,3,21,9/24/2022,Digital Wallet
ORD_816395,CUST_082,Desserts,Brownie,6,1,6,1/18/2023,Digital Wallet
ORD_455808,CUST_024,Desserts,Brownie,6,3,18,3/23/2022,
ORD_904301,CUST_002,Starters,Cheese Fries,5,4,20,8/9/2023,Credit Card
ORD_845729,CUST_018,Desserts,Ice Cream,5,3 items,15,10/24/2022,Digital Wallet
ORD_877787,CUST_075,Drinks,Water,1,5,5,12/12/2022,Credit Card
ORD_989053,CUST_053,Desserts,Cheesecake,7,3,21,12/1/2022,Credit Card
ORD_485536,CUST_048,MAIN DISHES,,15,three,45,11/11/2022,Credit Card
ORD_896975,CUST_028,Main Dishes,Grilled Chicken,15,3,45,5/21/2023,Credit Card
ORD_739641,CUST_047,Desserts,Ice Cream,5,2,10,abc,Digital Wallet
ORD_182935,CUST_077,Drinks,Coca Cola,2.5,2,5,3/15/2023,Credit Card
ORD_957001,CUST_053,desserts,Cheesecake,7,five,35,11/26/2023,Cash
ORD_105688,CUST_086,Drinks,Lemonade,3,1,3,1/11/2023,creditcard
ORD_618572,CUST_085,Starters,Sweet Potato Fries,5,3,15,9/6/2022,Digital Wallet
ORD_305594,CUST_071,Starters,Sweet Potato Fries,5.0$,2,10,4/1/2022,Cash
ORD_159253,CUST_025,Side Dishes,Side Salad,3,1,3,10/24/2022,Credit Card
ORD_387899,CUST_025,Drinks,Coca Cola,2.5,3,7.5,1/5/2022,
ORD_190126,CUST_059,Desserts,Chocolate Cake,6,,12,11/5/2023,Cash
ORD_509169,CUST_078,Main Dishes,Pasta Alfredo,12,4,48,7/4/2022,Cash
ORD_583155,CUST_080,Starters,,4,5,20,11/21/2023,Digital Wallet
ORD_200044,CUST_063,Main Dishes,Pasta Alfredo,12,1,12,6/8/2022,Credit Card
ORD_879561,CUST_001,Side Dishes,Mashed Potatoes,4,1,4,10/6/2023,Cash
ORD_554107,CUST_033,Main Dishes,Grilled Chicken,15,2,30,5/24/2022,Cash
ORD_250613,CUST_057,Side Dishes,Onion Rings,5,3,15,11/8/2023,Digital Wallet
ORD_329885,CUST_092,Side Dishes,,3,5,15,7/17/2022,Cash
ORD_499890,CUST_079,Main Dishes,Pasta Alfredo,12,1,12,8/6/2022,Credit Card
ORD_344749,CUST_072,Desserts,Chocolate Cake,6,2,12,5/1/2022,Digital Wallet
ORD_555006,CUST_033,Side Dishes,,3,3,9,5/29/2022,Credit Card
ORD_744593,CUST_033,Side Dishes,,3,4,12,4/22/2022,
ORD_887958,CUST_009,Drinks,Water,1,2,2,6/28/2022,Digital Wallet
ORD_717608,CUST_051,Drinks,Orange Juice,3,5,15,10/9/2023,Credit Card
ORD_984164,CUST_016,Main Dishes,,18,1,18,6/6/2023,Digital Wallet
ORD_879397,CUST_061,Side Dishes,Side Salad,3,1,3,3/25/2022,Digital Wallet
ORD_865652,CUST_008,Desserts,Fruit Salad,4,1,4,3/3/2022,Digital Wallet
ORD_337679,CUST_012,Desserts,,,5,25,11/28/2022,Digital Wallet
ORD_966283,CUST_025,Desserts,Fruit Salad,4,4,16,4/3/2022,Digital Wallet
ORD_264233,CUST_014,Main Dishes,Steak,20,1,20,1/10/2023,Digital Wallet
ORD_532687,CUST_073,Side Dishes,,4,1,4,not a date,Digital Wallet
ORD_301571,CUST_092,Desserts,Chocolate Cake,6,-3,18,3/24/2023,Credit Card
ORD_107744,CUST_097,Desserts,Brownie,6,2,12,10/10/2022,Digital Wallet
ORD_989400,CUST_051,Starters,Beef Chili,7,1,7,12/11/2022,Cash
ORD_964605,CUST_053,Side Dishes,Side Salad,3,1,3,8/7/2022,Cash
ORD_678286,CUST_032,Starters,,,4,32,3/20/2023,
ORD_313340,CUST_035,Main Dishes,Pasta Alfredo,,5,60,12/1/2023,credit card
ORD_179251,CUST_026,Starters,French Fries,4,1,4,4/4/2022,Credit Card
ORD_407175,CUST_063,Side Dishes,,3,2,6,7/26/2022,
ORD_988194,CUST_008,Starters,French Fries,4,2,8,10/29/2023,Credit Card
ORD_899430,CUST_059,Starters,Chicken Melt,8,2,16,8/2/2022,Cash
ORD_449710,CUST_049,Desserts,Ice Cream,5,4,20,2/10/2022,
ORD_517648,CUST_026,Starters,French Fries,4,3,12,8/5/2023,digital wallet
ORD_289195,CUST_091,Starters,Chicken Melt,8,3,24,9/9/2022,Credit Card
ORD_297835,CUST_015,Side Dishes,Mashed Potatoes,4,2,8,12/12/2022,Credit Card
ORD_332821,CUST_004,Drinks,Water,1,3,3,12/22/2023,Cash
ORD_423385,CUST_061,Main Dishes,Steak,20,2,40,3/9/2023,Credit Card
ORD_972240,CUST_042,Main Dishes,Vegetarian Platter,14,2,28,1/30/2023,Cash
ORD_764058,CUST_043,Main Dishes,Grilled Chicken,,3 items,45,5/21/2023,Digital Wallet
ORD_533305,CUST_097,Main Dishes,Grilled Chicken,15,,75,5/20/2022,Credit Card
ORD_445073,CUST_063,Desserts,Fruit Salad,4,1,4,1/31/2022, Digital Wallet
ORD_547569,CUST_009,Starters,French Fries,4,5,20,7/1/2022,Digital Wallet
ORD_823249,CUST_060,Desserts,Fruit Salad,4,5,20,8/31/2022, Digital Wallet
ORD_301938,CUST_082,Side Dishes,Mashed Potatoes,4,1,4,5/9/2023,Credit Card
ORD_482304,CUST_005,Side Dishes,Mashed Potatoes,4,2,8,2/12/2023,Cash
ORD_919917,CUST_028,Drinks,Coca Cola,2.5,4,10,3/31/2022,Digital Wallet
ORD_901424,CUST_048,Drinks,,3,4,12,12/11/2023,Digital Wallet
ORD_744452,CUST_087,Main Dishes,Steak,20,5,,5/4/2023,Credit Card
ORD_123059,CUST_047,Starters,Sweet Potato Fries,5,1,5,7/19/2023, Cash
ORD_357310,CUST_093,Desserts,Brownie,6,4,24,1/31/2022,Digital Wallet
ORD_441872,CUST_081,drinks,Orange Juice,3.0$,5,15,5/14/2022,CREDIT CARD
ORD_322817,CUST_037,side dishes,Onion Rings,5,4,20,11/13/2023,Cash
ORD_472340,CUST_037,Main Dishes,Salmon,18,2,36,1/29/2023,Credit Card
ORD_494426,CUST_069,Starters,,,,,11/15/2023,
ORD_994591,CUST_070,Starters,,,,,7/20/2022,Credit Card
ORD_122025,CUST_003,Main Dishes,Steak,20,1,20,3/9/2023,Cash
ORD_780026,CUST_059,DESSERTS,Brownie,6,2,12,6/16/2022,Digital Wallet
ORD_685294,CUST_086,Desserts,Fruit Salad,4,1,4,6/4/2022,
ORD_556163,CUST_092,Desserts,Fruit Salad,4,,12,11/1/2023,Cash
ORD_838798,CUST_097,Side Dishes,Side Salad,3,5,15,10/26/2022,
ORD_623413,CUST_014,Starters,,4,4,16,5/11/2023,Digital Wallet
ORD_974169,CUST_015,Main Dishes,Pasta Alfredo,12,1,12,12/5/2023,
ORD_856078,CUST_011,Desserts,Ice Cream,5,2,,11/15/2022,Digital Wallet
ORD_769234,CUST_084,Drinks,,2.5,1,2.5,4/1/2023,Digital Wallet
ORD_119139,CUST_075,Desserts,Chocolate Cake,6,1,6,6/13/2023,Credit Card
ORD_658472,CUST_091,Starters,,,4,40,1/4/2023,
ORD_356227,CUST_028,Side Dishes,Side Salad,3,,3,1/19/2023,Digital Wallet
ORD_213923,CUST_056,Main Dishes,Steak,20,4,,2/6/2022,
ORD_557341,CUST_062,Side Dishes,Side Salad,3,4,12,6/6/2022,Credit card 
ORD_926545,CUST_095,Desserts,Ice Cream,5,4,20,10/21/2023,Cash
ORD_145660,CUST_092,Drinks,Iced Tea,2.5,4,10,4/16/2022,Credit Card
ORD_880235,CUST_030,Main Dishes,Pasta Alfredo,12,3,36,8/1/2022,Credit Card
ORD_263102,CUST_020,Main Dishes,,14,,70,12/10/2022,Digital Wallet
ORD_470277,CUST_042,Side Dishes,Onion Rings,5,4,20,5/15/2023,Digital Wallet
ORD_121918,CUST_021,Starters,Beef Chili,7,2,14,not a date,Digital Wallet
ORD_599504,CUST_043,Main Dishes,Pasta Alfredo,12,1,12,8/14/2023,
ORD_730847,CUST_055,Side Dishes,Grilled Vegetables,5,2,10,10/21/2023,Credit Card
ORD_711232,CUST_062,Desserts,Chocolate Cake,6,4,24,3/3/2022,Digital Wallet
ORD_112856,CUST_055,Starters,Chicken Melt,8,1,8,10/18/2023,Cash
ORD_746767,CUST_037,Main Dishes,Grilled Chicken,15,3,45,5/6/2023,Digital Wallet
ORD_582762,CUST_044,Main Dishes,Pasta Alfredo,12,,36,10/20/2022,Cash
ORD_550129,CUST_086,Main Dishes,Steak,,1,20,4/24/2022,Credit Card
ORD_554218,CUST_068,Starters,Sweet Potato Fries,5,4,20,2/9/2023,Digital Wallet
ORD_711263,CUST_082,Side Dishes,Side Salad,3,2,,5/30/2022,Credit Card
ORD_381188,CUST_060,Side Dishes,Mashed Potatoes,4,4,16,3/8/2023,Credit card 
ORD_562215,CUST_039,Main Dishes,Salmon,18,1,18,1/13/2023,Cash
ORD_247763,CUST_085,Desserts,Ice Cream,5,5,25,8/29/2022,Credit Card
ORD_591712,CUST_022,Main Dishes,,,,,1/3/2022,
ORD_544909,CUST_079,Side Dishes,Onion Rings,,3,15,3/27/2022,CASH
ORD_627074,CUST_003,DRINKS,Water,1,5,5,8/3/2022,Credit Card
ORD_201762,CUST_095,Desserts,Ice Cream,5,5,25,8/13/2023,Digital Wallet
ORD_780341,CUST_069,main dishes,Pasta Alfredo,12,1,12,4/24/2023,Credit Card
ORD_577250,CUST_057,Starters,Sweet Potato Fries,5,1,5,3/16/2023,
ORD_539059,CUST_040,Desserts,Cheesecake,,2,14,3/25/2023,credit card
ORD_947390,CUST_029,Desserts,Ice Cream,5,4,20,8/7/2022,Digital Wallet
ORD_291266,CUST_017,Side Dishes,Grilled Vegetables,5,2,10,2/16/2023,Cash
ORD_303474,CUST_075,Starters,Chicken Melt,8,4,32,11/8/2022,Digital Wallet
ORD_883488,CUST_041,Desserts,,,,,4/13/2022,
ORD_948958,CUST_028,Drinks,Orange Juice,3,4,12,11/7/2023,Cash
ORD_744211,CUST_067,Main Dishes,Grilled Chicken,15,2,30,6/6/2023,Digital Wallet
ORD_263927,CUST_044,Desserts,Cheesecake,7,3,21,9/24/2023,Credit Card
ORD_222041,CUST_078,Desserts,,6,3,18,12/30/2023,Cash
ORD_314545,CUST_017,Desserts,Fruit Salad,4,5,20,8/13/2023,digital wallet
ORD_623220,CUST_019,Desserts,Ice Cream,5,3,15,11/10/2022,Digital Wallet
ORD_856811,CUST_024,Main Dishes,Salmon,18,1,18,12/13/2023,Cash
ORD_946917,CUST_041,Drinks,Water,1,2,2,9/27/2022,credit card
ORD_516128,CUST_017,Drinks,Water,1,1,1,9/9/2023,Cash
ORD_298720,CUST_011,Main Dishes,Steak,20,2,40,4/5/2023,Credit Card
ORD_681916,CUST_026,Desserts,Chocolate Cake,6,2,12,2/25/2023,Credit Card
ORD_139022,CUST_100,Main Dishes,Vegetarian Platter,14,1,14,4/20/2023,Digital Wallet
ORD_731122,CUST_052,Starters,Sweet Potato Fries,5,,10,1/16/2022,Cash
ORD_123420,CUST_011,Desserts,Chocolate Cake,6,1,6,8/21/2022,Digital Wallet
ORD_968714,CUST_027,Side Dishes,Side Salad,3,5,15,7/16/2023,Credit Card
ORD_927267,CUST_027,Starters,French Fries,4,5,20,7/7/2022,Cash
ORD_527547,CUST_071,Starters,Sweet Potato Fries,5,1,5,4/17/2023,Credit Card
ORD_509118,CUST_097,Drinks,Lemonade,3,2,6,12/10/2022,Cash
ORD_974545,CUST_008,Side Dishes,Grilled Vegetables,5,5,25,9/9/2023,Digital Wallet
ORD_503381,CUST_030,Starters,Cheese Fries,5,,10,3/30/2022,Credit Card
ORD_896904,CUST_089,Drinks,Orange Juice,3,4,12,10/24/2022,Cash
ORD_351278,CUST_037,Starters,French Fries,4,1,4,10/26/2023,Credit Card
ORD_762599,CUST_015,Side Dishes,Onion Rings,,5,25,5/4/2023,Digital Wallet
ORD_107625,CUST_032,Starters,Nachos Grande,10,1,10,5/11/2022,Credit Card
ORD_276186,CUST_039,Drinks,,,5,15,2/3/2023,
ORD_273949,CUST_099,Main Dishes,Grilled Chicken,15,-5,75,3/20/2023,Credit Card
ORD_944058,CUST_021,SIDE DISHES,Grilled Vegetables,5,2,10,11/14/2023,Cash
ORD_744424,CUST_084,Side Dishes,,3,3,9,11/20/2023,Digital Wallet
ORD_958317,CUST_050,Starters,Beef Chili,7,4,28,7/28/2022,Credit Card
ORD_360294,CUST_066,Side Dishes,Mashed Potatoes,4,3,12,3/12/2022,Credit Card
ORD_859268,CUST_051,Drinks,Water,1,,5,12/4/2022,Credit Card
ORD_322110,CUST_049,Side Dishes,Mashed Potatoes,4,1,4,4/8/2022,Digital Wallet
ORD_535538,CUST_020,Drinks,,2.5,1 items,2.5,11/19/2022,Cash
ORD_814644,CUST_012,Desserts,Cheesecake,7,4,28,6/4/2022,Digital Wallet
ORD_585138,CUST_006,Main dishes,Steak,20,,40,7/18/2023,Credit Card
ORD_101294,CUST_080,Drinks,Coca Cola,2.5,2,5,11/18/2022,
ORD_315675,CUST_052,Drinks,Coca Cola,2.5,1,2.5,8/25/2023,Credit Card
ORD_719069,CUST_022,Main Dishes,Pasta Alfredo,12,3,36,9/24/2023,credit card
ORD_619012,CUST_055,Starters,,4,1,4,10/1/2022,
ORD_431224,CUST_063,Starters,Cheese Fries,5,5,25,11/1/2022,Credit Card
ORD_638888,CUST_063,Main Dishes,Salmon,18,5,90,8/22/2023,Credit Card
ORD_383516,CUST_011,Starters,Nachos Grande,10,,40,9/15/2022,Cash
ORD_971508,CUST_037,Drinks,Lemonade,3,,15,8/14/2023,Credit Card
ORD_455866,CUST_092,Drinks,,3,2,6,5/6/2022,
ORD_203217,CUST_046,Starters,French Fries,4,1,4,7/19/2022,Cash
ORD_255208,CUST_050,Starters,Sweet Potato Fries,,,25,3/29/2023,Digital Wallet
ORD_708967,CUST_004,Drinks,Coca Cola,2.5,1,2.5,7/16/2023,Cash
ORD_839265,CUST_088,Desserts,Cheesecake,7,1,7,12/18/2022,Digital Wallet
ORD_995430,CUST_017,Starters,Beef Chili,7,5,35,7/11/2022,Credit Card
ORD_366585,CUST_022,Side Dishes,Mashed Potatoes,4,-4,16,2022-13-05,Credit Card
ORD_296414,CUST_032,DESSERTS,Chocolate Cake,6,3,18,6/28/2022,Credit Card
ORD_569190,CUST_095,Main Dishes,Grilled Chicken,15,5,75,10/6/2023,Cash
ORD_705303,CUST_001,Starters,,7,5,35,3/25/2023,Cash Payment
ORD_760237,CUST_032,Desserts,Ice Cream,5,3,15,00/00/0000,Digital Wallet
ORD_923292,CUST_083,Drinks,Water,1,1,1,2/10/2022,Credit Card
ORD_618396,CUST_017,Main Dishes,Pasta Alfredo,12,4,48,11/15/2022,Digital Wallet
ORD_382565,CUST_069,Starters,French Fries,4,2,8,8/8/2023,Cash
ORD_296177,CUST_018,Desserts,,5,3,15,1/6/2022,Credit Card
ORD_991881,CUST_082,Side Dishes,Side Salad,3,3,9,6/23/2022,Digital Wallet
ORD_309853,CUST_085,Side Dishes,,4,4,16,3/17/2023,Credit Card
ORD_535859,CUST_080,Starters,French Fries,4,2,8,3/14/2023,Digital Wallet
ORD_231437,CUST_023,Drinks,Coca Cola,2.5,4,10,1/13/2022,Cash
ORD_445394,CUST_041,Desserts,,6,5,30,5/2/2022,Credit Card
ORD_695671,CUST_094,Side Dishes,Side Salad,3,1,3,12/8/2022,Cash
ORD_287549,CUST_045,Desserts,Chocolate Cake,6,4,24,8/28/2022,Digital Wallet
ORD_118464,CUST_049,Desserts,,6,2,12,5/20/2023,
ORD_644630,CUST_064,Starters,French Fries,4,3,12,9/19/2023,Digital Wallet
ORD_675190,CUST_098,Side Dishes,Side Salad,3,5,15,6/23/2022,Digital Wallet
ORD_395375,CUST_074,Main Dishes,,15,1,15,12/20/2023,Credit Card
ORD_534030,CUST_001,Side Dishes,Grilled Vegetables,5,3,15,3/13/2023,Digital Wallet
ORD_302130,CUST_061,Side Dishes,Mashed Potatoes,4,2,,4/1/2023,Cash
ORD_741491,CUST_059,Side Dishes,,3,3 items,9,2/11/2023,Digital Wallet
ORD_672977,CUST_073,Side Dishes,Mashed Potatoes,4,1,4,10/22/2023,Credit Card
ORD_146120,CUST_093,Starters,Cheese Fries,5,5,25,3/28/2022,Cash
ORD_781777,CUST_089,Main Dishes,Pasta Alfredo,12,4,48,5/29/2022,Cash
ORD_937371,CUST_079,Starters,,10,5,50,3/13/2022,
ORD_283387,CUST_025,Side Dishes,Side Salad,3,1,3,1/25/2023,Digital Wallet
ORD_759159,CUST_011,Main Dishes,Grilled Chicken,15,1,15,10/17/2023,Cash
ORD_438438,CUST_020,Drinks,,3,2,6,8/11/2023,
ORD_280268,CUST_080,Starters,,5,1,5,7/20/2023,Digital Wallet
ORD_198721,CUST_056,Drinks,Iced Tea,2.5,two,5,11/27/2022,Credit Card
ORD_122956,CUST_047,Side Dishes,Garlic Bread,4,2,8,12/16/2022,
ORD_131591,CUST_001,Side Dishes,Garlic Bread,4,3,12,4/17/2023,Credit Card
ORD_490302,CUST_097,Main Dishes,Pasta Alfredo,12,3,36,10/29/2023,Cash
ORD_224266,CUST_074,Main Dishes,Grilled Chicken,15,3,45,12/16/2022,Cash
ORD_674602,CUST_038,Side Dishes,Side Salad,3,1,3,5/4/2023,Cash
ORD_350356,CUST_084,main dishes,Grilled Chicken,15,1,15,11/7/2022,Digital Wallet
ORD_515178,CUST_060,Desserts,Ice Cream,5,5,25,1/29/2022,Digital Wallet
ORD_603795,CUST_082,Main Dishes,Pasta Alfredo,12,4,48,11/27/2022,Cash
ORD_517126,CUST_071,DRINKS,Coca Cola,2.5,3,7.5,2/16/2023,Cash
ORD_608023,CUST_072,Side Dishes,Onion Rings,5,1,5,3/3/2023,Credit Card
ORD_706788,CUST_006,Main Dishes,Vegetarian Platter,14,3,42,6/17/2022,Digital Wallet
ORD_462079,CUST_003,Main Dishes,Grilled Chicken,15,5,75,8/26/2022,Credit Card
ORD_453510,CUST_097,Starters,French Fries,4,5,20,5/15/2023,
ORD_694667,CUST_017,Starters,Beef Chili,7,4,28,3/8/2023,Credit Card
ORD_813312,CUST_066,Side Dishes,Mashed Potatoes,4,-4,16,2/4/2022,Credit Card
ORD_916837,CUST_099,Desserts,Fruit Salad,4,5,20,8/7/2022,Cash
ORD_451782,CUST_086,Side Dishes,Garlic Bread,4,3,12,3/27/2023,Digital Wallet
ORD_401982,CUST_016,Main Dishes,Pasta Alfredo,12,2,24,2/6/2023,Credit Card
ORD_211477,CUST_041,Drinks,Lemonade,3,2,6,5/9/2022,Cash
ORD_514854,CUST_060,Drinks,Orange Juice,3,2,6,6/1/2023,creditcard
ORD_563553,CUST_044,Main Dishes,,,,,7/20/2022,Digital Wallet
ORD_499159,CUST_057,Starters,Beef Chili,7,2,14,11/6/2023,Cash
ORD_766531,CUST_051,Desserts,Fruit Salad,4,2,8,12/4/2023,Digital Wallet
ORD_893283,CUST_058,Starters,Beef Chili,7,4,28,4/21/2022,Credit Card
ORD_876823,CUST_021,Drinks,Iced Tea,2.5,3,7.5,8/4/2022,Credit Card
ORD_678837,CUST_066,Drinks,Coca Cola,2.5,,5,11/2/2023,Credit Card
ORD_140788,CUST_075,Main Dishes,Pasta Alfredo,12,5,60,12/3/2023,Cash
ORD_333782,CUST_073,Drinks,Coca Cola,2.5,1 items,2.5,10/14/2023,
ORD_744111,CUST_044,Starters,,7,1,7,5/12/2023,Cash
ORD_982383,CUST_098,Main Dishes,Grilled Chicken,15,5,75,9/19/2022,
ORD_612057,CUST_026,Desserts,Ice Cream,5,2,10,12/5/2022,Digital Wallet
ORD_374147,CUST_042,Side Dishes,Grilled Vegetables,5,1,5,11/28/2022,Cash
ORD_610527,CUST_085,Drinks,Coca Cola,2.5,1,2.5,3/6/2023,
ORD_816530,CUST_034,Desserts,Fruit Salad,4,4,16,2/27/2022,Cash
ORD_859936,CUST_044,Drinks,Water,1.0$,,3,7/20/2023,Digital Wallet
ORD_629764,CUST_043,Main Dishes,Grilled Chicken,15,4,60,1/2/2022,Cash
ORD_675823,CUST_012,Desserts,Brownie,6,,30,12/12/2023,Cash
ORD_146631,CUST_038,Drinks,Coca Cola,2.5,5,12.5,2/14/2022,Cash
ORD_254818,CUST_011,Side Dishes,Grilled Vegetables,5,4,20,11/3/2023,Digital Wallet
ORD_607377,CUST_056,Main Dishes,Steak,20,1,20,8/17/2022,Cash
ORD_601483,CUST_001,Desserts,Brownie,6,4,24,12/8/2022,Credit Card
ORD_948053,CUST_048,Side Dishes,Mashed Potatoes,4,1,4,12/18/2023,Cash
ORD_341026,CUST_017,Main Dishes,Grilled Chicken,15,2,30,abc,Cash
ORD_998633,CUST_048,Main Dishes,Grilled Chicken,15,5,75,7/24/2023,Digital Wallet
ORD_361057,CUST_051,Desserts,Chocolate Cake,6,3,18,9/22/2022,Credit Card
ORD_610458,CUST_081,Starters,Beef Chili,7,,14,1/23/2022,cash
ORD_195347,CUST_063,Main Dishes,Grilled Chicken,15,5,,2/22/2023,Cash
ORD_822792,CUST_096,Desserts,Chocolate Cake,6,2,12,5/29/2022,credit card
ORD_875532,CUST_060,Side Dishes,Side Salad,3,5,15,1/28/2022,Credit Card
ORD_689811,CUST_042,Starters,Nachos Grande,10,3,30,4/3/2023,Credit Card
ORD_733267,CUST_007,Starters,French Fries,4,2,8,8/20/2023,Credit card 
ORD_556581,CUST_089,Side Dishes,Mashed Potatoes,4,5,20,6/15/2022,Cash
ORD_777915,CUST_018,Desserts,Chocolate Cake,6,,24,2/27/2023,Digital Wallet
ORD_350064,CUST_056,Desserts,Brownie,6,3,18,10/17/2023,Digital Wallet
ORD_811138,CUST_075,Drinks,Iced Tea,2.5,5,12.5,12/10/2023,Cash
ORD_263078,CUST_022,Side Dishes,Side Salad,3,2,6,2/1/2022,Cash
ORD_715128,CUST_066,Starters,French Fries,4,4,16,9/27/2022,creditcard
ORD_535479,CUST_008,Desserts,,,2,12,3/14/2023,
ORD_265706,CUST_021,Drinks,Water,1,1,1,10/2/2023,
ORD_646386,CUST_069,Starters,Chicken Melt,8,1,8,6/8/2022,cash 
ORD_716324,CUST_080,Starters,Sweet Potato Fries,5,2,10,3/26/2023,Digital Wallet
ORD_503820,CUST_044,Starters,Chicken Melt,8,2,16,8/6/2023,
ORD_824150,CUST_011,Main Dishes,Grilled Chicken,15,4,60,6/28/2022,Digital Wallet
ORD_364801,CUST_016,Starters,,5,1,5,4/25/2022,Digital Wallet
ORD_151107,CUST_048,Main Dishes,Steak,20,4,80,7/21/2022,Cash
ORD_414140,CUST_031,Desserts,Chocolate Cake,6,2,12,5/20/2023,Credit Card
ORD_923980,CUST_046,Side Dishes,,,,,8/24/2023,
ORD_761290,CUST_031,Starters,French Fries,4,1,4,6/12/2023,Credit Card
ORD_892430,CUST_055,Desserts,,nan$,,,6/2/2023,
ORD_226105,CUST_048,Main Dishes,,,5,60,1/10/2023,
ORD_141406,CUST_002,Desserts,Cheesecake,7,4,28,9/5/2023,Credit Card
ORD_528717,CUST_010,Desserts,Cheesecake,7,3,21,7/23/2023,
ORD_510005,CUST_040,Desserts,Chocolate Cake,6,3,18,4/27/2022,Digital Wallet
ORD_196825,CUST_055,Main Dishes,Steak,,4,80,4/12/2022,cash 
ORD_782349,CUST_033,Starters,,5,4,20,9/17/2022,Credit Card
ORD_972953,CUST_047,Main Dishes,Vegetarian Platter,14,5,70,2023/99/99,Credit Card
ORD_667729,CUST_002,Desserts,Chocolate Cake,6,2,12,2/7/2022,Cash
ORD_350012,CUST_066,Starters,French Fries,4,2,8,6/17/2023,Credit Card
ORD_581390,CUST_094,Drinks,Iced Tea,2.5,five,12.5,5/12/2023,Credit Card
ORD_867145,CUST_004,Starters,French Fries,4,1,4,1/7/2022,Credit Card
ORD_401980,CUST_048,Desserts,Cheesecake,7,4,28,5/25/2022,Cash
ORD_813864,CUST_081,Side dishes,Side Salad,3,5,15,4/8/2022, Cash
ORD_452846,CUST_030,Main Dishes,Grilled Chicken,15,1,15,12/18/2023,Cash
ORD_161923,CUST_079,Starters,Cheese Fries,5,2,10,3/21/2022,
ORD_420448,CUST_017,Starters,Beef Chili,7,2,14,5/11/2023,Cash
ORD_627003,CUST_030,Main dishes,Vegetarian Platter,14,3,42,7/1/2023,Digital Wallet
ORD_749779,CUST_086,Desserts,Ice Cream,5,3,15,4/29/2022,Digital Wallet
ORD_455253,CUST_095,Side Dishes,Mashed Potatoes,4,5,20,8/4/2023,Cash
ORD_566154,CUST_094,Desserts,Brownie,6,1,6,2/7/2022,Cash
ORD_667908,CUST_073,Drinks,Lemonade,3,3,9,7/3/2022,Digital Wallet
ORD_811422,CUST_083,Main Dishes,Vegetarian Platter,14,1,14,11/7/2022,Cash
ORD_265252,CUST_050,Starters,,,3,24,8/19/2022,Credit Card
ORD_224235,CUST_036,Drinks,Water,1,5,5,3/19/2022,digital wallet
ORD_646798,CUST_044,Desserts,Ice Cream,5,2,10,1/7/2023,Credit Card
ORD_764922,CUST_004,Side Dishes,Mashed Potatoes,,4,16,11/6/2022,Cash
ORD_121127,CUST_009,side dishes,Onion Rings,5.0$,3,15,7/16/2023,Credit Card
ORD_242945,CUST_004,Drinks,Water,,5,,2/26/2023,
ORD_615860,CUST_033,Starters,Sweet Potato Fries,5,3,15,10/23/2023,Credit Card
ORD_647822,CUST_097,Drinks,Orange Juice,3,4,12,8/30/2023,Digital Wallet
ORD_422402,CUST_086,Main Dishes,Salmon,18,2,36,11/14/2023,Credit Card
ORD_495850,CUST_017,Main Dishes,Steak,20,4,80,4/24/2023,
ORD_428151,CUST_068,Main Dishes,Steak,20,2,40,6/2/2023,Credit Card
ORD_356897,CUST_046,Desserts,Fruit Salad,4,5,20,3/6/2022,Cash
ORD_155182,CUST_036,Drinks,Lemonade,3,3,9,2/16/2022,Credit Card
ORD_298690,CUST_054,Main Dishes,Pasta Alfredo,,1,12,12/31/2023,Cash
ORD_217119,CUST_043,STARTERS,Chicken Melt,8,3,24,2/1/2022,Digital Wallet
ORD_734890,CUST_070,Desserts,,,,,5/4/2023,Credit Card
ORD_335227,CUST_014,Starters,Cheese Fries,5,2,,12/18/2022,Cash
ORD_215119,CUST_086,Drinks,Water,1,2,2,2/27/2023,Digital Wallet
ORD_807603,CUST_050,Starters,French Fries,4,3,12,8/5/2022,Credit Card
ORD_906345,CUST_049,Desserts,Cheesecake,7,5,35,12/2/2023,Credit Card
ORD_404394,CUST_091,Side Dishes,Garlic Bread,4,3,12,3/24/2022,Cash
ORD_855440,CUST_100,Desserts,Chocolate Cake,6,4,24,12/3/2022,Cash
ORD_432281,CUST_032,Side Dishes,Grilled Vegetables,5,4,20,2/17/2022,Credit Card
ORD_421366,CUST_083,Side Dishes,Side Salad,3,3,9,5/10/2022,Credit Card
ORD_173892,CUST_014,Desserts,Cheesecake,7,4,28,11/5/2023,Cash
ORD_430032,CUST_037,Desserts,,5,4,20,1/15/2022,Credit Card
ORD_867952,CUST_045,Drinks,Iced Tea,2.5,4,10,1/25/2022,creditcard
ORD_479957,CUST_092,Side Dishes,Mashed Potatoes,4,3,12,8/2/2023,Digital Wallet
ORD_811174,CUST_025,Desserts,Chocolate Cake,6,5,30,3/11/2023,Cash
ORD_470930,CUST_096,Side Dishes,Side Salad,3,4,12,10/7/2023,Credit Card
ORD_471738,CUST_015,Desserts,Cheesecake,7,4,28,6/15/2022,Credit Card
ORD_960591,CUST_092,Desserts,Ice Cream,5,3,15,2/5/2022,Digital Wallet
ORD_344012,CUST_073,Side Dishes,Side Salad,3,1,3,7/2/2022,Credit Card
ORD_110753,CUST_090,Side Dishes,,5,2,10,8/1/2023,Digital Wallet
ORD_848947,CUST_061,Main Dishes,,12,5,60,1/11/2023,
ORD_435013,CUST_032,Side Dishes,Grilled Vegetables,5,2,10,6/23/2023,Credit Card
ORD_713789,CUST_086,Drinks,,1,2,2,9/4/2022,Credit Card
ORD_648218,CUST_020,Drinks,,3,3,9,3/25/2022,credit card
ORD_894183,CUST_098,Starters,,,four,,12/10/2022,
ORD_117091,CUST_088,Main Dishes,Grilled Chicken,15,-5,75,3/19/2023,Credit Card
ORD_507878,CUST_084,Starters,Sweet Potato Fries,5,4,20,8/14/2022,Credit Card
ORD_111741,CUST_098,Side Dishes,Side Salad,3,5,15,11/5/2023,Cash
ORD_654335,CUST_049,Main Dishes,,,,,12/10/2022,Credit Card
ORD_477271,CUST_043,Starters,Cheese Fries,5,2,10,9/9/2022,Digital Wallet
ORD_442551,CUST_035,Desserts,Ice Cream,5,4,20,9/2/2023,Digital Wallet
ORD_928544,CUST_089,Main Dishes,Pasta Alfredo,12,2,24,9/1/2023,Credit Card
ORD_375781,CUST_066,Starters,French Fries,4,1,,4/3/2022,Credit Card
ORD_800119,CUST_034,Main Dishes,Pasta Alfredo,12,2,24,12/19/2022,Digital Wallet
ORD_687385,CUST_023,Drinks,Coca Cola,2.5,4,10,9/5/2022,Credit Card
ORD_143973,CUST_002,Main Dishes,Pasta Alfredo,12,3,36,2/20/2022,Digital Wallet
ORD_375814,CUST_068,Drinks,Water,1.0$,4,4,11/28/2022,Credit card 
ORD_928220,CUST_070,desserts,Ice Cream,5,5,25,9/17/2022,Cash
ORD_473397,CUST_036,Starters,Chicken Melt,8,2,16,4/20/2022,Digital Wallet
ORD_900549,CUST_047,Main Dishes,Salmon,18,2,36,4/25/2023,e-wallet
ORD_771035,CUST_086,Starters,Cheese Fries,5,4,20,11/3/2022,Digital Wallet
ORD_325206,CUST_083,Desserts,Ice Cream,5,4,20,8/1/2023,
ORD_928345,CUST_084,Desserts,,5,4,20,5/18/2023,Credit Card
ORD_578659,CUST_066,Side Dishes,,,,,2/18/2022,Digital Wallet
ORD_838867,CUST_049,Starters,French Fries,4,,12,3/10/2022,creditcard
ORD_642702,CUST_082,Desserts,Brownie,6,2,12,6/22/2023,Credit Card
ORD_450583,CUST_010,Side Dishes,Mashed Potatoes,4,3,12,9/13/2022,Cash
ORD_178607,CUST_062,Side Dishes,Side Salad,3,5,15,7/5/2022,Digital Wallet
ORD_522318,CUST_063,Main Dishes,Grilled Chicken,15,2,30,4/15/2023,Credit Card
ORD_593067,CUST_039, Starters,French Fries,4,5,20,12/4/2022,Digital Wallet
ORD_792803,CUST_042,Drinks,Coca Cola,2.5,5,12.5,2/4/2022,Cash
ORD_226830,CUST_027,Desserts,Fruit Salad,4,,20,9/17/2023,Cash
ORD_101159,CUST_069,Drinks,Water,1,4,4,11/23/2023,Cash
ORD_435236,CUST_091,Side Dishes,Side Salad,3,2,6,8/1/2022,Digital Wallet
ORD_897012,CUST_004,Side Dishes,,5,5,25,4/13/2022,Digital Wallet
ORD_909088,CUST_031,Drinks,,2.5,3,7.5,7/15/2022,Credit Card
ORD_555452,CUST_042,Main Dishes,Pasta Alfredo,,3,36,7/6/2022,
ORD_428200,CUST_098,Drinks,Coca Cola,2.5,1,2.5,1/24/2022,
ORD_140945,CUST_040,Starters,,,,,4/5/2023,Credit Card
ORD_191534,CUST_053,DRINKS,Coca Cola,2.5,2,5,6/26/2022,Cash
ORD_387967,CUST_092,Starters,Beef Chili,7,3,21,1/28/2022,Digital Wallet
ORD_984373,CUST_036,drinks,Coca Cola,2.5,3,7.5,2/1/2023,Credit Card
ORD_218502,CUST_040,Desserts,Ice Cream,5,4,20,9/23/2022, Digital Wallet
ORD_334433,CUST_019,Main Dishes,Pasta Alfredo,12,4,48,7/23/2022,Digital Wallet
ORD_127010,CUST_033,STARTERS,Cheese Fries,5,1,5,2/10/2023,Digital Wallet
ORD_112224,CUST_087,Desserts,Brownie,6,4,,9/5/2022,Credit Card
ORD_235915,CUST_075, Starters,French Fries,,4,16,3/26/2023,Digital Wallet
ORD_337363,CUST_054,Main Dishes,Pasta Alfredo,12,3,36,5/24/2023,Digital Wallet
ORD_893035,CUST_026,MAIN DISHES,Steak,20,-3,60,4/7/2023,Credit Card
ORD_165541,CUST_008,Desserts,Cheesecake,7,4,28,12/15/2023,Digital Wallet
ORD_287292,CUST_090,Drinks,Iced Tea,2.5,2,,9/4/2023,
ORD_937698,CUST_089,Main Dishes,Grilled Chicken,15,1,15,8/12/2023,
ORD_919061,CUST_087,Main Dishes,Salmon,18,3,54,1/20/2022,Cash
ORD_499483,CUST_065,Main Dishes,Steak,20,3,60,8/29/2023,Digital Wallet
ORD_431444,CUST_086,Side Dishes,Side Salad,3,1,3,1/19/2022,
ORD_547955,CUST_068,Main Dishes,Pasta Alfredo,12.0$,4,48,10/31/2023,Digital Wallet
ORD_810268,CUST_089,Drinks,Water,1,1,1,9/1/2023,Digital Wallet
ORD_439861,CUST_004,DRINKS,Orange Juice,3,1,3,11/19/2022,Cash
ORD_644256,CUST_083,Side Dishes,Garlic Bread,4,3,12,9/21/2022,
ORD_652032,CUST_004,Desserts,Cheesecake,7,4,28,2/19/2023,e-wallet
ORD_308245,CUST_047,Starters,French Fries,4,3,12,11/4/2023,Credit Card
ORD_217820,CUST_036,Starters,Nachos Grande,10,4,40,6/24/2023,Cash
ORD_472583,CUST_074,Desserts,Chocolate Cake,,3,18,2/9/2022,Cash
ORD_199523,CUST_062,Main Dishes,Grilled Chicken,15,5,75,12/22/2023,Digital Wallet
ORD_171495,CUST_022,Main Dishes,Grilled Chicken,15,5,75,8/12/2022,Digital Wallet
ORD_168819,CUST_060,Desserts,Ice Cream,5,,5,12/23/2022,Credit Card
ORD_482464,CUST_096,starters,Cheese Fries,5,3,15,11/13/2022,Credit Card
ORD_100983,CUST_072,Side Dishes,Mashed Potatoes,4,4,16,4/24/2022,Digital Wallet
ORD_965963,CUST_086,Main Dishes,,18,1,18,3/25/2022,Credit Card
ORD_488150,CUST_037,Drinks,Coca Cola,2.5,2,5,1/21/2022,
ORD_756867,CUST_031,Desserts,Ice Cream,5,2,10,9/28/2023,Cash
ORD_511748,CUST_022,Side Dishes,Side Salad,3,4,12,7/29/2022,Cash
ORD_142774,CUST_009,Side dishes,Grilled Vegetables,5,1,5,7/10/2023,Credit Card
ORD_774247,CUST_026,Main Dishes,Grilled Chicken,15,3,45,6/16/2022,Credit Card
ORD_433983,CUST_033,Main Dishes,Steak,20,1,20,3/28/2023,Cash
ORD_124558,CUST_070,Main Dishes,Grilled Chicken,15,3,45,4/15/2023,Digital Wallet
ORD_307999,CUST_068,Starters,French Fries,4,1,4,11/9/2023, Digital Wallet
ORD_346301,CUST_066,Drinks,Coca Cola,2.5,,12.5,10/29/2023,Digital Wallet
ORD_496500,CUST_051,Desserts,Cheesecake,7,,14,5/9/2022,Cash
ORD_253747,CUST_072,Starters,Sweet Potato Fries,5,3,15,1/5/2023,Cash
ORD_180301,CUST_028,Main Dishes,,,4,56,7/3/2022,Cash
ORD_684110,CUST_012,Drinks,Lemonade,,3,9,2/14/2023,Cash
ORD_954106,CUST_036,Desserts,,4,2,8,7/23/2023,Digital Wallet
ORD_275578,CUST_026,Main Dishes,Salmon,18,3,54,6/11/2023,Cash
ORD_316436,CUST_012,Side Dishes,,5,4,20,6/27/2022,
ORD_476085,CUST_005,Side Dishes,Side Salad,3,3,9,3/23/2023,Digital Wallet
ORD_957985,CUST_032,Main Dishes,Steak,20,4,80,10/28/2022,Credit Card
ORD_263164,CUST_005,Side Dishes,Garlic Bread,4,1,4,6/18/2022,Cash
ORD_564882,CUST_061,Drinks,,,4,12,6/28/2022,Credit Card
ORD_399212,CUST_073,Main Dishes,Grilled Chicken,15,5,75,2/24/2022,Credit Card
ORD_672837,CUST_024,Side Dishes,Mashed Potatoes,,4,16,1/8/2023,
ORD_306310,CUST_020,Desserts,Chocolate Cake,6,5,30,2/14/2023,Credit Card
ORD_224281,CUST_096,Desserts,Cheesecake,7,2,14,12/7/2023,Credit Card
ORD_374821,CUST_060,Drinks,Iced Tea,2.5,2,5,6/3/2023,Digital Wallet
ORD_191123,CUST_096,Desserts,Ice Cream,5,2,10,6/1/2022,Cash
ORD_430017,CUST_072,Desserts,Ice Cream,5,4,20,11/9/2022,Digital Wallet
ORD_959879,CUST_004,Main Dishes,Grilled Chicken,15,5,,5/15/2023,Cash
ORD_633616,CUST_016,Starters,,5,1,5,8/15/2023,Digital Wallet
ORD_331589,CUST_027,Starters,Cheese Fries,5,5,25,1/15/2023,Digital Wallet
ORD_881020,CUST_081,Desserts,Ice Cream,5,1,5,2023/99/99,Digital Wallet
ORD_592663,CUST_055,Main Dishes,Salmon,18,4,72,8/13/2022,Cash
ORD_502168,CUST_070,Main Dishes,,18,5,90,2/25/2022,Credit Card
ORD_467157,CUST_099,Drinks,,,,,11/30/2023,
ORD_391442,CUST_090,Desserts,Chocolate Cake,6,3,18,12/2/2023,Digital Wallet
ORD_827678,CUST_029,Starters,Cheese Fries,5,3,15,1/9/2022,CREDIT CARD
ORD_340999,CUST_095,Starters,Beef Chili,7.0$,3,21,1/30/2022,Cash
ORD_242424,CUST_049,Starters,Cheese Fries,5,3,15,3/23/2023,Digital Wallet
ORD_311174,CUST_082,Main Dishes,,15.0$,5,75,9/4/2023,Cash
ORD_651568,CUST_083,Drinks,Water,1,5,5,6/26/2023,Credit Card
ORD_542561,CUST_032,Main Dishes,,12,4,48,10/2/2022,Digital Wallet
ORD_258129,CUST_029,Main Dishes,Grilled Chicken,15,4,60,1/3/2023,Digital Wallet
ORD_891444,CUST_043,Drinks,Orange Juice,3,3,9,8/8/2022,Cash
ORD_639121,CUST_043,Drinks,Coca Cola,2.5,5,12.5,11/22/2023,Cash
ORD_144924,CUST_020,Main Dishes,Steak,20,5,,8/1/2022,Cash
ORD_150258,CUST_091,Main Dishes,Pasta Alfredo,12,2,24,10/4/2022,Digital Wallet
ORD_983109,CUST_046,Main Dishes,,15.0$,,75,4/25/2023,Cash
ORD_658084,CUST_083,Drinks,Orange Juice,3,four,12,8/10/2022,Credit Card
ORD_451337,CUST_098,Main Dishes,Steak,20,5,100,2/18/2023,
ORD_180026,CUST_035,SIDE DISHES,Side Salad,3,2 items,6,9/5/2023,Credit Card
ORD_495555,CUST_057,Main Dishes,Pasta Alfredo,12,4,48,11/22/2023,Credit Card
ORD_369982,CUST_054,Main Dishes,,20,3,60,9/27/2023,Cash
ORD_502465,CUST_046,Side Dishes,Side Salad,3,5,15,10/27/2023,Credit Card
ORD_275967,CUST_028,Drinks,,2.5,2,5,9/4/2023,Cash
ORD_989481,CUST_040,Drinks,Water,1,4,4,8/11/2022,Digital Wallet
ORD_213059,CUST_075,Main Dishes,Steak,-20,3,60,12/7/2023,Credit Card
ORD_296627,CUST_070,Starters,,,3,21,3/18/2022,Digital Wallet
ORD_960762,CUST_051,Drinks,Orange Juice,3,2,6,3/4/2022,Credit Card
ORD_346738,CUST_077,Drinks,Coca Cola,2.5,1,2.5,9/29/2023,Digital Wallet
ORD_357723,CUST_031,Starters,Chicken Melt,8,5,40,8/31/2023,
ORD_190751,CUST_024,Main Dishes,Grilled Chicken,,5,75,11/25/2022,Digital Wallet
ORD_584831,CUST_081,Drinks,Orange Juice,3,5,15,1/4/2022,Digital Wallet
ORD_678747,CUST_051,Side Dishes,Grilled Vegetables,5,2,10,6/26/2023,Digital Wallet
ORD_776509,CUST_072,Starters,Cheese Fries,5,2,,4/1/2022,Credit Card
ORD_186914,CUST_064,Drinks,Water,1,1,1,8/1/2022,
ORD_828822,CUST_016,Starters,French Fries,4,1,4,11/9/2022,
ORD_381783,CUST_045,Desserts,Chocolate Cake,6,1,,9/15/2022,Digital Wallet
ORD_971091,CUST_040,Starters,Beef Chili,7.0$,3,21,8/1/2022,Cash
ORD_182131,CUST_096,Starters,French Fries,,2,8,5/22/2023,Digital Wallet
ORD_410090,CUST_061,Desserts,Ice Cream,5,1,5,12/28/2022,Digital Wallet
ORD_506002,CUST_069,Side Dishes,Grilled Vegetables,5,5,,8/7/2022,Credit Card
ORD_334720,CUST_026,Side Dishes,Side Salad,3,3,9,1/14/2022,Digital Wallet
ORD_171344,CUST_026,Main Dishes,Pasta Alfredo,12,five,60,6/20/2023,Digital Wallet
ORD_566055,CUST_068,Starters,Sweet Potato Fries,5,1,5,11/19/2022,Credit Card
ORD_135745,CUST_027,Main Dishes,Steak,20,5,100,1/23/2022,Credit Card
ORD_627559,CUST_079,Side Dishes,Side Salad,3,3,9,4/23/2022,Digital Wallet
ORD_856692,CUST_049,Main Dishes,Pasta Alfredo,12,1,12,10/29/2022,Digital Wallet
ORD_349803,CUST_011,Main Dishes,Steak,20,4,80,1/29/2023,Digital Wallet
ORD_466803,CUST_039,Main Dishes,,,,,10/27/2022,
ORD_131888,CUST_001,Drinks,Orange Juice,3,1,3,4/5/2022,Cash
ORD_450846,CUST_022,Main Dishes,Pasta Alfredo,12,4,48,4/24/2022,Credit Card
ORD_897120,CUST_059,Desserts,Ice Cream,5,3,15,11/3/2023,Credit Card
ORD_301446,CUST_012,Side Dishes,Side Salad,3,1,3,4/2/2023,Credit Card
ORD_480639,CUST_075,Desserts,Cheesecake,7,1,7,2/27/2023, Digital Wallet
ORD_957982,CUST_090,Main Dishes,,12,5,60,4/6/2023,Cash
ORD_124932,CUST_095,Starters,Chicken Melt,8,4,32,11/30/2022,Digital Wallet
ORD_217666,CUST_057,Side Dishes,Side Salad,,1,3,5/15/2023,Cash
ORD_868727,CUST_100,desserts,Ice Cream,5,3,15,5/18/2023,Cash
ORD_574831,CUST_088,Main dishes,Steak,20,5,100,1/24/2022,Credit Card
ORD_476418,CUST_010,Side Dishes,Garlic Bread,4,2,8,8/17/2023,Cash
ORD_322810,CUST_011,Side Dishes,Garlic Bread,4,3,12,6/12/2022,Credit Card
ORD_786993,CUST_081,Drinks,Coca Cola,2.5,5,12.5,6/26/2022,Digital Wallet
ORD_300241,CUST_040,starters,Chicken Melt,8,4,32,7/29/2023,Credit Card
ORD_993793,CUST_090,Starters,Cheese Fries,,5,25,9/22/2022,Credit Card
ORD_807671,CUST_046,Side Dishes,Grilled Vegetables,5,5,25,3/5/2022,Digital Wallet
ORD_463758,CUST_035,Side Dishes,Mashed Potatoes,4,4,16,2/22/2023,Cash
ORD_263877,CUST_069,Main Dishes,Steak,20,1,20,1/25/2023,
ORD_542737,CUST_021,Desserts,Chocolate Cake,6,3,18,1/9/2023,Credit Card
ORD_877792,CUST_078,Drinks,Orange Juice,3,5,15,7/23/2023,Digital Wallet
ORD_132493,CUST_011,Side Dishes,Mashed Potatoes,4,3,12,2/3/2022,Digital Wallet
ORD_870320,CUST_016,Starters,Cheese Fries,5,5,25,5/30/2022,Digital Wallet
ORD_411845,CUST_044,Side Dishes,Garlic Bread,4,4,16,10/10/2022,
ORD_374628,CUST_013,Side Dishes,Garlic Bread,4,3,12,1/22/2023,Digital Wallet
ORD_865921,CUST_055,Side Dishes,,5,5,25,11/1/2023,
ORD_654242,CUST_092,Side Dishes,Grilled Vegetables,5,4,20,1/11/2022,Credit Card
ORD_414740,CUST_040,Starters,French Fries,4,5,20,6/29/2022,
ORD_796904,CUST_070,Starters,,8,4,32,10/28/2022,Credit Card
ORD_313772,CUST_019,Side Dishes,Grilled Vegetables,5,1,5,8/10/2022,Credit Card
ORD_655664,CUST_042,Side Dishes,Mashed Potatoes,4,4,16,5/21/2022,Credit Card
ORD_272488,CUST_018,Starters,Cheese Fries,5,3,15,4/25/2022,Digital Wallet
ORD_400330,CUST_010,Main Dishes,Salmon,,5,90,12/15/2023,Digital Wallet
ORD_173598,CUST_065,Main Dishes,Steak,20,5,100,4/1/2022,Digital Wallet
ORD_819972,CUST_092,Drinks,Water,,,3,6/22/2022,
ORD_852517,CUST_011,Starters,Sweet Potato Fries,5,5,25,5/15/2022,Digital Wallet
ORD_290895,CUST_026,Side Dishes,,3,5,15,3/21/2023,Digital Wallet
ORD_151370,CUST_092,DRINKS,Lemonade,3,2,6,7/8/2022,
ORD_964779,CUST_001,Desserts,Ice Cream,5,4,20,6/25/2022,Cash
ORD_416902,CUST_061,Desserts,Cheesecake,7,3,21,3/27/2023,Credit Card
ORD_312037,CUST_020,Drinks,Orange Juice,3,2 items,6,3/8/2022,Cash
ORD_901526,CUST_020,Side Dishes,Grilled Vegetables,5,five,25,12/9/2023,Credit Card
ORD_133714,CUST_078,Main Dishes,Pasta Alfredo,12,4,48,4/1/2023,CASH
ORD_825918,CUST_043,Side Dishes,Grilled Vegetables,5,5,25,6/25/2023,Cash
ORD_550012,CUST_081,drinks,Water,1,4,4,3/15/2023,Credit Card
ORD_514112,CUST_051,Desserts,Chocolate Cake,6,2,12,7/1/2023,CASH
ORD_974144,CUST_018,Desserts,Fruit Salad,4,4,16,4/6/2023,Cash
ORD_990777,CUST_100,Drinks,Water,1,3,3,3/24/2022,DIGITAL WALLET
ORD_569335,CUST_094,Main Dishes,Pasta Alfredo,12,3,36,3/1/2022,Credit Card
ORD_118646,CUST_012,Main dishes,Salmon,18,1,18,9/25/2023,Digital Wallet
ORD_595820,CUST_065,Desserts,Ice Cream,5,5,25,12/17/2022,Credit Card
ORD_705796,CUST_059,Drinks,,,3,9,7/13/2022,Credit Card
ORD_823123,CUST_073,Main Dishes,Steak,20,1,20,8/8/2023,Cash
ORD_493897,CUST_011,Starters,Chicken Melt,8,2,16,9/17/2023,creditcard
ORD_352710,CUST_032,Desserts,Chocolate Cake,6,4,24,2/23/2023,Cash
ORD_524856,CUST_021,Drinks,Water,1,,4,12/8/2023,Credit Card
ORD_613687,CUST_033,Starters,French Fries,4,2,8,7/28/2023,Credit Card
ORD_549341,CUST_029,Main Dishes,,,4,48,8/6/2022,
ORD_220088,CUST_089,Drinks,Orange Juice,3,1,3,12/8/2022,Cash
ORD_399549,CUST_070,Starters,Sweet Potato Fries,5,3,15,6/19/2023,
ORD_991582,CUST_073,Starters,Beef Chili,7,1,7,1/17/2023,Digital Wallet
ORD_528312,CUST_023,Desserts,Ice Cream,5,3,15,not a date,Credit Card
ORD_371414,CUST_095,Drinks,Coca Cola,2.5,4,10,10/19/2023,Credit Card
ORD_702367,CUST_003,Desserts,Fruit Salad,4,1,4,3/14/2023,Digital Wallet
ORD_221854,CUST_046,Drinks,,3,4,12,4/1/2022,
ORD_349710,CUST_066,Starters,French Fries,4,,20,12/31/2023,Cash
ORD_560993,CUST_031,Side Dishes,Mashed Potatoes,4,4,16,4/11/2023,Cash
ORD_204602,CUST_070,Drinks,Water,1,4,4,8/8/2022, Digital Wallet
ORD_564729,CUST_051,Starters,,10,4,40,11/28/2022,
ORD_122545,CUST_066,Side Dishes,Grilled Vegetables,5,1,5,7/15/2023,Cash
ORD_796961,CUST_010,Main Dishes,Vegetarian Platter,14,3,42,3/19/2023,Digital Wallet
ORD_505265,CUST_078,Starters,French Fries,-4,5,20,10/18/2023,Cash
ORD_440799,CUST_066,Drinks,Coca Cola,2.5,5,12.5,5/9/2023,Cash
ORD_271815,CUST_096,Main Dishes,Vegetarian Platter,14,2,28,6/8/2022,Credit Card
ORD_431220,CUST_096,Desserts,Ice Cream,5,5,25,1/8/2023,Digital Wallet
ORD_155944,CUST_073,Side Dishes,Onion Rings,5,3,15,6/8/2023,Digital Wallet
ORD_939089,CUST_020,Desserts,Chocolate Cake,6,5,30,1/1/2023,Credit Card
ORD_822385,CUST_036,Starters,Sweet Potato Fries,5,1,5,5/27/2022,Digital Wallet
ORD_203452,CUST_049,Side Dishes,Mashed Potatoes,4,5,20,5/9/2022,Digital Wallet
ORD_140824,CUST_064,Desserts,Ice Cream,5,2,10,6/9/2022,Digital Wallet
ORD_571055,CUST_008,Side Dishes,Side Salad,3,5,15,10/13/2023,
ORD_566789,CUST_016,Side Dishes,Mashed Potatoes,4,4,16,11/27/2022,Credit Card
ORD_757231,CUST_066,Drinks,Lemonade,3,1,3,6/26/2023,cash
ORD_485724,CUST_024,drinks,Coca Cola,2.5,4,10,6/8/2022,Cash
ORD_252079,CUST_041,Starters,Sweet Potato Fries,5,,,1/4/2023,Cash
ORD_715442,CUST_062,Side dishes,Mashed Potatoes,4,1,4,10/20/2022,Cash
ORD_486525,CUST_050,Starters,Beef Chili,7,2,14,5/26/2022,Cash
ORD_588224,CUST_029,Side Dishes,,,,,8/7/2022,Cash
ORD_724853,CUST_007,Desserts,Chocolate Cake,6,5,30,7/28/2023,Cash Payment
ORD_911482,CUST_027,Side Dishes,Side Salad,3,1,3,10/9/2023,Cash
ORD_763204,CUST_041,Main Dishes,Salmon,18,1,18,7/16/2022,Credit Card
ORD_842711,CUST_035,Starters,Nachos Grande,10,2,20,5/22/2023,Cash
ORD_731185,CUST_006,Drinks,Lemonade,3,3,,5/14/2022,Digital Wallet
ORD_284944,CUST_038,Drinks,Lemonade,3,5,15,3/20/2022,Credit Card
ORD_100301,CUST_067,Main Dishes,Pasta Alfredo,12.0$,4,48,2/24/2022,
ORD_248901,CUST_046,Starters,,4,-1,4,5/20/2023,Credit Card
ORD_435002,CUST_014,Main Dishes,Vegetarian Platter,14,1,14,4/12/2023,Cash
ORD_919662,CUST_010,Drinks,Coca Cola,,3,,5/2/2022,Digital Wallet
ORD_813005,CUST_046,Drinks,Water,1,5,5,5/18/2022,Credit Card
ORD_502611,CUST_082,Main Dishes,Vegetarian Platter,14,3,42,11/13/2022,Digital Wallet
ORD_357998,CUST_004,Side Dishes,,,4,12,3/21/2022,Cash
ORD_999813,CUST_016,Drinks,Water,1,2,2,6/9/2022,Cash
ORD_262864,CUST_081,Main Dishes,Pasta Alfredo,12,2,24,12/30/2022,Digital Wallet
ORD_262688,CUST_031,Side Dishes,Side Salad,3,4,12,7/16/2022,Cash
ORD_471395,CUST_049,Drinks,Water,1,1,1,11/22/2023,Digital Wallet
ORD_247679,CUST_077,Side Dishes,Grilled Vegetables,5,2,10,1/26/2022,
ORD_677928,CUST_043,Side Dishes,Onion Rings,5,3,15,3/7/2023,Digital Wallet
ORD_542662,CUST_019,Side Dishes,Garlic Bread,4,1,4,6/9/2022,Digital Wallet
ORD_426305,CUST_029,Desserts,Brownie,6,,18,8/10/2023,
ORD_804612,CUST_087,Side Dishes,Side Salad,3,2,6,3/3/2022,Cash
ORD_792476,CUST_041,Side Dishes,Mashed Potatoes,4,4,,2/16/2022,Digital Wallet
ORD_604831,CUST_009,Starters,Nachos Grande,10,2,20,11/23/2022,Cash
ORD_789327,CUST_028,Starters,Sweet Potato Fries,5,4,20,5/7/2023,Digital Wallet
ORD_190111,CUST_036,Drinks,Coca Cola,2.5,1,2.5,6/3/2023,Digital Wallet
ORD_924635,CUST_002,Main Dishes,Salmon,18,2,36,8/9/2022,Cash
ORD_401965,CUST_015,Desserts,Ice Cream,5,2,10,5/31/2023,Credit Card
ORD_904804,CUST_094,Starters,Sweet Potato Fries,5,5,25,11/8/2022,Credit Card
ORD_750957,CUST_061,Starters,French Fries,4,4,16,3/22/2022,Credit Card
ORD_546482,CUST_079,Side Dishes,Mashed Potatoes,4,3,,2/12/2022,Cash Payment
ORD_684497,CUST_013,Drinks,Coca Cola,2.5,3,7.5,1/9/2022,Cash
ORD_745242,CUST_046,Drinks,Coca Cola,,2,5,7/3/2023,Digital Wallet
ORD_506489,CUST_100,Main Dishes,,,2 items,,12/17/2023,
ORD_822014,CUST_085,Starters,Beef Chili,7,4,28,2/12/2023,Credit Card
ORD_187243,CUST_085,Desserts,Ice Cream,5,,10,7/14/2023,Digital Wallet
ORD_691781,CUST_064,Drinks,Lemonade,3,2,6,7/16/2022,Cash
ORD_235817,CUST_022,Side Dishes,Side Salad,3,1,3,8/12/2023,Digital Wallet
ORD_233072,CUST_058,Drinks,,,,,8/23/2023,Cash
ORD_724517,CUST_076,Desserts,Cheesecake,7,1,7,5/13/2022,Credit Card
ORD_638163,CUST_080,Desserts,,,5,30,6/11/2022,Digital Wallet
ORD_587799,CUST_039,Starters,,5,4,20,12/7/2023,credit card
ORD_116035,CUST_027,Starters,Sweet Potato Fries,5,3,15,8/8/2022,Digital Wallet
ORD_723955,CUST_039,Side Dishes,Mashed Potatoes,4,,16,3/9/2023,Credit Card
ORD_639355,CUST_045,Main Dishes,Steak,20,1,,2/19/2022,Digital Wallet
ORD_490881,CUST_028,Starters,French Fries,4,2,8,4/7/2023,Cash
ORD_799469,CUST_057,Starters,Cheese Fries,5,-4,20,1/28/2022,Cash
ORD_650585,CUST_014,Drinks,Orange Juice,3,3,9,1/2/2022,Digital Wallet
ORD_922647,CUST_046,Main Dishes,Pasta Alfredo,12,1,12,2/2/2023,Digital Wallet
ORD_954286,CUST_001,Main Dishes,Grilled Chicken,15,3,45,10/7/2022,Credit Card
ORD_641801,CUST_094,Starters,Chicken Melt,8,1,8,9/25/2023,Credit Card
ORD_926705,CUST_076,Main Dishes,,15,5,75,2/6/2022,Digital Wallet
ORD_991027,CUST_050,Main Dishes,Vegetarian Platter,14,3,42,6/30/2022,Credit Card
ORD_872421,CUST_043,Drinks,Coca Cola,2.5,4,10,3/17/2022,Digital Wallet
ORD_459228,CUST_097,Starters,Chicken Melt,8,4,32,9/7/2023,Cash
ORD_384770,CUST_035,Drinks,Water,1,5,5,1/22/2022,Digital Wallet
ORD_829007,CUST_045,Drinks,Coca Cola,2.5,2,5,3/30/2023,
ORD_239415,CUST_028,Main Dishes,,,2,,10/17/2023,
ORD_795024,CUST_011,Desserts,,6,5,30,6/12/2023,Credit Card
ORD_262849,CUST_095,Side Dishes,,,4,12,7/2/2023,
ORD_213997,CUST_100,Desserts,Ice Cream,5,1,5,9/3/2022,Credit Card
ORD_233623,CUST_095,Side Dishes,Garlic Bread,4,3,12,2/3/2023,Digital Wallet
ORD_362535,CUST_063,Drinks,Water,1.0$,2,2,4/25/2023,Digital Wallet
ORD_823215,CUST_063,Drinks,,,5,5,1/12/2022,
ORD_128705,CUST_093,Desserts,,,,,4/25/2023,Digital Wallet
ORD_990341,CUST_017,Side Dishes,Onion Rings,5,3,15,3/17/2022,Credit Card
ORD_442435,CUST_082,Main Dishes,Pasta Alfredo,12,1,12,2/28/2022,Digital Wallet
ORD_168778,CUST_077,Starters ,French Fries,4,4,16,6/17/2023,DIGITAL WALLET
ORD_905248,CUST_027,Drinks,Iced Tea,2.5,,7.5,1/14/2023,Digital Wallet
ORD_327416,CUST_031,Drinks,Coca Cola,2.5,3,7.5,6/15/2022,Digital Wallet
ORD_580794,CUST_017,Starters,French Fries,4,3,12,12/11/2023,Credit Card
ORD_424322,CUST_055,Desserts,Ice Cream,5,4,20,6/25/2023,Cash
ORD_715158,CUST_026,Desserts,Ice Cream,-5,5,25,11/1/2022,Cash
ORD_129895,CUST_040,Main Dishes,,,,,12/17/2022,
ORD_856393,CUST_007,Drinks,,,,,12/4/2022,
ORD_497247,CUST_025,Side Dishes,,,4,20,9/19/2023,Digital Wallet
ORD_276813,CUST_041,Main Dishes,Pasta Alfredo,12,5,60,3/21/2022,Cash
ORD_363348,CUST_086,Main Dishes,Pasta Alfredo,12,4,48,1/21/2022,Cash
ORD_461155,CUST_064,Side Dishes,Onion Rings,5,four,20,10/28/2022,credit card
ORD_154815,CUST_023,Drinks,Lemonade,3,2,6,12/18/2023,Cash
ORD_881226,CUST_072,Desserts,Chocolate Cake,6,-3,18,1/1/2022,Digital Wallet
ORD_515364,CUST_028,Main Dishes,Steak,20,1,20,8/24/2022,Digital Wallet
ORD_174975,CUST_073,Side Dishes,Mashed Potatoes,,4,16,10/30/2022,CREDIT CARD
ORD_220866,CUST_088,Drinks,Water,1,3,3,9/9/2022,Cash
ORD_286110,CUST_050,Starters,French Fries,4,4,16,4/26/2023,Credit Card
ORD_643657,CUST_031,Main Dishes,Grilled Chicken,15,2,30,12/2/2023,Credit Card
ORD_982748,CUST_007,Main Dishes,Salmon,18,-2,36,4/29/2022,Credit Card
ORD_223184,CUST_032,DESSERTS,,7,4,,abc,Credit Card
ORD_991364,CUST_026, Starters,,,4,20,10/28/2022,
ORD_264306,CUST_096,Drinks,Lemonade,,1,3,5/17/2022,DIGITAL WALLET
ORD_412151,CUST_030,Desserts,Cheesecake,7,5,35,8/31/2023,Cash
ORD_930984,CUST_074,Starters,Sweet Potato Fries,5,4,20,5/27/2022,Cash
ORD_122301,CUST_061,Side Dishes,Onion Rings,5,1,5,6/4/2022,Cash
ORD_699749,CUST_048,Main Dishes,Vegetarian Platter,14,2,28,8/20/2022,Cash
ORD_205391,CUST_013,Starters,Cheese Fries,5,2,10,2/8/2022,Cash
ORD_799489,CUST_018,Side Dishes,,5,1,5,9/25/2023,Credit Card
ORD_708136,CUST_032,Drinks,Lemonade,3.0$,,9,6/9/2022,Cash
ORD_434064,CUST_048,Desserts,Fruit Salad,4,4,16,8/23/2023,
ORD_673552,CUST_006,Side Dishes,Onion Rings,5,1,5,3/27/2022,Cash
ORD_356169,CUST_095,Starters,Sweet Potato Fries,5,4,20,00/00/0000,Digital Wallet
ORD_557773,CUST_020,Desserts,Chocolate Cake,6,3,18,6/13/2022,Cash
ORD_670742,CUST_083,Side Dishes,Mashed Potatoes,4,,4,9/17/2022,
ORD_336627,CUST_078,Desserts,Ice Cream,5,2,10,4/18/2023,Cash
ORD_448927,CUST_027,Main Dishes,Pasta Alfredo,12,1,12,12/31/2023,Cash
ORD_531025,CUST_072,Main Dishes,,,,,11/6/2022,Digital Wallet
ORD_410990,CUST_030,Side Dishes,Mashed Potatoes,4,1,4,3/8/2022,Credit Card
ORD_241052,CUST_014,Starters,French Fries,4,-1,4,3/16/2022,
ORD_754381,CUST_010,Desserts,,5,3,15,8/9/2023,Credit Card
ORD_451537,CUST_029,Starters,French Fries,4,5,20,3/21/2023,Credit Card
ORD_690517,CUST_006,Main Dishes,Grilled Chicken,15,5,75,8/22/2023,Cash
ORD_940222,CUST_098,Desserts,Chocolate Cake,6,4,24,12/31/2023,Cash
ORD_632621,CUST_015,Desserts,Ice Cream,5,1,5,5/26/2023,Digital Wallet
ORD_378531,CUST_016,Desserts,Fruit Salad,4,2,8,4/20/2022,
ORD_442427,CUST_094,Main Dishes,Vegetarian Platter,14,1,14,10/5/2023,
ORD_866110,CUST_063,Starters,Cheese Fries,5,,15,6/16/2023,Cash
ORD_872658,CUST_058,Main Dishes,Grilled Chicken,15,4,60,10/9/2023,Cash
ORD_896566,CUST_075,Starters,Chicken Melt,8,3,24,3/13/2022,Credit Card
ORD_317370,CUST_084,Desserts,Ice Cream,5,,10,00/00/0000,Digital Wallet
ORD_641072,CUST_017,Drinks,Water,1,3,3,11/28/2022,Cash
ORD_605743,CUST_012,Starters,,,,,1/21/2022,Digital Wallet
ORD_620894,CUST_035,Side Dishes,Side Salad,3,5,15,11/8/2023,Digital Wallet
ORD_257895,CUST_088,Side Dishes,Mashed Potatoes,4,1,4,5/6/2022,Cash
ORD_613896,CUST_054,side dishes,Side Salad,3,4 items,12,5/26/2023,Cash
ORD_808702,CUST_051,Main Dishes,Steak,20,5,100,3/12/2022,Cash
ORD_866951,CUST_017,Desserts,Fruit Salad,4,5,20,2/23/2022,Credit Card
ORD_639249,CUST_050,Main Dishes,Steak,20,5,100,4/29/2023,Cash
ORD_102708,CUST_020,Main Dishes,Pasta Alfredo,12,5,60,6/25/2023,cash
ORD_729179,CUST_098,Main Dishes,Pasta Alfredo,12,2,24,5/7/2022,
ORD_822765,CUST_034,Drinks,,1,4,4,3/3/2023,Credit Card
ORD_516676,CUST_029,Side Dishes,Grilled Vegetables,5,1,5,6/8/2023,cash 
ORD_987129,CUST_067,Side Dishes,Garlic Bread,,4,16,12/17/2022,Cash
ORD_843328,CUST_093,Main Dishes,,15,3,45,3/6/2023,Credit Card
ORD_383264,CUST_006,starters,French Fries,4,3,12,2022-13-05,Credit Card
ORD_488885,CUST_058,Drinks,Coca Cola,2.5,5,12.5,9/8/2022,Cash
ORD_633063,CUST_016,Starters,Cheese Fries,5,3,15,12/29/2023,DIGITAL WALLET
ORD_794829,CUST_032,Starters,Sweet Potato Fries,5,1,5,8/9/2022,Cash
ORD_129611,CUST_004,Side Dishes,Grilled Vegetables,5,2,10,2/21/2022,Credit Card
ORD_238689,CUST_004, Desserts,,5,1,5,6/28/2023,Digital Wallet
ORD_676260,CUST_066,Drinks,Water,1,1,,10/29/2023,Digital Wallet
ORD_512959,CUST_041,Drinks,,1,4,4,6/10/2022,Digital Wallet
ORD_543045,CUST_004,Desserts,Ice Cream,5,4,,1/26/2022,
ORD_685814,CUST_018,Starters,,7,2,14,11/29/2022,Credit Card
ORD_108570,CUST_085,Main dishes,,20,2,40,6/27/2022,Digital Wallet
ORD_874832,CUST_060,desserts,Ice Cream,5,2,10,5/11/2022,Digital Wallet
ORD_197339,CUST_075,Main dishes,Pasta Alfredo,12,4,48,3/9/2022,Credit Card
ORD_278756,CUST_051,Starters,Chicken Melt,8,4,32,10/9/2022,CREDIT CARD
ORD_628247,CUST_010,Drinks,Coca Cola,2.5,5,12.5,12/4/2022,
ORD_947131,CUST_075,Desserts,,4,5,20,2/5/2023,Cash
ORD_244576,CUST_030,Starters,,4,1,4,9/12/2023,
ORD_299059,CUST_087,Starters,Chicken Melt,8,1,8,4/4/2023,Credit Card
ORD_909273,CUST_012,Main Dishes,Salmon,18,2,36,3/21/2023,Credit Card
ORD_529985,CUST_049,Starters,French Fries,4,5,20,8/29/2022,Cash
ORD_199442,CUST_091,Desserts,Chocolate Cake,6,5,30,5/1/2023,Cash
ORD_225360,CUST_034,Main Dishes,Steak,20,3,60,9/22/2023,Cash
ORD_562392,CUST_007,Starters,,4,3,12,1/17/2022,Cash
ORD_162849,CUST_090,Starters,Cheese Fries,5,4,20,11/24/2022,Credit Card
ORD_897063,CUST_031,Drinks,,3,2,6,12/30/2022,Digital Wallet
ORD_282353,CUST_051,Drinks,Iced Tea,2.5,2,5,12/10/2023,Digital Wallet
ORD_791101,CUST_082,main dishes,Grilled Chicken,,3,45,8/9/2022,Credit Card
ORD_629680,CUST_022,Starters,,8,2,16,3/5/2022,Digital Wallet
ORD_220503,CUST_030,Desserts,Fruit Salad,4,1,4,11/7/2023,Cash
ORD_221071,CUST_051,Drinks,Water,1,3,3,12/12/2023,Cash
ORD_776576,CUST_036,Main Dishes,Pasta Alfredo,12,3,36,7/17/2022,Credit Card
ORD_214503,CUST_033,Main Dishes,,12,5,60,1/15/2022,Cash
ORD_126199,CUST_002,Side Dishes,Onion Rings,5,1,5,6/1/2022,
ORD_231448,CUST_023,Side Dishes,Mashed Potatoes,4,5,20,3/12/2022,
ORD_208156,CUST_058,Drinks,,,2,6,5/12/2023,Digital Wallet
ORD_447998,CUST_023,Desserts,Cheesecake,7,2,14,4/21/2022,Credit Card
ORD_240476,CUST_029,Main Dishes,Vegetarian Platter,14,5,70,5/30/2023,Credit Card
ORD_133568,CUST_057,Desserts,Fruit Salad,4,5,20,9/21/2022,Cash
ORD_678480,CUST_034,Main Dishes,,12,1,12,5/22/2022,Credit Card
ORD_735921,CUST_046,Main Dishes,Grilled Chicken,15,2,30,4/16/2022,Digital Wallet
ORD_240890,CUST_015,Side Dishes,Grilled Vegetables,5,4,20,9/17/2022,Cash
ORD_109775,CUST_100,Desserts,Chocolate Cake,6,4,24,12/15/2022,
ORD_162788,CUST_034,Desserts,Chocolate Cake,6,3,18,6/11/2023,CREDIT CARD
ORD_200111,CUST_001,Main Dishes,,,1,15,10/3/2023,Digital Wallet
ORD_169018,CUST_077,Main Dishes,Pasta Alfredo,12,3,36,7/16/2022,Credit card 
ORD_731830,CUST_063,Desserts,Chocolate Cake,6,2,12,2/8/2023,
ORD_699461,CUST_054,Main dishes,Grilled Chicken,15,4,60,12/23/2023,Digital Wallet
ORD_529457,CUST_056,Starters,French Fries,4,4,16,2/16/2023,Credit Card
ORD_274755,CUST_024,Main Dishes,Pasta Alfredo,12,3,36,5/10/2023,Credit Card
ORD_135226,CUST_001,Desserts,Ice Cream,5,4,20,7/30/2023,Credit Card
ORD_559320,CUST_076,Main Dishes,Pasta Alfredo,12,4,48,2/24/2022,Digital Wallet
ORD_446664,CUST_006,Main Dishes,Salmon,18,3,54,7/12/2022,Cash
ORD_859982,CUST_065,Drinks,Lemonade,,4,12,4/20/2022,Cash
ORD_396448,CUST_074,DRINKS,Water,1,2,2,11/22/2023,Credit Card
ORD_161088,CUST_092,Side Dishes,Side Salad,3,3,9,2/11/2022,digital wallet
ORD_580428,CUST_016,Side Dishes,Grilled Vegetables,5,2,10,3/4/2022,Cash
ORD_840497,CUST_067,Desserts,Chocolate Cake,6,2,12,5/28/2023,Cash
ORD_281872,CUST_028,Starters,Beef Chili,7,4,28,5/9/2023,Credit Card
ORD_584572,CUST_069,drinks,Water,1,1,1,1/16/2022,Digital Wallet
ORD_409538,CUST_039,Drinks,Water,1,1,1,4/10/2023,Digital Wallet
ORD_271586,CUST_067,Desserts,Chocolate Cake,6,5,30,7/2/2023, Digital Wallet
ORD_982327,CUST_034,Main Dishes,Pasta Alfredo,12,3,36,1/17/2022,Cash
ORD_134240,CUST_083,Desserts,,6,1,6,10/5/2022,DIGITAL WALLET
ORD_616721,CUST_017,Starters,Beef Chili,,5,35,8/13/2023,Digital Wallet
ORD_962151,CUST_052,Desserts,,,3,18,10/11/2023,Digital Wallet
ORD_618792,CUST_099, Desserts,Fruit Salad,4,3,12,7/16/2022,Cash
ORD_113473,CUST_008,Main Dishes,Grilled Chicken,15,3,45,3/22/2022,Digital Wallet
ORD_849928,CUST_007,Main Dishes,Pasta Alfredo,12,1,12,9/17/2023,Digital Wallet
ORD_659036,CUST_040,Drinks,Water,1,1,1,3/21/2023,Credit Card
ORD_171801,CUST_083,Desserts,Brownie,6,3,18,8/6/2023,Cash
ORD_196563,CUST_098,Main Dishes,Grilled Chicken,15,5,75,5/20/2023,Digital Wallet
ORD_480100,CUST_047,Drinks,Coca Cola,2.5,4,10,2/25/2022,Digital Wallet
ORD_177385,CUST_034,Drinks,,,,,11/13/2022,Cash
ORD_609382,CUST_068,Main Dishes,Pasta Alfredo,12,5,60,9/20/2022,Digital Wallet
ORD_373074,CUST_098,Desserts,Chocolate Cake,6,2,12,5/15/2023,Digital Wallet
ORD_981977,CUST_038,Drinks,Orange Juice,3,1,3,2/27/2022,Cash
ORD_772875,CUST_096,Main Dishes,Grilled Chicken,15,3,45,8/19/2022,
ORD_420151,CUST_016,Drinks,,3,3,9,2/26/2023,Credit Card
ORD_275110,CUST_021,Side Dishes,Side Salad,3,3,9,2/24/2023,
ORD_142107,CUST_096,Drinks,Coca Cola,2.5,4,10,8/10/2023,Digital Wallet
ORD_310849,CUST_035,Main dishes,,12,five,60,9/6/2023,Cash
ORD_489878,CUST_079,Drinks,Coca Cola,2.5,4,10,1/4/2023,Credit Card
ORD_811603,CUST_056,Desserts,Chocolate Cake,6,1,6,1/13/2023,Cash
ORD_307953,CUST_005,Drinks,Water,1,1,1,12/30/2022,
ORD_936336,CUST_088,Side Dishes,Grilled Vegetables,5,1,5,4/25/2022,CREDIT CARD
ORD_773534,CUST_056,Starters ,,,,,7/18/2022,
ORD_278260,CUST_065,Side Dishes,,3,2,6,12/1/2023,Credit Card
ORD_298925,CUST_081,Starters,Beef Chili,7,,35,10/31/2023,
ORD_950314,CUST_040,Side Dishes,Mashed Potatoes,4,2,8,11/14/2023,Credit Card
ORD_283718,CUST_015,Side Dishes,,,,,11/18/2023,Cash
ORD_180301,CUST_028,Main Dishes,,,4,56,7/3/2022,Cash
ORD_668267,CUST_028,Main Dishes,Steak,20,3,60,6/30/2023,Digital Wallet
ORD_326544,CUST_037,Desserts,,7,3,21,1/17/2023,Credit Card
ORD_943015,CUST_076,Desserts,,,,,8/20/2022,
ORD_953059,CUST_009,Starters,Cheese Fries,5,4,20,1/29/2023,Credit Card
ORD_987509,CUST_024,Main Dishes,Pasta Alfredo,12,two,24,10/15/2023,Cash
ORD_446172,CUST_021,Drinks,Water,1,5,5,6/25/2023,Credit Card
ORD_544724,CUST_043,Drinks,Lemonade,3,4,12,9/30/2022,Cash
ORD_749482,CUST_017,Drinks,Iced Tea,2.5,4,10,8/21/2023,Digital Wallet
ORD_202166,CUST_004,Starters,Nachos Grande,10,3,30,10/25/2022,Digital Wallet
ORD_113410,CUST_076,Starters,French Fries,4,4,16,12/29/2022,Credit Card
ORD_403124,CUST_040,Drinks,Water,1,5,5,3/5/2023,Digital Wallet
ORD_708908,CUST_062,main dishes,Steak,20,1,20,4/6/2022,Digital Wallet
ORD_992232,CUST_046,Desserts,Ice Cream,5,2,10,6/9/2022,
ORD_411361,CUST_080,Desserts,Fruit Salad,-4,4,16,11/25/2023,Credit Card
ORD_273000,CUST_040,Side Dishes,Grilled Vegetables,5,1,5,4/29/2023,cash
ORD_724494,CUST_068,Drinks,Water,1,5,5,8/26/2023,
ORD_339034,CUST_095,Drinks,Coca Cola,2.5,-1,2.5,8/17/2023,
ORD_938370,CUST_042,Desserts,Brownie,6,5,30,9/16/2022,Cash
ORD_592521,CUST_093,Desserts,Ice Cream,5,5,25,10/5/2022,Digital Wallet
ORD_191165,CUST_029,starters,Nachos Grande,,1,10,9/3/2023,Cash
ORD_926929,CUST_015,Starters,Beef Chili,7,2,14,3/30/2022,
ORD_398835,CUST_027,Starters,Sweet Potato Fries,5,1,5,5/6/2022,Credit Card
ORD_568626,CUST_077,Main Dishes,Grilled Chicken,15.0$,3,45,5/10/2022,
ORD_390481,CUST_086,MAIN DISHES,,,4,56,00/00/0000,Credit Card
ORD_902589,CUST_023,Drinks,Lemonade,-3,3,9,9/25/2023,Digital Wallet
ORD_285888,CUST_001,Desserts,Fruit Salad,4,2,8,2/22/2023,Credit Card
ORD_598140,CUST_088,Desserts,,6,4,,11/22/2022,Credit Card
ORD_380214,CUST_088,Desserts,Ice Cream,5,-3,15,6/22/2023,Cash
ORD_765222,CUST_051,Side Dishes,,3,2,6,3/1/2022,Digital Wallet
ORD_316838,CUST_024,Drinks,,,,,1/12/2023, Cash
ORD_451966,CUST_059,Drinks,Iced Tea,2.5,5,12.5,4/1/2022,Cash
ORD_896375,CUST_069,Main Dishes,Vegetarian Platter,14,4,56,9/17/2023,Cash
ORD_634759,CUST_099,Drinks,Water,1,5,,1/15/2023,Credit Card
ORD_811896,CUST_016,Main Dishes,Vegetarian Platter,14,2 items,28,1/5/2023,Cash
ORD_933275,CUST_012,Starters,French Fries,4,1,4,4/28/2023,Cash
ORD_654814,CUST_039,Drinks,Coca Cola,2.5,5,12.5,12/4/2022,Digital Wallet
ORD_431363,CUST_093,Drinks,,,,,1/5/2022,Credit Card
ORD_241095,CUST_090,DRINKS,Coca Cola,2.5,2,5,12/2/2022,Cash
ORD_343058,CUST_034,Side Dishes,Onion Rings,5,5,25,1/24/2022,Credit Card
ORD_309075,CUST_025,Side Dishes,Grilled Vegetables,5,2,10,7/11/2023,Cash
ORD_593713,CUST_043,Drinks,Water,1,,2,abc,Credit Card
ORD_222281,CUST_087,Desserts,Ice Cream,5,2,10,3/27/2022,creditcard
ORD_925747,CUST_100,Main Dishes,Pasta Alfredo,12,4,48,1/11/2023,Digital Wallet
ORD_730135,CUST_086,Side Dishes,Side Salad,3,4,12,1/26/2022,Credit Card
ORD_138863,CUST_093,Desserts,Ice Cream,5,2,10,3/10/2022,Digital Wallet
ORD_921844,CUST_003,Drinks,Orange Juice,3,1,3,7/31/2023,Credit Card
ORD_460969,CUST_010,Starters,Chicken Melt,8,3,24,12/29/2022,
ORD_628259,CUST_039,Side Dishes,Mashed Potatoes,4,3,12,3/24/2023,Credit Card
ORD_775956,CUST_075,Main Dishes,Pasta Alfredo,12,3,36,2/12/2022,Cash
ORD_427480,CUST_052,Starters,Cheese Fries,5,1,5,2/28/2023,Cash
ORD_435621,CUST_082,Starters,Beef Chili,7,3,21,9/21/2023,Digital Wallet
ORD_422549,CUST_003, Starters,,7,4,28,11/24/2022,Digital Wallet
ORD_387050,CUST_072,Main Dishes,Vegetarian Platter,14,2,28,12/15/2023,Cash
ORD_131478,CUST_054,Side Dishes,Side Salad,3.0$,2,6,3/5/2023,Digital Wallet
ORD_536504,CUST_085,Desserts,Brownie,6,,12,3/26/2023,Cash
ORD_835088,CUST_040,Starters,French Fries,4,2,8,9/17/2022,Cash
ORD_541707,CUST_058,Main Dishes,Salmon,18,3,54,10/23/2022,Cash
ORD_393521,CUST_010,DESSERTS,Ice Cream,5,2,10,3/26/2022,
ORD_735364,CUST_100,Main Dishes,,12,5,60,7/16/2023,
ORD_247832,CUST_037,Drinks,Iced Tea,2.5,1,2.5,6/6/2022,Credit Card
ORD_709072,CUST_007,Main Dishes,Pasta Alfredo,12,3,36,3/6/2023,Cash
ORD_866404,CUST_068,Side Dishes,,,,,3/12/2022,
ORD_932650,CUST_029,starters,Cheese Fries,5,3,15,8/2/2023,Cash
ORD_723265,CUST_039,Starters,French Fries,4,2,8,2/13/2022,Digital Wallet
ORD_678061,CUST_059,Desserts,Chocolate Cake,6,5,30,5/8/2023,Cash
ORD_425488,CUST_036,Starters,French Fries,4,5,20,3/19/2023,Cash
ORD_504958,CUST_060,Main Dishes,Steak,20,5,100,1/18/2023,Digital Wallet
ORD_310357,CUST_031,Main Dishes,Grilled Chicken,15,1,15,8/17/2023, Cash
ORD_987728,CUST_023,Desserts,Chocolate Cake,6,4,24,7/29/2023,
ORD_115174,CUST_096,Desserts,,6,3,18,1/17/2022,
ORD_972222,CUST_042,Main dishes,Pasta Alfredo,,3,36,3/22/2023,Digital Wallet
ORD_850187,CUST_095,Side Dishes,Garlic Bread,4,2,8,5/18/2023,Credit Card
ORD_299959,CUST_027,Main Dishes,Salmon,18,2,36,7/17/2022,Cash
ORD_583763,CUST_098,Drinks,Orange Juice,3,4,12,4/1/2023,Digital Wallet
ORD_303788,CUST_065,Main Dishes,Steak,20,2,40,2/21/2023,Digital Wallet
ORD_952148,CUST_016,Starters,Cheese Fries,5,,20,6/19/2023,Credit Card
ORD_172108,CUST_053,Main Dishes,Salmon,18,2,36,11/13/2022,Cash
ORD_361591,CUST_010,Starters,,5,2,10,3/31/2022,Digital Wallet
ORD_998793,CUST_001,Side Dishes,Garlic Bread,4,1,4,5/6/2022,Cash
ORD_703518,CUST_070,Desserts,Chocolate Cake,6,2,12,8/17/2022,Cash
ORD_824194,CUST_060,Main Dishes,Pasta Alfredo,12,5,60,11/2/2022,Credit Card
ORD_160602,CUST_056,Starters,French Fries,4,3,12,6/27/2022,Digital Wallet
ORD_535939,CUST_085,Starters,French Fries,4,2,8,10/16/2022,Digital Wallet
ORD_938588,CUST_004,Main Dishes,Pasta Alfredo,12,5,,3/1/2022,Digital Wallet
ORD_440471,CUST_053,DESSERTS,Fruit Salad,4,1,4,3/26/2023,Cash
ORD_561253,CUST_062,Starters,Sweet Potato Fries,5,5,25,11/17/2022,Digital Wallet
ORD_841330,CUST_074,Side Dishes,Mashed Potatoes,4,4,16,11/11/2022,Credit Card
ORD_835005,CUST_011,Desserts,Chocolate Cake,6,1,6,1/12/2023,
ORD_460538,CUST_055,Starters,French Fries,,2,8,7/12/2022,Credit Card
ORD_178931,CUST_052,Main  Dishes,Pasta Alfredo,12,4,48,10/5/2022,Credit Card
ORD_166513,CUST_016,Side Dishes,Side Salad,3,1,3,3/20/2022,Cash
ORD_493344,CUST_090,Starters,Beef Chili,7,5,35,7/10/2023,Credit Card
ORD_994202,CUST_093,Drinks,Water,1,5,5,7/21/2023,Credit Card
ORD_759014,CUST_038,Starters,Chicken Melt,8,3,24,12/5/2022,Credit Card
ORD_701344,CUST_063,MAIN DISHES,Grilled Chicken,15,3,45,3/8/2023,Digital Wallet
ORD_704656,CUST_002,Starters,Sweet Potato Fries,5,3,15,6/30/2022,Digital Wallet
ORD_878598,CUST_022,Starters,French Fries,4,1,4,12/16/2023,Cash
ORD_726702,CUST_036,Side Dishes,Side Salad,3,5,15,11/26/2023,Credit Card
ORD_740115,CUST_065,Main Dishes,Grilled Chicken,15,2,30,10/31/2023,Credit Card
ORD_301888,CUST_052,Main Dishes,Salmon,18,2,,7/18/2022,Cash
ORD_781096,CUST_050,Main Dishes,Salmon,18,2,36,1/3/2023,Cash
ORD_218645,CUST_018,Drinks,Water,,5,5,9/2/2022,DIGITAL WALLET
ORD_543930,CUST_074,Side Dishes,Garlic Bread,4,2,8,11/14/2023,
ORD_308902,CUST_010,Side Dishes,Grilled Vegetables,5,2,10,5/17/2023,
ORD_623808,CUST_083,Side Dishes,Mashed Potatoes,4,4,16,7/25/2023,Credit Card
ORD_485874,CUST_043,Main Dishes,Salmon,18,5,90,7/29/2023,
ORD_514447,CUST_058,Desserts,Chocolate Cake,6,2,12,6/29/2022,Credit Card
ORD_506557,CUST_091,Starters,,,2,14,7/21/2023,Digital Wallet
ORD_526715,CUST_090,Main Dishes,,,3,45,12/4/2022,
ORD_791950,CUST_096,Main Dishes,Grilled Chicken,15,3,45,9/7/2023,Digital Wallet
ORD_820401,CUST_048,Main Dishes,Salmon,18,,36,4/30/2023,Digital Wallet
ORD_383193,CUST_087,Drinks,Water,1,3,3,6/24/2022,Credit Card
ORD_370488,CUST_089,Main Dishes,Steak,20,,60,8/13/2023,
ORD_221149,CUST_004,Main Dishes,Grilled Chicken,15,1,15,8/15/2023,
ORD_374663,CUST_083,Desserts,Fruit Salad,4,4,16,12/15/2022,Digital Wallet
ORD_628021,CUST_021,Side Dishes,Side Salad,3,2,6,5/19/2023,Digital Wallet
ORD_147529,CUST_096,Drinks,,,3,3,11/30/2022,Credit Card
ORD_205522,CUST_053,Desserts,Chocolate Cake,6,5,30,10/30/2023,Credit Card
ORD_323991,CUST_013,Side Dishes,Onion Rings,5,3,15,5/27/2022,Cash
ORD_799978,CUST_006,Main Dishes,Vegetarian Platter,14,2,28,3/28/2023,Credit card 
ORD_849629,CUST_068,desserts,Ice Cream,5,5,25,5/19/2023,Cash
ORD_787292,CUST_026,Side Dishes,Mashed Potatoes,4,5,20,8/5/2023,Cash
ORD_764043,CUST_011,Desserts,Ice Cream,5,1,5,11/8/2023,Credit Card
ORD_316403,CUST_032,Drinks,Iced Tea,2.5,3,7.5,7/25/2022,Cash
ORD_659542,CUST_094,Main Dishes,Pasta Alfredo,12,3,36,10/21/2022,Cash
ORD_246263,CUST_041, Desserts,Chocolate Cake,6,3,,11/22/2022,
ORD_262865,CUST_018,Starters,Chicken Melt,8,3,24,3/19/2022,Cash
ORD_521905,CUST_028,Starters,Nachos Grande,10,1,10,7/28/2023,Cash
ORD_345937,CUST_001,Main Dishes,Pasta Alfredo,,3,36,2/21/2023,cash
ORD_129198,CUST_053,Main Dishes,,,2,30,4/2/2022,
ORD_417081,CUST_038,Side Dishes,,4,4,16,5/18/2022,
ORD_143745,CUST_078,Side Dishes,Grilled Vegetables,5,3,15,3/10/2022,Digital Wallet
ORD_624241,CUST_066,Main Dishes,,14,2,28,2/5/2023,creditcard
ORD_954861,CUST_015,STARTERS,Cheese Fries,5,2,10,4/7/2022,Cash
ORD_609688,CUST_016,Drinks,,,,,1/10/2022,
ORD_865794,CUST_078,Desserts,Ice Cream,5,2,10,3/4/2022,CREDIT CARD
ORD_261018,CUST_040,Starters,Cheese Fries,5,3,15,11/30/2022,Cash
ORD_657651,CUST_066,Side Dishes,Mashed Potatoes,4,5,20,10/9/2023,e-wallet
ORD_723256,CUST_038,SIDE DISHES,,,1,5,10/19/2023,Digital Wallet
ORD_501773,CUST_091,Side Dishes,Grilled Vegetables,5,4,20,7/10/2023,Cash
ORD_883299,CUST_017,Desserts,Chocolate Cake,,3,18,3/5/2022,Cash
ORD_982351,CUST_073,Starters,Sweet Potato Fries,5,4,20,2/26/2022,Credit Card
ORD_622533,CUST_064,Desserts,Cheesecake,7,3,21,1/22/2022,Cash
ORD_447049,CUST_098,Side Dishes,Side Salad,3,3 items,9,10/20/2022,Cash
ORD_163683,CUST_023,Desserts,,6,2,12,10/11/2023,CASH
ORD_252814,CUST_056,Desserts,Ice Cream,5,5,25,7/10/2023,Credit Card
ORD_349211,CUST_045,Desserts,,5,5,25,11/17/2023,Cash
ORD_582540,CUST_083,Main Dishes,Steak,20,4,80,11/4/2022,Credit card 
ORD_207654,CUST_056,Side Dishes,Grilled Vegetables,5,1,5,10/7/2023,Digital Wallet
ORD_828766,CUST_058,Drinks,Water,1,3,3,8/28/2022,
ORD_612772,CUST_072,Side Dishes,Side Salad,3,1,3,1/14/2022,
ORD_810379,CUST_066,Desserts,Ice Cream,5,3,15,12/24/2022,Digital Wallet
ORD_602698,CUST_097,Main Dishes,Steak,20.0$,,20,2/24/2022,Digital Wallet
ORD_951881,CUST_043,Starters,French Fries,4,4,16,4/2/2022,digital wallet
ORD_205336,CUST_055,Side Dishes,Side Salad,3,4,12,4/10/2022,digital wallet
ORD_656055,CUST_056,Drinks,Lemonade,3,,12,8/19/2023,Credit Card
ORD_152578,CUST_044,Starters,French Fries,4,3,12,5/15/2023,Digital Wallet
ORD_180159,CUST_058,Starters,Beef Chili,7,4,28,8/22/2023,Credit Card
ORD_564644,CUST_052,Starters,Nachos Grande,10,4,40,10/10/2023, Digital Wallet
ORD_605217,CUST_059,Starters,French Fries,4,2,8,12/1/2023,Digital Wallet
ORD_844645,CUST_027,Starters,Nachos Grande,10,5,50,4/15/2022,Credit Card
ORD_933993,CUST_085,Drinks,Orange Juice,3,3,9,9/29/2023,Digital Wallet
ORD_712299,CUST_007,Main Dishes,,12,1,12,8/19/2022,
ORD_344061,CUST_052,Main Dishes,Pasta Alfredo,,2,24,5/5/2022,Digital Wallet
ORD_699369,CUST_038,Main Dishes,Grilled Chicken,15,3,45,3/26/2022,Digital Wallet
ORD_774895,CUST_068,Desserts,Ice Cream,5,5,25,6/6/2023,cash
ORD_322835,CUST_012,Drinks,Orange Juice,3,1,3,31-02-2023,Cash
ORD_435404,CUST_013,Starters,Cheese Fries,5,1,5,8/24/2023,Digital Wallet
ORD_262028,CUST_043,Main Dishes,Salmon,18,3,54,10/14/2022,Credit Card
ORD_640113,CUST_010,Desserts,Chocolate Cake,,1,6,12/28/2022,Cash
ORD_901146,CUST_012,Starters,,10,2,20,11/17/2023,
ORD_195810,CUST_036,Desserts,Fruit Salad,4,3,12,2/11/2023,Cash
ORD_204527,CUST_042,Starters,Cheese Fries,5,,20,7/27/2022,
ORD_149825,CUST_077,Side Dishes,Mashed Potatoes,4,3,12,9/6/2023,
ORD_769566,CUST_047,Desserts,Chocolate Cake,6,2,12,12/23/2022,Digital Wallet
ORD_713352,CUST_025,Desserts,Ice Cream,5,4,20,6/1/2023,Credit Card
ORD_814764,CUST_008,Main Dishes,Steak,20,5,100,4/23/2023,Cash
ORD_613621,CUST_024,Desserts,,,,,7/4/2023,
ORD_882488,CUST_053,Main Dishes,Pasta Alfredo,12,3,36,11/19/2022,Cash
ORD_275585,CUST_071,Side Dishes,Garlic Bread,4,3,12,8/26/2022,creditcard
ORD_328665,CUST_097,Side Dishes,,3,1,3,2/18/2023,Digital Wallet
ORD_693951,CUST_052,Main Dishes,,,4,72,12/23/2023,Digital Wallet
ORD_526743,CUST_012,Main Dishes,Salmon,18,2,36,8/30/2022,Digital Wallet
ORD_499860,CUST_085,MAIN DISHES,Pasta Alfredo,,1,12,9/11/2022,Credit Card
ORD_433088,CUST_019,Desserts,Ice Cream,5,5,25,7/8/2023,Cash
ORD_343007,CUST_066,Desserts,Chocolate Cake,6,2,12,9/25/2023, Digital Wallet
ORD_918599,CUST_087,Starters,Sweet Potato Fries,,3,15,5/27/2022,Credit Card
ORD_618052,CUST_019,Starters,French Fries,4,4,,3/9/2023,Cash
ORD_157168,CUST_057,DRINKS,Coca Cola,2.5,3,7.5,3/31/2022,Cash
ORD_821907,CUST_068,Desserts,Ice Cream,5,4,20,3/18/2022,Digital Wallet
ORD_676650,CUST_017,Side Dishes,Side Salad,3,3,9,3/20/2022,Cash
ORD_938501,CUST_025,Starters,Beef Chili,7,5,35,4/30/2022,Digital Wallet
ORD_916705,CUST_094,Desserts,Brownie,6,,30,4/8/2023,Cash
ORD_754819,CUST_086,Desserts,Chocolate Cake,6,2,12,9/19/2023,Cash
ORD_345466,CUST_043,Starters,French Fries,4,3,12,12/4/2022,Cash
ORD_999038,CUST_070,Side Dishes,Grilled Vegetables,5,1,5,12/9/2022,Cash
ORD_416833,CUST_094,Starters,Cheese Fries,5,2,10,3/19/2023,Cash
ORD_481963,CUST_018,Starters,Cheese Fries,5,1,5,9/9/2023,Digital Wallet
ORD_601990,CUST_029,Starters,Nachos Grande,10,4,40,5/23/2022,
ORD_620455,CUST_036,Desserts,,5,1,5,2/12/2023,Cash
ORD_973184,CUST_060,Desserts,Cheesecake,7,5,35,3/25/2023,Digital Wallet
ORD_296670,CUST_063,Drinks,Lemonade,3,2,,00/00/0000,Digital Wallet
ORD_547416,CUST_086,Side Dishes,Side Salad,3,2,6,2/10/2023,Cash
ORD_662064,CUST_042,Side Dishes,Garlic Bread,4,4,16,10/17/2022,digital wallet
ORD_392543,CUST_048,Drinks,Water,1,5,5,5/28/2022,Digital Wallet
ORD_837930,CUST_041,Side Dishes,Onion Rings,5,2,10,8/8/2023,Credit Card
ORD_787400,CUST_095,Side Dishes,Side Salad,3,5,15,6/15/2022,Cash
ORD_709631,CUST_007,drinks,Iced Tea,2.5,3,7.5,12/23/2022,Cash
ORD_491217,CUST_062,Starters,Cheese Fries,5,1,5,8/2/2022,
ORD_668027,CUST_077,Desserts,Fruit Salad,4,1,4,4/1/2023,cash 
ORD_188439,CUST_091,Desserts,Ice Cream,5,1,5,1/1/2023,
ORD_538575,CUST_061,Desserts,Fruit Salad,4,3,12,5/27/2023,Cash
ORD_336432,CUST_016,DRINKS,Orange Juice,3,2,6,5/11/2022,Cash
ORD_880052,CUST_037,Main Dishes,Grilled Chicken,15,2,30,12/9/2022,Credit Card
ORD_161897,CUST_098,Main Dishes,Grilled Chicken,15.0$,4,60,6/26/2023,Digital Wallet
ORD_450535,CUST_041,Main Dishes,Salmon,18,2,36,10/22/2022,cash 
ORD_968534,CUST_042,Side Dishes,Garlic Bread,4,4,16,12/25/2023,Digital Wallet
ORD_222259,CUST_069,Desserts,,,,,9/30/2022,
ORD_545076,CUST_022,Side Dishes,Onion Rings,5,3,15,5/2/2022,Digital Wallet
ORD_582517,CUST_080,Side Dishes,Onion Rings,5,3,15,8/17/2023,Credit Card
ORD_430067,CUST_071,Main Dishes,Pasta Alfredo,,2,24,6/19/2022,Cash
ORD_776687,CUST_038,Desserts,Chocolate Cake,6,1,6,9/29/2023,Cash
ORD_330615,CUST_057,Desserts,Cheesecake,7,,35,10/11/2023,Cash
ORD_476377,CUST_034,Drinks,Water,,2,2,10/17/2022,Digital Wallet
ORD_743939,CUST_043,Desserts,Fruit Salad,4,5,20,12/17/2022,Credit Card
ORD_555796,CUST_046,Starters,French Fries,4,4,16,8/2/2022,Digital Wallet
ORD_943057,CUST_028,Desserts,Chocolate Cake,6,2,12,12/11/2022,Credit Card
ORD_797247,CUST_015,Desserts,Ice Cream,5,5,25,10/26/2023,Digital Wallet
ORD_380249,CUST_091,Drinks,Iced Tea,2.5,5,12.5,11/30/2022,Digital Wallet
ORD_462998,CUST_098,Side Dishes,Mashed Potatoes,4,2,8,6/23/2022,
ORD_933600,CUST_007, Desserts,Ice Cream,5,1,5,7/4/2022,Digital Wallet
ORD_726137,CUST_032,Main Dishes,Pasta Alfredo,12,2,24,6/10/2023,Credit Card
ORD_667308,CUST_073,Desserts,Cheesecake,7,,14,6/29/2023,Credit Card
ORD_676300,CUST_073,Drinks,Water,1,1,1,5/16/2023,Credit Card
ORD_573274,CUST_021,Drinks,Iced Tea,2.5,1,2.5,7/7/2023,Cash
ORD_259976,CUST_038,Desserts,Fruit Salad,4,3,12,8/20/2022,Cash
ORD_759267,CUST_025,Main Dishes,Steak,20,1,20,7/2/2022,Digital Wallet
ORD_494849,CUST_100,Side Dishes,Garlic Bread,4,3,12,8/16/2023,Digital Wallet
ORD_342442,CUST_048,Desserts,Ice Cream,5,1,5,not a date,CASH
ORD_997515,CUST_018,Drinks,Coca Cola,2.5,4,10,7/17/2023,Digital Wallet
ORD_940446,CUST_081,Drinks,Coca Cola,2.5,1,2.5,10/4/2022,Digital Wallet
ORD_787832,CUST_002,Main Dishes,Salmon,18,4,72,4/20/2023,Credit Card
ORD_300117,CUST_074,Drinks,Iced Tea,2.5,4,10,5/2/2022,Credit Card
ORD_477169,CUST_090,Side Dishes,,3,3,,11/3/2022,Digital Wallet
ORD_179439,CUST_027,Side Dishes,,,4,20,12/6/2022,Cash
ORD_311420,CUST_009,Drinks,Lemonade,3,5,15,3/3/2022,Cash
ORD_523150,CUST_085,Desserts,Chocolate Cake,6,1,6,2023/99/99,CASH
ORD_440270,CUST_046,Side Dishes,,,5,15,abc,Cash
ORD_750595,CUST_020,Desserts,,,5,35,4/2/2022,
ORD_739107,CUST_042,Starters,,,5,25,12/8/2023,Digital Wallet
ORD_669229,CUST_059,Drinks,,,-5,,4/13/2022,
ORD_486751,CUST_060,Side Dishes,Side Salad,3,1,3,1/28/2023,Cash
ORD_980539,CUST_036,Desserts,Chocolate Cake,6,4,24,5/18/2022,
ORD_706205,CUST_073,Desserts,Cheesecake,,,28,11/27/2022,
ORD_692929,CUST_016,Starters,Cheese Fries,5,2,,9/18/2023,Cash
ORD_436489,CUST_093,Drinks,,3,5,15,1/1/2022,
ORD_230910,CUST_055, Starters,Chicken Melt,8,3,24,5/6/2023,Credit Card
ORD_458560,CUST_017,Side Dishes,,4,3,12,6/8/2022,Cash
ORD_810432,CUST_039,Side Dishes,Side Salad,-3,4,12,2/22/2023,Cash
ORD_685564,CUST_051,Drinks,,3,,15,9/2/2022,
ORD_724244,CUST_061,Side Dishes,Onion Rings,5.0$,2,10,1/20/2023,Digital Wallet
ORD_281505,CUST_043,starters,Sweet Potato Fries,5,4,20,3/29/2023,Digital Wallet
ORD_802887,CUST_082,Starters,Sweet Potato Fries,5,4,20,8/20/2023,Credit Card
ORD_330127,CUST_040,Starters,French Fries,4,5,20,3/21/2023,Credit Card
ORD_844118,CUST_073,Starters,Nachos Grande,10,1,10,6/13/2023,Cash
ORD_409624,CUST_004,Main Dishes,Pasta Alfredo,12,2,24,8/21/2023,Digital Wallet
ORD_871039,CUST_063,Starters,,,,,6/11/2022,
ORD_932661,CUST_014,Side Dishes,Mashed Potatoes,4,1,4,4/25/2023,Credit Card
ORD_545003,CUST_071,Side Dishes,Onion Rings,5,2,10,2/25/2022,Credit Card
ORD_457904,CUST_065,Drinks,Coca Cola,2.5,1,2.5,7/17/2023,Digital Wallet
ORD_644105,CUST_072,Starters,,,1,7,9/18/2022,e-wallet
ORD_614032,CUST_009,Side Dishes,Onion Rings,5,1,5,11/29/2023,Cash
ORD_491129,CUST_074,Desserts,Cheesecake,7,2,14,6/26/2023,e-wallet
ORD_322871,CUST_028,Starters,French Fries,4,,4,6/21/2022,Credit Card
ORD_376939,CUST_035,Starters,French Fries,4,,20,6/16/2022,Credit Card
ORD_646363,CUST_002,Side Dishes,Garlic Bread,4,1,,6/22/2023,Cash
ORD_266541,CUST_014,Drinks,,3,3,9,3/7/2022,Cash
ORD_269749,CUST_034,Starters,Chicken Melt,8,1,8,6/24/2023,Cash
ORD_456839,CUST_031,Side Dishes,Grilled Vegetables,,5,25,1/16/2022,Credit Card
ORD_995516,CUST_050,Side Dishes,Mashed Potatoes,4,2,8,2/24/2022,Digital Wallet
ORD_215360,CUST_081,Starters,French Fries,4,,20,1/20/2023,Cash
ORD_269858,CUST_035,Drinks,Coca Cola,2.5,5,12.5,4/26/2023,Cash
ORD_720388,CUST_025,Side Dishes,Garlic Bread,4,5,20,12/16/2023,Credit Card
ORD_732412,CUST_079,Starters,French Fries,4,,20,11/12/2022,Credit Card
ORD_278042,CUST_056,Drinks,,1,5,5,12/21/2023,Digital Wallet
ORD_314762,CUST_087,Desserts,Brownie,6,3,18,3/31/2022,Credit Card
ORD_956263,CUST_064,Desserts,Chocolate Cake,6,4,24,5/24/2022,Cash
ORD_692419,CUST_024,Side Dishes,Onion Rings,5,3,15,5/23/2023,
ORD_404018,CUST_005,Drinks,Coca Cola,2.5,2,5,3/4/2023,Credit Card
ORD_823635,CUST_022,Side Dishes,Side Salad,-3,1,3,3/11/2022,Digital Wallet
ORD_313103,CUST_043,Desserts,Cheesecake,7,,35,11/25/2023,Digital Wallet
ORD_686738,CUST_021,Starters,,8,5,40,12/23/2022,Digital Wallet
ORD_264989,CUST_052,Desserts,Chocolate Cake,6,4,24,6/30/2023, Digital Wallet
ORD_157269,CUST_098,Side Dishes,Side Salad,3,2,6,9/12/2022,Cash
ORD_586283,CUST_062,SIDE DISHES,Grilled Vegetables,5,1,5,9/26/2023,Cash
ORD_616806,CUST_044,Desserts,Chocolate Cake,6,5,30,6/17/2022,Cash
ORD_819563,CUST_005,Desserts,Chocolate Cake,6,1,6,5/29/2023,Cash
ORD_410395,CUST_090,Main Dishes,Salmon,18,5,90,6/25/2022,CASH
ORD_541045,CUST_001,Desserts,,-6,2,12,11/17/2022,
ORD_581457,CUST_067,Drinks,,,4,4,2/15/2023,
ORD_643404,CUST_049,Side Dishes,Side Salad,3,1,3,8/1/2023,Digital Wallet
ORD_737360,CUST_020,Drinks,Coca Cola,2.5,2,5,4/3/2023,
ORD_960203,CUST_023,Drinks,,,-3,9,10/22/2022,
ORD_235556,CUST_096,Desserts,Chocolate Cake,6,5,30,11/28/2022,
ORD_300793,CUST_044,Main Dishes,Pasta Alfredo,12,1,12,8/7/2022,cash
ORD_586230,CUST_069,Starters,Chicken Melt,8,3,24,abc,Cash
ORD_823440,CUST_018,Side Dishes,Garlic Bread,,2,8,2/24/2022,Cash
ORD_406302,CUST_008,Starters,French Fries,4,5,20,12/7/2022,Digital Wallet
ORD_585089,CUST_098,Starters,Sweet Potato Fries,5,1,5,8/28/2022,Digital Wallet
ORD_690778,CUST_014,Starters,French Fries,4,3,12,10/25/2023,Cash
ORD_827452,CUST_054,Starters,,10,3,30,1/13/2023,Digital Wallet
ORD_810133,CUST_025,Main Dishes,,,,,9/30/2022,
ORD_860347,CUST_014,Drinks,,,4,10,8/4/2022,Credit Card
ORD_626925,CUST_017,Desserts,Cheesecake,7,4,28,3/7/2023,Cash
ORD_574506,CUST_066,main dishes,Pasta Alfredo,12,2,24,3/7/2023, Digital Wallet
ORD_895860,CUST_086,Main Dishes,Grilled Chicken,15,5,75,1/26/2023,Credit Card
ORD_180512,CUST_077,Starters,Beef Chili,7,5,35,1/30/2023,Cash
ORD_433974,CUST_047,Drinks,,1,,4,9/4/2023,Credit Card
ORD_904077,CUST_020,Desserts,Chocolate Cake,6,2,12,,Credit Card
ORD_631687,CUST_097,Side Dishes,Side Salad,3,1,3,1/4/2022,Digital Wallet
ORD_311585,CUST_003,Main Dishes,Vegetarian Platter,14,2,28,8/10/2023,Digital Wallet
ORD_553387,CUST_050,Main Dishes,Steak,20,3,60,5/19/2023,Credit Card
ORD_641864,CUST_029,Main Dishes,Vegetarian Platter,14,3,42,8/3/2022,Cash
ORD_849019,CUST_044,Starters ,Beef Chili,7,4,28,1/24/2022,Credit Card
ORD_681382,CUST_093,Side Dishes,,5,5,25,12/1/2022,Digital Wallet
ORD_334281,CUST_025,Main Dishes,Steak,20,5,100,2022-13-05,Credit Card
ORD_763507,CUST_046,Side Dishes,Mashed Potatoes,4,2,,8/29/2022,Cash
ORD_623419,CUST_033,drinks,Coca Cola,,3,7.5,1/12/2023,digital wallet
ORD_638251,CUST_083,Starters,French Fries,4,1,,10/9/2022,Cash
ORD_305885,CUST_075,Side Dishes,Onion Rings,5,1,5,9/23/2023,Credit Card
ORD_210708,CUST_067,Drinks,Orange Juice,3,5,15,7/8/2022,Digital Wallet
ORD_677560,CUST_054,Main Dishes,Steak,,3,60,5/23/2023,Credit Card
ORD_989509,CUST_011,Side Dishes,Grilled Vegetables,5,2,10,11/7/2022,
ORD_496180,CUST_030,Desserts,Chocolate Cake,6,one,6,8/16/2022,Digital Wallet
ORD_359378,CUST_088,Starters,,4,,12,7/26/2022,
ORD_756757,CUST_018,Side dishes,,,,,3/5/2022,Cash
ORD_490476,CUST_086,Starters,French Fries,4,4,16,2/17/2023,Credit Card
ORD_140167,CUST_073,Drinks,Lemonade,3,,15,1/17/2023,Cash
ORD_269593,CUST_091,Drinks,,,2,5,9/2/2023,Credit Card
ORD_947310,CUST_080,Starters,Cheese Fries,5,4,20,1/21/2023,cash 
ORD_667243,CUST_015,Starters,Chicken Melt,8,3,24,8/17/2023,Cash
ORD_359888,CUST_069,Starters,Cheese Fries,5,2,10,5/12/2023,Cash
ORD_804288,CUST_075,Desserts,Fruit Salad,4,1,4,6/4/2022,Credit Card
ORD_349847,CUST_041,DESSERTS,,,,,12/24/2022,Digital Wallet
ORD_164972,CUST_045,Drinks,Orange Juice,3,2,6,6/25/2022,Cash
ORD_540953,CUST_097,Desserts,,,1,5,1/23/2023,
ORD_431791,CUST_004,Main Dishes,Vegetarian Platter,14,4,56,10/18/2023,Digital Wallet
ORD_453721,CUST_096,Desserts,,7,1,7,3/16/2022,Cash
ORD_697006,CUST_091,Side Dishes,Side Salad,3,4,12,9/2/2023,digital wallet
ORD_615873,CUST_051,SIDE DISHES,Mashed Potatoes,4,2,8,4/17/2022,
ORD_454571,CUST_090,Desserts,Chocolate Cake,6,1,6,6/20/2022,Digital Wallet
ORD_362790,CUST_056,Drinks,Water,1,4,4,10/27/2022,e-wallet
ORD_813349,CUST_063,Side Dishes,Mashed Potatoes,4,2,8,4/10/2022,Digital Wallet
ORD_593621,CUST_067,Starters,Cheese Fries,5,3,15,1/30/2022,Cash
ORD_382401,CUST_029,Desserts,Chocolate Cake,6,one,6,6/28/2022,Cash
ORD_932463,CUST_056,Desserts,Ice Cream,5,3,15,10/4/2023,Credit Card
ORD_121604,CUST_044,Desserts,Chocolate Cake,6,1,6,1/24/2022,Digital Wallet
ORD_712817,CUST_005,Desserts,Chocolate Cake,6,3,18,4/23/2022,Credit Card
ORD_785487,CUST_055,Desserts,Cheesecake,7,4,28,7/5/2022,Cash
ORD_647147,CUST_030,Desserts,Cheesecake,7,1,7,3/3/2023,Cash
ORD_108843,CUST_073,Main Dishes,Pasta Alfredo,12,5,60,6/17/2023,Cash
ORD_789610,CUST_053,Desserts,Ice Cream,5,5,25,1/19/2022,Cash
ORD_595155,CUST_038,Drinks,Orange Juice,3,,6,9/4/2022,Digital Wallet
ORD_840152,CUST_049,Starters,Chicken Melt,8,-1,8,9/11/2022,Cash
ORD_540799,CUST_091,Starters,French Fries,4,1,4,4/5/2022,Digital Wallet
ORD_346127,CUST_094,Drinks,Orange Juice,3,5,15,2/16/2022,
ORD_258927,CUST_010,Drinks,Lemonade,3,4,12,8/12/2022,Cash
ORD_439298,CUST_065,Side Dishes,Garlic Bread,4,2,8,4/19/2022,Digital Wallet
ORD_606000,CUST_038,Side Dishes,Onion Rings,-5,5,25,2/21/2023,Credit Card
ORD_642817,CUST_092,Desserts,,,,,7/21/2023,Digital Wallet
ORD_366879,CUST_032,Starters,Chicken Melt,8,5,40,10/5/2023,Digital Wallet
ORD_808129,CUST_021,Desserts,Cheesecake,7,,35,3/7/2023,Credit Card
ORD_120337,CUST_093,Main Dishes,Grilled Chicken,15,4,60,9/16/2023,Credit Card
ORD_466253,CUST_011,Desserts,Chocolate Cake,6,4,24,9/27/2023,Cash
ORD_452609,CUST_040,Starters,,,1,10,8/27/2022,
ORD_957079,CUST_091,Side Dishes,Mashed Potatoes,4,2,8,8/13/2022,e-wallet
ORD_439982,CUST_066,Main Dishes,Pasta Alfredo,12,5,60,8/24/2022,Digital Wallet
ORD_756015,CUST_067, Desserts,Ice Cream,5,5,25,4/6/2022,Credit Card
ORD_620454,CUST_044,Main Dishes,Steak,20,3,60,1/20/2022,Digital Wallet
ORD_434845,CUST_028,Side Dishes,Side Salad,3,,3,8/9/2022,Credit Card
ORD_317430,CUST_027,Desserts,Ice Cream,5,5,25,8/13/2022,Credit Card
ORD_653838,CUST_018,Desserts,Chocolate Cake,6,5,30,9/28/2022,Credit Card
ORD_516289,CUST_094,Side Dishes,Mashed Potatoes,4,,20,1/30/2022,Credit Card
ORD_867764,CUST_027,Desserts,Chocolate Cake,6,1,6,11/7/2022,Credit Card
ORD_672782,CUST_018,Starters,French Fries,4,3,12,2/9/2023,Digital Wallet
ORD_556602,CUST_087,Side Dishes,Grilled Vegetables,5,2,10,7/4/2022,Credit Card
ORD_454063,CUST_088,Starters,Chicken Melt,8,2,16,11/5/2022,Digital Wallet
ORD_187647,CUST_090,Side Dishes,Side Salad,3,3,9,12/31/2022,Digital Wallet
ORD_478598,CUST_080,Desserts,Cheesecake,7,,28,2/10/2022,Cash
ORD_317547,CUST_025,Side Dishes,Side Salad,3,1,3,8/16/2022,Credit Card
ORD_315124,CUST_002,side dishes,Mashed Potatoes,4,2,8,4/17/2023,Digital Wallet
ORD_908757,CUST_042,Starters,Sweet Potato Fries,5,1,5,1/13/2022,Digital Wallet
ORD_882435,CUST_087,Drinks,Coca Cola,2.5,5,12.5,1/5/2023,Cash
ORD_253664,CUST_088,Starters,French Fries,4,5,20,9/30/2022,Credit Card
ORD_551840,CUST_067,Drinks,Water,1,3,3,11/30/2023,Digital Wallet
ORD_552896,CUST_075,Drinks,Lemonade,3,4,12,10/14/2023,Credit Card
ORD_705631,CUST_096,Drinks,Iced Tea,,3,,1/10/2022,
ORD_457702,CUST_087,Starters,French Fries,,five,20,5/26/2022,Credit Card
ORD_381680,CUST_031,Main Dishes,Salmon,,5,90,7/20/2022,Digital Wallet
ORD_684439,CUST_068,Starters,Cheese Fries,5,1,5,5/26/2023,cash
ORD_338575,CUST_017,Drinks,Orange Juice,3,1,3,2/9/2023,Digital Wallet
ORD_253884,CUST_079,main dishes,Pasta Alfredo,12,4,48,7/23/2023,
ORD_355402,CUST_031,Starters,Cheese Fries,,1,5,2/7/2023,
ORD_904908,CUST_076,Main Dishes,Grilled Chicken,15,2,30,3/14/2022,cash
ORD_131272,CUST_066,Side Dishes,Onion Rings,5,1,5,12/5/2023,creditcard
ORD_942402,CUST_072,Drinks,Lemonade,3,4,12,7/30/2022,
ORD_673722,CUST_019,Starters,French Fries,,2,8,1/9/2023,Digital Wallet
ORD_507772,CUST_038,Main Dishes,Salmon,18,3,54,11/19/2022,Cash
ORD_777895,CUST_084,Starters,French Fries,4,2,8,1/13/2023,Digital Wallet
ORD_555678,CUST_091,Starters,Chicken Melt,8,3,24,10/8/2022,Digital Wallet
ORD_357330,CUST_023,Main Dishes,Grilled Chicken,15,5,75,1/1/2022,Digital Wallet
ORD_646106,CUST_100,Drinks,Water,1,1,1,11/1/2023,
ORD_919486,CUST_069,Drinks,Lemonade,3,5,15,10/24/2023,Cash
ORD_374878,CUST_094,Drinks,Lemonade,3,2,6,5/13/2022,Digital Wallet
ORD_874500,CUST_018,DRINKS,Water,1,,3,12/24/2022,Digital Wallet
ORD_341244,CUST_022,Side Dishes,Side Salad,,1,3,8/18/2022,Credit Card
ORD_395125,CUST_065,Desserts,Chocolate Cake,6,3,18,5/9/2023,
ORD_919769,CUST_073,main dishes,Pasta Alfredo,12,5,60,4/24/2022,cash 
ORD_222703,CUST_089,Drinks,Water,1,3,3,6/26/2023,Digital Wallet
ORD_392205,CUST_064,Main Dishes,Pasta Alfredo,12,4,48,5/19/2022,Digital Wallet
ORD_906055,CUST_093,Side Dishes,,,,,3/4/2022,
ORD_428332,CUST_014,Starters,Cheese Fries,5,4,,8/3/2022,Credit Card
ORD_931914,CUST_075,Side Dishes,Side Salad,3,,15,9/14/2022,Cash
ORD_887976,CUST_037,Desserts,,6,5,30,12/2/2023,Cash
ORD_160156,CUST_020,Desserts,Ice Cream,5,3,15,3/6/2023,Digital Wallet
ORD_505312,CUST_057,Starters,French Fries,4,4,16,9/2/2023,Credit Card
ORD_478123,CUST_068,Drinks,Coca Cola,2.5,3,7.5,7/24/2023,
ORD_289845,CUST_041,Main Dishes,Pasta Alfredo,12,,48,7/28/2023,Credit Card
ORD_877166,CUST_037,Desserts,Cheesecake,7,1,7,4/5/2022,Cash
ORD_310738,CUST_067,Main Dishes,,18,,,3/28/2022,cash
ORD_356915,CUST_064,Side Dishes,Onion Rings,5,2,10,7/29/2023,Cash
ORD_430609,CUST_058,Side Dishes,Onion Rings,5,3,15,7/30/2023,Credit Card
ORD_374042,CUST_052,Starters,Cheese Fries,5,4,20,5/1/2023,Cash
ORD_355089,CUST_048,Side Dishes,Onion Rings,5,3,15,8/16/2023,Credit Card
ORD_354218,CUST_004,Side Dishes,Side Salad,3,5,15,11/16/2022,Credit Card
ORD_194187,CUST_032,Drinks,Orange Juice,3,1,3,12/16/2022,Cash
ORD_757528,CUST_071,Main Dishes,Steak,,4,80,5/20/2022,Credit Card
ORD_999522,CUST_037,Desserts,Cheesecake,7,3,21,5/13/2023,Credit Card
ORD_700082,CUST_093,Main Dishes,,20,,40,6/22/2022,Cash
ORD_944556,CUST_095,Main  Dishes,Salmon,18,1,,4/16/2023,Credit Card
ORD_968250,CUST_047,Main Dishes,Salmon,18,2,36,10/2/2022,Credit Card
ORD_714914,CUST_062,Drinks,Water,1,1,1,1/14/2023,Digital Wallet
ORD_359093,CUST_012,Starters,French Fries,4,3,12,1/26/2022,Digital Wallet
ORD_144249,CUST_036,Desserts,Fruit Salad,4,3,12,12/1/2023,Digital Wallet
ORD_301074,CUST_020,Main Dishes,Pasta Alfredo,12,1,12,2/27/2023,Digital Wallet
ORD_728803,CUST_075,Side Dishes,Grilled Vegetables,5,5,25,8/6/2022,Credit Card
ORD_355683,CUST_086,Main  Dishes,Grilled Chicken,15,3,45,8/5/2022,Digital Wallet
ORD_360674,CUST_004,Side Dishes,,4,1,4,5/9/2023,
ORD_366778,CUST_088,Main Dishes,Grilled Chicken,15,5,75,8/11/2022,Cash
ORD_151357,CUST_082,Starters,Chicken Melt,8,,32,9/1/2022,
ORD_132122,CUST_060,Main Dishes,Steak,20,4,80,6/28/2022,Credit Card
ORD_523357,CUST_076,Desserts,Chocolate Cake,6.0$,,24,3/31/2022,Cash
ORD_495504,CUST_068,Starters,Beef Chili,7,2,14,12/5/2022, Cash
ORD_322136,CUST_051,Main Dishes,Steak,20.0$,3,60,7/9/2023,Credit Card
ORD_896691,CUST_053,Desserts,Ice Cream,5,4,20,10/25/2023,Digital Wallet
ORD_177122,CUST_020,Starters,,5,3,15,8/4/2023,Digital Wallet
ORD_853017,CUST_097,Desserts,Brownie,6,3,18,2/2/2023,Digital Wallet
ORD_403003,CUST_012,Starters,Chicken Melt,8,4,32,6/25/2023,Digital Wallet
ORD_172821,CUST_053,Main Dishes,Grilled Chicken,15,4,60,3/10/2022,Cash
ORD_375253,CUST_053,Desserts,Chocolate Cake,6,1,,6/1/2022,Digital Wallet
ORD_369137,CUST_046,Main Dishes,Steak,20,1,20,6/7/2023,Digital Wallet
ORD_868442,CUST_050,Drinks,Water,1,3,3,11/14/2023,Digital Wallet
ORD_360277,CUST_064,Main Dishes,,,,80,9/18/2022,
ORD_887895,CUST_018,Starters,French Fries,4,3,12,4/11/2022,Cash
ORD_101613,CUST_001,Starters,French Fries,4,,12,8/25/2023,Credit Card
ORD_272385,CUST_009,Starters,Nachos Grande,10,2,20,7/21/2022,Digital Wallet
ORD_369400,CUST_050,Desserts,Brownie,6,5,30,12/3/2022,Digital Wallet
ORD_327500,CUST_081,Main Dishes,Salmon,18,1,18,3/25/2023,
ORD_652663,CUST_002,Desserts,Cheesecake,7,3,21,11/7/2023,Digital Wallet
ORD_118433,CUST_019,Main Dishes,Steak,20,two,40,7/30/2023,Digital Wallet
ORD_983628,CUST_081,Desserts,Ice Cream,5,1,5,1/11/2023,Digital Wallet
ORD_526794,CUST_092,MAIN DISHES,,,,,4/6/2022,Credit Card
ORD_649619,CUST_023,Starters,Cheese Fries,5,5,25,6/21/2022,Digital Wallet
ORD_534162,CUST_033,Desserts,Brownie,6,-2,12,4/2/2022,Cash
ORD_859732,CUST_090,Starters,Cheese Fries,5,2,10,5/2/2023,Cash
ORD_916421,CUST_028,Side Dishes,Side Salad,3,4,12,6/30/2022,Digital Wallet
ORD_167214,CUST_093,Starters,French Fries,4,4,,8/9/2023,Cash
ORD_833638,CUST_025,Side Dishes,Grilled Vegetables,,2,10,3/2/2022,Cash
ORD_268523,CUST_079,Side Dishes,Mashed Potatoes,4,5,20,10/6/2023,
ORD_141746,CUST_008,Side Dishes,Side Salad,3,1,3,11/4/2023,Cash
ORD_459153,CUST_079,Main  Dishes,Pasta Alfredo,12,1,12,5/27/2023,Credit Card
ORD_870402,CUST_071,Starters,Beef Chili,7,,7,2/28/2022,Credit Card
ORD_329402,CUST_057,Side Dishes,Side Salad,3,4 items,12,9/8/2023,Digital Wallet
ORD_177696,CUST_032,Side Dishes,Side Salad,3,2,6,10/13/2022,Cash
ORD_932728,CUST_018,Drinks,Coca Cola,2.5,3,7.5,9/25/2023,Cash
ORD_649156,CUST_097,Side dishes,Mashed Potatoes,4,4,16,11/10/2023,Cash
ORD_972640,CUST_039,Desserts,Brownie,6,4,24,4/22/2022,Cash
ORD_921207,CUST_032,Main Dishes,Vegetarian Platter,14.0$,3,42,9/6/2022,Cash
ORD_704734,CUST_086,Main Dishes,Pasta Alfredo,12,2,24,9/26/2022,Credit Card
ORD_761211,CUST_015,Side Dishes,Side Salad,3.0$,2,6,11/25/2022,Cash
ORD_882930,CUST_052,Drinks,Coca Cola,2.5,5,12.5,10/7/2022,Cash
ORD_482440,CUST_079,Starters,Sweet Potato Fries,5,3,,4/4/2023,Cash
ORD_902363,CUST_043,Starters,Beef Chili,7,4,28,8/1/2023,Credit Card
ORD_326366,CUST_086,Side Dishes,Mashed Potatoes,4,1,4,6/3/2022,Credit Card
ORD_204254,CUST_014,Drinks,,3,3,9,2/26/2023,Cash
ORD_105833,CUST_010,Side Dishes,Side Salad,3,5,15,1/22/2022,Cash
ORD_889324,CUST_042,Desserts,Ice Cream,5.0$,4,20,10/2/2022,Digital Wallet
ORD_666980,CUST_062,Main Dishes,Vegetarian Platter,,2,28,9/21/2022,Credit Card
ORD_654137,CUST_065,Desserts,,6,2,12,10/3/2022,credit card
ORD_826391,CUST_040,Side Dishes,Mashed Potatoes,4,5,20,2/18/2022,Cash
ORD_842585,CUST_097,Side Dishes,Mashed Potatoes,4,1,4,10/24/2022,Cash
ORD_648770,CUST_049,Desserts,Cheesecake,7,,7,7/4/2022,Credit Card
ORD_887290,CUST_080,Drinks,Lemonade,3,4,12,4/10/2023,Cash
ORD_672527,CUST_059,Drinks,Water,1,2,2,6/3/2023,Cash
ORD_739789,CUST_081,Starters,French Fries,4,3,12,9/14/2022,Digital Wallet
ORD_939542,CUST_012,Starters,Chicken Melt,8,4,32,3/7/2022,Credit Card
ORD_247433,CUST_061,Side Dishes,Grilled Vegetables,5,4,20,7/10/2023,
ORD_785927,CUST_100,Main Dishes,Grilled Chicken,15,1,15,11/11/2022,Digital Wallet
ORD_706631,CUST_038,Starters,Sweet Potato Fries,5,1,5,11/18/2022,Cash
ORD_847323,CUST_067,Drinks,,3,1,3,3/29/2022,Credit Card
ORD_814752,CUST_003,Desserts,,,2,12,2/10/2022,
ORD_555929,CUST_045,Side Dishes,Onion Rings,5,1,5,9/18/2022,Credit Card
ORD_879065,CUST_001,Starters,,4,1,4,12/15/2022,digital wallet
ORD_853497,CUST_098,MAIN DISHES,,,5,90,8/15/2023,Digital Wallet
ORD_583878,CUST_033,MAIN DISHES,Pasta Alfredo,12,4,48,3/11/2022,Credit Card
ORD_586888,CUST_005,Drinks,Coca Cola,2.5,1,2.5,8/2/2023,Credit Card
ORD_827758,CUST_056,Side Dishes,Garlic Bread,4,4,16,6/5/2023,Credit Card
ORD_507882,CUST_062,Desserts,Ice Cream,5,4,20,6/20/2022,Cash
ORD_691750,CUST_012,Drinks,Coca Cola,2.5,3,7.5,1/5/2022,Credit Card
ORD_530893,CUST_013,Starters,Nachos Grande,10,5,50,3/21/2023,Credit Card
ORD_724736,CUST_078,Main Dishes,,,,,12/7/2022,
ORD_917013,CUST_041,Main Dishes,Pasta Alfredo,12,2,24,12/2/2022,
ORD_327448,CUST_100,Side Dishes,Side Salad,3,3,9,8/7/2023,Digital Wallet
ORD_198994,CUST_065,Side Dishes,Onion Rings,5,4,20,1/28/2023,Credit Card
ORD_278015,CUST_020,Main Dishes,Salmon,18,3,54,2/12/2023,
ORD_870688,CUST_053,Starters,Chicken Melt,8,2,16,5/1/2023,Credit Card
ORD_173999,CUST_080,Side Dishes,Mashed Potatoes,4,1,4,10/1/2023,Credit Card
ORD_664725,CUST_001,Main Dishes,Pasta Alfredo,12,5,60,12/18/2023,Cash
ORD_852523,CUST_012,Desserts,,,,,11/25/2023,Digital Wallet
ORD_633384,CUST_075,Desserts,Ice Cream,5,2,10,2/7/2023,Credit Card
ORD_207226,CUST_023,Main Dishes,Vegetarian Platter,14,,28,2/1/2023,Cash
ORD_819604,CUST_031,Starters,Beef Chili,7,4,28,10/26/2022,
ORD_762890,CUST_043,Starters,French Fries,4,1,4,12/30/2023, Digital Wallet
ORD_369955,CUST_011,Desserts,Ice Cream,5,3,15,12/15/2023,Digital Wallet
ORD_701608,CUST_090,Starters,Beef Chili,7,4,28,11/4/2023,digital wallet
ORD_871342,CUST_023,Main Dishes,Pasta Alfredo,12,3,36,6/5/2022,Credit Card
ORD_385711,CUST_089,Starters,Beef Chili,7,4,28,10/27/2023,Credit Card
ORD_845422,CUST_082,Main Dishes,Vegetarian Platter,14,4,56,1/27/2023,Credit Card
ORD_852996,CUST_077,Starters,Cheese Fries,5,2,10,9/26/2023,Credit Card
ORD_835524,CUST_051,Main Dishes,Grilled Chicken,15,1,15,3/28/2023,Digital Wallet
ORD_824592,CUST_029,Desserts,Chocolate Cake,6,5,30,8/7/2023,
ORD_201853,CUST_079,Side Dishes,Onion Rings,5,4,20,5/5/2022,Cash
ORD_282976,CUST_010,Drinks,Lemonade,3,5,15,4/5/2022,Cash
ORD_253455,CUST_044,Main Dishes,Vegetarian Platter,14,,70,10/17/2022,Cash
ORD_487512,CUST_050,Drinks,,,,,5/15/2022,Cash
ORD_891881,CUST_066,Side Dishes,Grilled Vegetables,5,2,10,7/30/2022,Cash
ORD_464832,CUST_056,Drinks,Iced Tea,2.5,4,10,12/29/2022,DIGITAL WALLET
ORD_567245,CUST_100,Side Dishes,Grilled Vegetables,5,2,10,10/5/2023,Cash
ORD_393935,CUST_051,Main Dishes,Grilled Chicken,15,3,45,7/30/2022,Digital Wallet
ORD_420093,CUST_017,Main Dishes,Pasta Alfredo,12,4,48,6/2/2022,Digital Wallet
ORD_356907,CUST_006,Drinks,Orange Juice,,5,15,2/12/2023,Credit Card
ORD_514166,CUST_054,Drinks,Water,1,3,3,4/28/2023,Credit Card
ORD_804574,CUST_005,Main Dishes,Grilled Chicken,15,4,60,8/26/2023,Credit Card
ORD_817037,CUST_087,Desserts,Ice Cream,5,3,15,7/1/2022,Credit Card
ORD_547274,CUST_062,Main Dishes,Grilled Chicken,15,5,75,6/29/2022,Cash
ORD_122644,CUST_011,Side Dishes,Side Salad,3,1,3,12/31/2022,Digital Wallet
ORD_271238,CUST_098,Desserts,Brownie,6,3,18,3/31/2022, Digital Wallet
ORD_692954,CUST_065,Side Dishes,Mashed Potatoes,4,3,12,5/16/2022,
ORD_822252,CUST_099,Side Dishes,Mashed Potatoes,4,2,8,10/28/2023,Digital Wallet
ORD_123842,CUST_051,Side Dishes,Onion Rings,5,4 items,20,3/6/2022, Digital Wallet
ORD_353876,CUST_034,Desserts,Cheesecake,7,5,35,1/21/2023,Credit Card
ORD_782900,CUST_075,Main Dishes,Steak,20,5,100,12/27/2023,Digital Wallet
ORD_991931,CUST_054,Main Dishes,Salmon,,5,90,3/9/2022,Cash
ORD_162644,CUST_075,Side Dishes,Side Salad,,2,6,9/8/2022,Cash
ORD_572598,CUST_027,Main Dishes,,12,3,36,11/9/2023,Credit Card
ORD_755686,CUST_041,Side Dishes,Garlic Bread,4,2,8,12/29/2023,DIGITAL WALLET
ORD_234225,CUST_096,Side Dishes,,4,2,8,7/6/2023,Cash
ORD_868288,CUST_001,Drinks,Coca Cola,2.5,4,10,1/31/2023,Cash
ORD_399136,CUST_088,Main Dishes,Grilled Chicken,15,4,60,3/17/2023,Credit Card
ORD_600795,CUST_082,Starters,Nachos Grande,10,3,30,6/5/2023,Digital Wallet
ORD_746822,CUST_053,Side Dishes,Side Salad,3,2,6,10/3/2023,CREDIT CARD
ORD_100569,CUST_002,Starters,French Fries,4,5,20,8/19/2022,Digital Wallet
ORD_486182,CUST_010,Starters,Sweet Potato Fries,5,5,25,6/8/2023,Cash
ORD_575725,CUST_059,Side Dishes,Side Salad,3,2,6,5/17/2023,
ORD_800821,CUST_067,Drinks,Coca Cola,2.5,3,7.5,6/14/2022,Digital Wallet
ORD_607088,CUST_034,Starters,Chicken Melt,8,-1,8,9/8/2022,Credit Card
ORD_309570,CUST_092,Desserts,Chocolate Cake,6,2,12,7/15/2022,Cash
ORD_616722,CUST_046,MAIN DISHES,,,3,36,5/10/2023,Cash
ORD_831630,CUST_095,Desserts,Brownie,6.0$,2,12,9/20/2022,Cash
ORD_969967,CUST_052,Drinks,Coca Cola,2.5,1,2.5,5/7/2023,Cash
ORD_315482,CUST_066,Desserts,Brownie,,2,12,6/24/2023,Credit card 
ORD_843066,CUST_099,Starters,French Fries,4,5,20,8/19/2022,Digital Wallet
ORD_271686,CUST_045,Side Dishes,Onion Rings,5,3,15,5/9/2022,Credit Card
ORD_623578,CUST_022,Side Dishes,Side Salad,3,1,3,8/25/2022,Cash
ORD_962643,CUST_045,Desserts,Cheesecake,7,1,7,5/29/2023,
ORD_902913,CUST_039,Desserts,Fruit Salad,4,3,12,11/17/2022,
ORD_939091,CUST_096,Starters,Cheese Fries,5,2,10,12/23/2023,Credit card 
ORD_742740,CUST_073,Drinks,Lemonade,3,5,15,4/15/2022,Cash
ORD_229691,CUST_086,Main Dishes,Pasta Alfredo,12,4,48,12/26/2022,Digital Wallet
ORD_822030,CUST_030,Drinks,Lemonade,3,1,3,12/5/2023,
ORD_955201,CUST_037,Main Dishes,Grilled Chicken,15,4,60,12/31/2022,Credit Card
ORD_633433,CUST_009,Side Dishes,,,3,12,7/29/2022,Digital Wallet
ORD_646592,CUST_030,Desserts,Chocolate Cake,6,5,30,11/1/2022,Digital Wallet
ORD_560988,CUST_022,Drinks,Water,-1,2,2,4/12/2022,Cash
ORD_287514,CUST_019,Side Dishes,Mashed Potatoes,4,3,12,5/27/2022,Digital Wallet
ORD_937972,CUST_053,Main Dishes,Steak,,1,20,7/5/2022,Digital Wallet
ORD_590539,CUST_097,Side Dishes,Grilled Vegetables,5,4,20,11/6/2023,Credit Card
ORD_390566,CUST_097,Drinks ,,3,5,15,4/27/2023,Digital Wallet
ORD_605964,CUST_067,Starters,Cheese Fries,5,-1,5,4/26/2022,Digital Wallet
ORD_836781,CUST_047,Desserts,Cheesecake,7,2,14,5/30/2023,Cash
ORD_695536,CUST_094,Side Dishes,Side Salad,3,5,15,12/19/2022,Cash
ORD_931157,CUST_087,Drinks,Coca Cola,2.5,,12.5,12/27/2023,Credit Card
ORD_317873,CUST_032,Main Dishes,,12,3,36,4/26/2023,
ORD_890184,CUST_076,Starters,Sweet Potato Fries,5,4,20,11/4/2022,Credit Card
ORD_590570,CUST_055,Side Dishes,Side Salad,3,5,15,7/17/2023,credit card
ORD_543849,CUST_072,Drinks,Orange Juice,3,4,12,1/3/2022,
ORD_112525,CUST_055,Side Dishes,Mashed Potatoes,4,2,8,4/1/2022,Credit Card
ORD_756021,CUST_071,Desserts,Cheesecake,7,3,21,2/27/2023,Cash
ORD_464906,CUST_007,Drinks,Water,1,5,5,11/14/2022,
ORD_740994,CUST_011,Side Dishes,,3,1,3,5/1/2023,Digital Wallet
ORD_891244,CUST_040,Main Dishes,Vegetarian Platter,14,2,28,12/1/2023,Cash
ORD_914808,CUST_050,Desserts,Ice Cream,5,4,20,9/23/2023,Credit Card
ORD_954770,CUST_057,Main Dishes,Grilled Chicken,15,2,,12/25/2022,Cash
ORD_230942,CUST_068,Drinks,,2.5,2,5,9/25/2023,Digital Wallet
ORD_689048,CUST_008,Drinks,Water,1,2,2,11/11/2022,Credit Card
ORD_698499,CUST_090,Main Dishes,Grilled Chicken,15,3,45,7/13/2023,Cash
ORD_145213,CUST_017,Side Dishes,Mashed Potatoes,4,5,20,5/16/2022,Digital Wallet
ORD_912849,CUST_004,Side Dishes,,,,,8/14/2023,Digital Wallet
ORD_890620,CUST_025,Drinks,,,,,1/27/2022,
ORD_270326,CUST_059,Drinks,Orange Juice,3,2,6,8/22/2023,Digital Wallet
ORD_120996,CUST_008,Main Dishes,Grilled Chicken,15.0$,3,45,10/18/2022,Digital Wallet
ORD_684535,CUST_015,Drinks,Coca Cola,2.5,3,,6/20/2022,Cash
ORD_315159,CUST_011,Desserts,Brownie,6,1,6,12/19/2022,Digital Wallet
ORD_558789,CUST_057,Starters,Chicken Melt,8,3,24,5/23/2023,Cash
ORD_221387,CUST_006,Desserts,Fruit Salad,,3,12,8/22/2023,
ORD_753094,CUST_097,Starters,Sweet Potato Fries,5,1,5,8/27/2022,Cash
ORD_151380,CUST_070,Side Dishes,,,,,4/20/2023,
ORD_561153,CUST_092,Starters,Cheese Fries,5,2,10,7/1/2022,Credit Card
ORD_900131,CUST_022,Starters,Beef Chili,7,5,35,12/26/2023,Digital Wallet
ORD_307689,CUST_066,Main Dishes,Steak,20,4,80,12/20/2023,cash 
ORD_112803,CUST_058,Side Dishes,,,,,7/18/2023,Cash
ORD_188990,CUST_085,Desserts,Fruit Salad,,5,20,8/8/2023,Cash
ORD_521020,CUST_041,Main Dishes,Grilled Chicken,15,1,15,3/20/2022,Cash
ORD_589297,CUST_064,Desserts,Chocolate Cake,6,1,6,5/4/2022,Cash
ORD_486201,CUST_088,Drinks,Iced Tea,2.5,3,7.5,1/8/2023,Cash
ORD_795807,CUST_028,Desserts,Brownie,,4,24,7/20/2022,Digital Wallet
ORD_483494,CUST_039,Side Dishes,Mashed Potatoes,4,5,20,1/19/2023,Cash
ORD_194956,CUST_074,Side Dishes,Mashed Potatoes,4,5,20,7/27/2022,
ORD_675681,CUST_011,Starters,French Fries,4,5,20,1/17/2022,Credit Card
ORD_232381,CUST_016,Desserts,Ice Cream,5,4,20,2/15/2023,Digital Wallet
ORD_843667,CUST_095,Drinks,Coca Cola,2.5,4,10,5/3/2022,Credit Card
ORD_788360,CUST_032,Desserts,Ice Cream,5,4,20,7/14/2023,Digital Wallet
ORD_871870,CUST_005,Desserts,,6,3,18,3/27/2023,
ORD_143287,CUST_086,Starters ,Sweet Potato Fries,5,2,10,11/13/2022,Digital Wallet
ORD_383544,CUST_003,Main Dishes,Vegetarian Platter,14,3 items,42,6/22/2023,Digital Wallet
ORD_638136,CUST_098,Drinks,,2.5,5,12.5,2023/99/99,Credit Card
ORD_507977,CUST_063,Side Dishes,,3,3,9,3/16/2022,
ORD_200136,CUST_097,Starters,Cheese Fries,5,5,25,10/11/2022,Cash
ORD_514805,CUST_020,Desserts,Ice Cream,5,1,5,5/21/2022,Credit Card
ORD_582474,CUST_075,Side Dishes,Mashed Potatoes,4,4,,10/16/2023,Cash
ORD_106272,CUST_040,Drinks,Coca Cola,2.5,3,7.5,5/2/2022,Credit Card
ORD_939308,CUST_064,Drinks,Water,-1,2,,12/26/2023,Cash
ORD_705908,CUST_033,Drinks,Iced Tea,2.5,4,10,5/4/2023,Credit Card
ORD_429484,CUST_062,Drinks,Orange Juice,3,5,15,8/10/2023,Credit Card
ORD_835110,CUST_076,Desserts,,5,4,20,1/5/2023,Credit Card
ORD_269971,CUST_042,Desserts,Ice Cream,5,five,25,2/9/2022,Cash
ORD_310274,CUST_014,Drinks,Orange Juice,3,5,15,5/6/2023,Credit Card
ORD_912775,CUST_013,Side Dishes,Grilled Vegetables,5,5,25,3/9/2023,Digital Wallet
ORD_217398,CUST_030,Main Dishes,Steak,20,1,20,4/29/2023,Credit Card
ORD_964970,CUST_077,Main Dishes,Steak,20,5,100,11/20/2022,Digital Wallet
ORD_762478,CUST_072,Desserts,Ice Cream,5,1,5,12/10/2023,Cash
ORD_635345,CUST_090,Main  Dishes,Pasta Alfredo,12,5,60,3/7/2023,
ORD_744179,CUST_009,Desserts,Brownie,6,3,18,6/8/2023,Credit Card
ORD_280799,CUST_096,Starters,,4,3,12,12/23/2023,Cash
ORD_149660,CUST_019,Drinks,Water,1,4,4,10/3/2022,Digital Wallet
ORD_956109,CUST_072,Drinks,Coca Cola,2.5,3,7.5,11/5/2022, Digital Wallet
ORD_525841,CUST_076,Side Dishes,Grilled Vegetables,5,1,5,4/2/2022,Credit Card
ORD_169510,CUST_021,Drinks,Orange Juice,3,1,3,2/23/2023,Cash
ORD_468557,CUST_059,Desserts,Chocolate Cake,6,4,24,4/18/2022,Digital Wallet
ORD_261070,CUST_033,Starters,Cheese Fries,5,3,15,3/31/2022,Credit card 
ORD_817128,CUST_092,Main Dishes,Grilled Chicken,15,2,30,6/14/2023,Cash
ORD_150723,CUST_040,Main  Dishes,Pasta Alfredo,12,3,36,9/20/2022,Cash
ORD_193273,CUST_051,Desserts,Fruit Salad,4,1,4,9/26/2022,Credit Card
ORD_649212,CUST_010,Starters ,Nachos Grande,10,2,20,7/3/2023,Credit Card
ORD_522550,CUST_079,Desserts,Ice Cream,,3,15,8/25/2023,
ORD_796058,CUST_061,Starters,Sweet Potato Fries,5,2,10,10/11/2023,Digital Wallet
ORD_958308,CUST_091,Desserts,,7,1,7,1/25/2022,Digital Wallet
ORD_572426,CUST_065,Desserts,Ice Cream,5,3,15,5/11/2022,Digital Wallet
ORD_759072,CUST_021,Main Dishes,Steak,20,3,60,1/19/2022,Credit Card
ORD_785987,CUST_098,SIDE DISHES,,3,2,6,8/31/2022,credit card
ORD_190052,CUST_061,Main Dishes,Steak,20,2,40,3/12/2022,Digital Wallet
ORD_766410,CUST_020,Side Dishes,Onion Rings,5,3,15,10/26/2023,Credit Card
ORD_684678,CUST_066,Side Dishes,,5,5 items,25,8/16/2022, Digital Wallet
ORD_680745,CUST_008,Main Dishes,Salmon,18,3,54,9/5/2023,Digital Wallet
ORD_114752,CUST_014,Starters,,,four,32,11/12/2022,Credit Card
ORD_240230,CUST_094,Drinks,Water,1,3,3,12/13/2022,Cash
ORD_736715,CUST_007,Drinks,Iced Tea,2.5,5,12.5,6/18/2022,Credit Card
ORD_278244,CUST_085,Drinks,Coca Cola,2.5,3,7.5,10/29/2022,Credit Card
ORD_824904,CUST_062,Side Dishes,Garlic Bread,4,4,16,1/19/2022,Cash
ORD_421256,CUST_059,Main Dishes,Grilled Chicken,15,5,75,9/11/2022,Cash
ORD_598368,CUST_070,Drinks,Orange Juice,3,2,,6/21/2022,Credit Card
ORD_624508,CUST_028,Drinks,Orange Juice,3,1,3,4/27/2023,
ORD_182625,CUST_034,Starters,Cheese Fries,5,1,5,3/9/2022,Cash
ORD_577245,CUST_056,Side Dishes,Side Salad,3,5,15,1/4/2022,Credit Card
ORD_115879,CUST_063,Main Dishes,Grilled Chicken,15,1,15,10/18/2023,Cash
ORD_974594,CUST_050,Starters,,5,5,,2/25/2022,Credit Card
ORD_452061,CUST_069,Side Dishes,Side Salad,3,2,6,5/23/2023,Cash
ORD_697018,CUST_010,MAIN DISHES,Pasta Alfredo,12,2,24,8/27/2023,Credit Card
ORD_897674,CUST_004,Side Dishes,Grilled Vegetables,5,4,20,12/23/2023,Credit Card
ORD_805967,CUST_070,Side Dishes,Side Salad,3,3,9,12/24/2023,Cash
ORD_594119,CUST_052,Side Dishes,Mashed Potatoes,4,4,16,9/5/2022,Credit Card
ORD_833202,CUST_065,Main Dishes,Pasta Alfredo,12,1,12,2/12/2022,e-wallet
ORD_828904,CUST_007,Starters,,5,4,20,8/26/2023,Digital Wallet
ORD_564005,CUST_079,Side Dishes,Grilled Vegetables,5,3,15,10/7/2023,Cash
ORD_398335,CUST_047,Main Dishes,Grilled Chicken,15,4,60,8/9/2023,CASH
ORD_172761,CUST_045,Desserts,Cheesecake,7,5,35,11/2/2023,
ORD_276948,CUST_055,Drinks,Water,1,2,2,6/20/2023,Credit Card
ORD_650189,CUST_013,Desserts,Chocolate Cake,6,1,6,5/23/2023,Cash
ORD_208887,CUST_025,DESSERTS,Chocolate Cake,6,1,6,8/30/2022,
ORD_284705,CUST_076,Side Dishes,Grilled Vegetables,5,,5,5/24/2023,Credit Card
ORD_616852,CUST_006,Main Dishes,Grilled Chicken,15,4,60,12/17/2022,Cash
ORD_619874,CUST_031,Starters,Nachos Grande,10,3,30,10/13/2023,Cash
ORD_376310,CUST_100,Main Dishes,Pasta Alfredo,12,1,12,11/9/2022,Cash
ORD_362210,CUST_031,Desserts,,4,1,4,11/29/2023, Digital Wallet
ORD_737107,CUST_009,Main Dishes,Pasta Alfredo,12,3,36,12/26/2023,Digital Wallet
ORD_447004,CUST_087,Starters,,,,,7/4/2023,Credit Card
ORD_897101,CUST_073,Side Dishes,Mashed Potatoes,4,5,20,8/8/2022,Digital Wallet
ORD_379982,CUST_012,Main Dishes,Pasta Alfredo,12,2,24,1/17/2022,Credit Card
ORD_199471,CUST_026,Starters,Nachos Grande,10,2,20,7/23/2023,
ORD_908831,CUST_046,Drinks,Lemonade,3,1,3,9/26/2023,Credit Card
ORD_525285,CUST_039,Side Dishes,Grilled Vegetables,5,1,5,7/28/2023,Cash
ORD_509924,CUST_057,Main Dishes,Vegetarian Platter,14,5,70,3/7/2022,Credit Card
ORD_841849,CUST_064,Desserts,,,-2,,11/3/2022,Digital Wallet
ORD_115173,CUST_004, Starters,Sweet Potato Fries,,2,10,12/19/2022,Credit Card
ORD_575143,CUST_034,Drinks,Orange Juice,3,2,6,12/31/2023,
ORD_976478,CUST_059,Side Dishes,Side Salad,3,4,12,6/27/2022,
ORD_251184,CUST_048,Desserts,Ice Cream,5,1,5,2/25/2022,Cash
ORD_655843,CUST_082,Desserts,Brownie,6,5,30,9/30/2023,Cash
ORD_905300,CUST_005,Desserts,,6,2,12,6/25/2022,Credit Card
ORD_133000,CUST_042,Side Dishes,Garlic Bread,4,5,20,8/23/2022,Digital Wallet
ORD_866922,CUST_008,Drinks,Iced Tea,2.5,2,5,2/21/2022,Cash
ORD_539086,CUST_059,Side Dishes,Garlic Bread,4,5,20,8/20/2023,Credit Card
ORD_514522,CUST_055,Desserts,Ice Cream,5,4,20,3/20/2023,Digital Wallet
ORD_390422,CUST_091,Starters,Cheese Fries,5,3,15,8/29/2022,Cash
ORD_910191,CUST_068,Main Dishes,Steak,20,4,80,10/23/2022,Cash
ORD_420624,CUST_095,Side Dishes,,5,5,25,3/18/2023,Digital Wallet
ORD_740589,CUST_009,Side Dishes,Mashed Potatoes,4,4,,3/29/2022,Digital Wallet
ORD_974141,CUST_062,Side Dishes,Mashed Potatoes,4,2,8,7/4/2023,Digital Wallet
ORD_469269,CUST_075,Main Dishes,Steak,20,3,60,7/13/2022,Digital Wallet
ORD_774578,CUST_030,Drinks,Lemonade,3,4,12,12/31/2023,Credit card 
ORD_596774,CUST_098,Main Dishes,Grilled Chicken,15,3,45,5/28/2023,Cash
ORD_927180,CUST_043,Starters,Cheese Fries,5,4,20,12/16/2023,Cash
ORD_528176,CUST_042,Main Dishes,,,,,5/26/2023,Cash
ORD_914208,CUST_067,Main Dishes,Steak,20,2,40,3/31/2022,Credit Card
ORD_361022,CUST_068,Drinks,Coca Cola,2.5,5,12.5,11/26/2023,
ORD_361003,CUST_054,Side Dishes,Side Salad,3,1,3,6/4/2022,
ORD_952319,CUST_090,Drinks,,1,2,2,7/5/2022,
ORD_105005,CUST_082,Starters,French Fries,4,5,20,1/17/2022,
ORD_466809,CUST_009,Main Dishes,Pasta Alfredo,12,5,60,6/30/2022,Digital Wallet
ORD_183367,CUST_099,MAIN DISHES,Salmon,,1,18,3/8/2022,Digital Wallet
ORD_763973,CUST_058,Desserts,Ice Cream,5,5,25,11/4/2023,Digital Wallet
ORD_787728,CUST_033,DESSERTS,Fruit Salad,4,5,20,2/25/2023, Digital Wallet
ORD_103562,CUST_084,Desserts,Chocolate Cake,6,2,12,5/12/2022,Digital Wallet
ORD_865912,CUST_066,Desserts,Chocolate Cake,6,4,24,3/8/2023,DIGITAL WALLET
ORD_115676,CUST_058,Desserts,Brownie,6,2,12,7/19/2023,Digital Wallet
ORD_297896,CUST_061,Desserts,Brownie,6,5,30,5/6/2023,Credit Card
ORD_307721,CUST_072,Starters,French Fries,4,2,8,9/20/2023,Digital Wallet
ORD_521678,CUST_030,Side Dishes,Garlic Bread,4,5,20,7/11/2022,Cash
ORD_861658,CUST_021,Desserts,Brownie,6,,6,11/9/2023,Digital Wallet
ORD_771998,CUST_070,Drinks,Water,1,4,4,1/11/2022,
ORD_689194,CUST_096,Drinks,Orange Juice,3,3,9,5/24/2022,Digital Wallet
ORD_850622,CUST_032,Drinks,Coca Cola,2.5,5 items,12.5,10/6/2022,Credit Card
ORD_282871,CUST_064,Side Dishes,Mashed Potatoes,4,5,20,8/8/2022,Credit Card
ORD_263544,CUST_071,Side Dishes,Garlic Bread,4,5,20,6/1/2022,Digital Wallet
ORD_318142,CUST_003,Desserts,,,,,12/1/2023,
ORD_461972,CUST_091,Side Dishes,Mashed Potatoes,,3,12,7/6/2023,Credit Card
ORD_419164,CUST_077,Main Dishes,Pasta Alfredo,12,5,60,7/22/2022,
ORD_398763,CUST_053,Side Dishes,Side Salad,3,2,6,9/26/2023,Cash
ORD_992365,CUST_074,Main Dishes,,12,2,24,4/17/2022,Digital Wallet
ORD_916351,CUST_001,Starters,Chicken Melt,8,5,40,8/15/2023,Credit Card
ORD_886513,CUST_016,main dishes,Pasta Alfredo,12.0$,3,36,3/13/2022,
ORD_429528,CUST_080,Side Dishes,Grilled Vegetables,5,4,20,3/21/2022,Digital Wallet
ORD_459486,CUST_039,SIDE DISHES,Onion Rings,5,4,20,4/4/2023,Cash
ORD_615365,CUST_074,Side Dishes,Garlic Bread,4,3,12,10/28/2022,Credit Card
ORD_688790,CUST_075,Drinks,Coca Cola,2.5,1,2.5,9/17/2023,Digital Wallet
ORD_837041,CUST_017,Starters,Cheese Fries,5,1,5,5/13/2022,Credit Card
ORD_851259,CUST_029,Drinks ,,-2.5,3,7.5,4/17/2022,
ORD_441508,CUST_084,Side Dishes,Mashed Potatoes,4,4,16,10/22/2023,Digital Wallet
ORD_316145,CUST_050,Drinks,Orange Juice,3,5,15,5/14/2022,Cash
ORD_178332,CUST_047,Starters,French Fries,4,3,12,11/11/2023,Digital Wallet
ORD_292778,CUST_041,Side Dishes,Onion Rings,5,3,15,8/17/2023,cash 
ORD_326674,CUST_038,SIDE DISHES,Onion Rings,5,2,10,3/2/2022,Credit Card
ORD_776983,CUST_076,Desserts,,,2,10,11/29/2022,Credit Card
ORD_615885,CUST_075,Drinks,Water,1,5,5,10/15/2022,Cash
ORD_154280,CUST_056,Side Dishes,Grilled Vegetables,5,1,5,9/5/2022,Cash
ORD_853745,CUST_008,Main Dishes,Vegetarian Platter,14,3,42,7/13/2023,Digital Wallet
ORD_868487,CUST_075,Main Dishes,Pasta Alfredo,12,,48,4/7/2023,Cash
ORD_451717,CUST_090,Starters,Chicken Melt,8,4,32,9/6/2022,Cash
ORD_536232,CUST_099,Main Dishes,,,1,20,2/25/2022,Credit Card
ORD_819897,CUST_080,Drinks,Lemonade,3,2,6,5/3/2023,Cash
ORD_486779,CUST_044,starters,Nachos Grande,10,3,30,10/26/2022,
ORD_499395,CUST_051,Main Dishes,Pasta Alfredo,12,4,48,10/24/2022,Cash
ORD_635559,CUST_042,Starters,Nachos Grande,10,5,50,11/15/2023,Cash
ORD_369750,CUST_044,Drinks,Coca Cola,2.5,3,7.5,5/8/2022,Credit Card
ORD_425408,CUST_060, Desserts,Brownie,6,5,30,11/27/2022,Credit Card
ORD_204922,CUST_096,Drinks,Coca Cola,2.5,1,2.5,3/15/2023,Cash
ORD_406277,CUST_049,starters,French Fries,4,4,16,3/23/2022,Cash
ORD_490197,CUST_057,Desserts,Cheesecake,7,5,35,2/10/2022,Cash
ORD_554850,CUST_084,Drinks,Iced Tea,2.5,1,2.5,5/14/2023,Digital Wallet
ORD_871951,CUST_047,Desserts,Cheesecake,7,4,28,7/28/2023,Cash
ORD_854653,CUST_025,Desserts,Chocolate Cake,6,2,12,3/10/2022,Digital Wallet
ORD_307229,CUST_053,Side Dishes,Garlic Bread,4,4,16,4/29/2023,Cash
ORD_509618,CUST_079,Desserts,Chocolate Cake,6,4,24,2/8/2022,Cash
ORD_127475,CUST_013, Starters,,7,5,35,4/22/2022,Credit Card
ORD_786954,CUST_053,Desserts,Brownie,6,3,18,3/13/2023,Credit Card
ORD_344292,CUST_067,Drinks,,,5,15,8/7/2022,Digital Wallet
ORD_420975,CUST_021,Starters,Nachos Grande,10.0$,,10,6/29/2022,digital wallet
ORD_405669,CUST_051,Main dishes,Vegetarian Platter,14,5,70,5/10/2022,Cash
ORD_642762,CUST_019,Side Dishes,Side Salad,3,3,,9/9/2023,Digital Wallet
ORD_912812,CUST_062,Side Dishes,Mashed Potatoes,4,1,4,8/29/2023,
ORD_877261,CUST_036,Drinks,Coca Cola,2.5,1,2.5,3/30/2023,Credit Card
ORD_818385,CUST_044,Desserts,Brownie,6,1,6,4/11/2022,Credit Card
ORD_175452,CUST_053,Drinks,Lemonade,3,3,9,8/17/2023,Digital Wallet
ORD_203413,CUST_069,Desserts,Fruit Salad,4,4,16,11/15/2022,Digital Wallet
ORD_582343,CUST_026,Drinks,Orange Juice,3,,15,5/17/2023,Cash
ORD_372754,CUST_028,Desserts,Ice Cream,5.0$,5,25,10/10/2022,Digital Wallet
ORD_326378,CUST_064,starters,Cheese Fries,5,5,25,12/3/2022,Digital Wallet
ORD_794680,CUST_065,Side Dishes,Garlic Bread,4,1,4,5/3/2022,Digital Wallet
ORD_559692,CUST_067,Side Dishes,Garlic Bread,,5,20,10/18/2022,Credit Card
ORD_769808,CUST_090,Starters,French Fries,4,2,8,12/9/2023,Cash
ORD_462704,CUST_011,Starters,Sweet Potato Fries,5,1,5,5/26/2022,Digital Wallet
ORD_114396,CUST_094,Starters,French Fries,4,3,12,5/11/2023,Digital Wallet
ORD_277428,CUST_037,Desserts,Cheesecake,7,5,35,3/14/2023,Credit Card
ORD_206823,CUST_042,Desserts,Ice Cream,5,4,20,7/15/2023,Cash
ORD_673034,CUST_030,Side Dishes,Onion Rings,5,3,15,9/24/2022,Credit Card
ORD_824967,CUST_044,Desserts,Ice Cream,5,,20,8/30/2023,Credit Card
ORD_560470,CUST_008,Main Dishes,Pasta Alfredo,12,3,36,9/2/2023,Digital Wallet
ORD_422864,CUST_025,Main Dishes,Grilled Chicken,15,2,30,10/26/2023,Cash
ORD_642720,CUST_037,Desserts,Chocolate Cake,6,5,30,11/9/2023,Digital Wallet
ORD_357000,CUST_044,Side Dishes,Side Salad,3,4,12,8/25/2023,Credit Card
ORD_216140,CUST_079,Starters,Chicken Melt,8,2,16,7/12/2022,Cash
ORD_701588,CUST_099,Main Dishes,Pasta Alfredo,12,2 items,24,8/6/2023,Digital Wallet
ORD_896357,CUST_092,Starters,,5,5,25,7/20/2022,Cash
ORD_643864,CUST_058,Main Dishes,,12,4,48,8/26/2023,Credit Card
ORD_975756,CUST_070,Drinks,Water,1,5,5,6/21/2022,Credit Card
ORD_818478,CUST_094,Desserts,,6,1,6,5/29/2023,Cash
ORD_511921,CUST_086,Side Dishes,,4,4,16,11/12/2022,
ORD_671264,CUST_062,Desserts,Chocolate Cake,6,2,12,7/11/2022,Cash
ORD_239709,CUST_091,Desserts,Cheesecake,7,2,14,10/1/2023,CASH
ORD_214057,CUST_089,Main Dishes,Steak,20,3,60,7/1/2022, Digital Wallet
ORD_409426,CUST_094,Desserts,Chocolate Cake,6,2,12,8/5/2022,
ORD_487027,CUST_019,Drinks,Coca Cola,2.5,2,5,10/14/2022,Credit Card
ORD_737716,CUST_083,Side Dishes,Side Salad,3,5,15,1/3/2023,Credit Card
ORD_618486,CUST_080,Desserts,Fruit Salad,4,5,20,5/30/2022,Digital Wallet
ORD_557804,CUST_078,Main Dishes,Grilled Chicken,15,4,60,10/4/2022,Digital Wallet
ORD_480844,CUST_033,Side Dishes,,5,2,10,6/25/2022,
ORD_726752,CUST_007,Side Dishes,Mashed Potatoes,4,1,4,11/5/2023,Credit Card
ORD_517996,CUST_080,Main Dishes,Grilled Chicken,15,2,30,10/22/2023,Digital Wallet
ORD_467115,CUST_082,Drinks,Coca Cola,2.5,3 items,7.5,10/27/2023,Digital Wallet
ORD_877616,CUST_009,DESSERTS,Ice Cream,5,4,20,10/16/2022,Digital Wallet
ORD_501134,CUST_081,Starters,Beef Chili,7,3,21,4/24/2023,
ORD_726517,CUST_063,Side Dishes,,,5,25,2022-13-05,Cash
ORD_420693,CUST_025,Drinks,Coca Cola,2.5,2,5,7/28/2022,Digital Wallet
ORD_499801,CUST_091,Starters,French Fries,4,5,20,2/24/2023,Digital Wallet
ORD_668080,CUST_018,Drinks,Lemonade,3,5,15,2/15/2022,Digital Wallet
ORD_175206,CUST_046,Main Dishes,Salmon,18,3,54,6/9/2022,Cash
ORD_141095,CUST_091,Desserts,Ice Cream,5,4,20,9/22/2023,e-wallet
ORD_317530,CUST_036,Starters,Cheese Fries,5,4,20,12/22/2022,Credit Card
ORD_162275,CUST_036,Side Dishes,Onion Rings,5,3,15,2/2/2022,Credit Card
ORD_618216,CUST_074,Starters,Cheese Fries,5,5,25,4/2/2022,Cash
ORD_151080,CUST_049,Main Dishes,Salmon,18,3,54,12/14/2022,Credit Card
ORD_537332,CUST_001,Starters,Beef Chili,7,-3,21,4/11/2023,creditcard
ORD_958139,CUST_061,Side Dishes,Mashed Potatoes,4,3,12,11/26/2022,Cash
ORD_701151,CUST_035,Side Dishes,Garlic Bread,4,1,4,11/6/2022,Credit Card
ORD_709058,CUST_053,Main Dishes,Salmon,18,3,54,7/13/2023,Credit Card
ORD_539370,CUST_090,Side Dishes,Side Salad,3,5,15,10/19/2022,Digital Wallet
ORD_763414,CUST_087,Side Dishes,Grilled Vegetables,5,3,15,7/11/2023,Credit Card
ORD_587030,CUST_050,Starters,Sweet Potato Fries,5,2,10,3/12/2022,Digital Wallet
ORD_492336,CUST_023,Starters,French Fries,4,4,16,3/12/2022,Cash
ORD_851105,CUST_051,Desserts,Fruit Salad,4,4,16,11/4/2023,
ORD_673129,CUST_022,Side Dishes,Mashed Potatoes,4,3,12,6/29/2023,Digital Wallet
ORD_277901,CUST_016,Side Dishes,Side Salad,3,1,3,4/8/2022,Cash
ORD_834258,CUST_075,Drinks,Lemonade,3,4,12,8/2/2022,Cash
ORD_210135,CUST_012,Starters,Chicken Melt,-8,1,8,9/1/2023,
ORD_385896,CUST_050,starters,Beef Chili,7,4 items,28,7/26/2023,Cash
ORD_519245,CUST_092,Side Dishes,Side Salad,3,3,9,5/26/2022,Digital Wallet
ORD_402901,CUST_097,Side Dishes,Onion Rings,,5,25,8/6/2023,Cash
ORD_805199,CUST_007,Starters,French Fries,4.0$,3,12,9/6/2023,Credit Card
ORD_186423,CUST_056,Starters,Sweet Potato Fries,5,5,25,8/15/2023,Cash
ORD_858852,CUST_099,Drinks,Lemonade,3,1,3,12/25/2023,Credit Card
ORD_647077,CUST_001,Desserts,Chocolate Cake,6,3,18,12/23/2023,Cash
ORD_330207,CUST_089,Starters,Chicken Melt,8,3,24,2/7/2023,Cash
ORD_583137,CUST_046,Drinks,Lemonade,3,4,12,4/15/2022,Credit Card
ORD_229649,CUST_093,Starters,French Fries,4,2,8,7/13/2022,Digital Wallet
ORD_818955,CUST_075,Desserts,Ice Cream,5,1,5,9/2/2022,Cash
ORD_878124,CUST_063,Desserts,Fruit Salad,4,5 items,20,6/21/2022,Cash
ORD_358061,CUST_070,Desserts,Chocolate Cake,6,3,18,11/1/2022,
ORD_249277,CUST_088,Main Dishes,Grilled Chicken,,2,30,5/11/2022,Cash
ORD_744326,CUST_056,desserts,Brownie,6,3,18,4/11/2023,Credit Card
ORD_973203,CUST_059,Side Dishes,Garlic Bread,4,2,8,10/28/2022,
ORD_137206,CUST_031,Side Dishes,Grilled Vegetables,5,2,10,12/1/2022,Cash
ORD_898573,CUST_032,Side Dishes,,4,,16,6/18/2022,Digital Wallet
ORD_172783,CUST_077,Main Dishes,Vegetarian Platter,14,3,42,8/28/2022,Cash
ORD_359561,CUST_026,Drinks,Lemonade,3,1,3,1/19/2022,Cash
ORD_600498,CUST_052,Side Dishes,Side Salad,3,2,6,3/20/2022,Cash
ORD_912695,CUST_012,Main Dishes,,,5,100,5/13/2022,Cash
ORD_523394,CUST_081,Main Dishes,Grilled Chicken,15,2,30,11/3/2022,Credit Card
ORD_418563,CUST_021,desserts,Brownie,6,5,30,7/10/2022,Credit Card
ORD_190895,CUST_049,Starters,Chicken Melt,8,2,16,4/20/2023,Credit Card
ORD_214547,CUST_018,Main Dishes,Pasta Alfredo,12,1,12,3/17/2023,Digital Wallet
ORD_881600,CUST_006,Drinks,,2.5,3,7.5,2/17/2022,Cash
ORD_196502,CUST_054,Starters,Sweet Potato Fries,5,3,15,8/4/2023,Cash
ORD_679378,CUST_044,Drinks,,2.5,4 items,,5/20/2023,Credit Card
ORD_890724,CUST_033,Side Dishes,Side Salad,3,4,12,4/16/2023,Credit Card
ORD_419626,CUST_070,Main Dishes,Grilled Chicken,15,,60,5/31/2023,Cash
ORD_397203,CUST_068,Side Dishes,Grilled Vegetables,5,3,15,12/12/2023,Credit card 
ORD_693745,CUST_100,Desserts,,,3,15,1/18/2023,Digital Wallet
ORD_573716,CUST_029,Desserts,Brownie,6,3,18,8/22/2022,
ORD_488541,CUST_090,Drinks,,1,1,1,11/7/2023,
ORD_818842,CUST_003,Desserts,Chocolate Cake,6,one,6,8/22/2023,Cash
ORD_822778,CUST_032,Main Dishes,Grilled Chicken,15,5,75,6/26/2022,
ORD_764076,CUST_064,Main Dishes,Grilled Chicken,15,4,60,4/20/2023,Credit Card
ORD_237448,CUST_048,Desserts,Fruit Salad,4,4,16,7/29/2023,Digital Wallet
ORD_487470,CUST_072,Desserts,Brownie,6,2,12,10/28/2022,Digital Wallet
ORD_947208,CUST_017,Desserts,,4,4,16,10/26/2023,Credit Card
ORD_835534,CUST_015,Side Dishes,Side Salad,3,4,12,1/26/2022,Cash
ORD_110882,CUST_076,Main Dishes,Grilled Chicken,15,1,15,8/28/2022,Digital Wallet
ORD_105930,CUST_096,Side Dishes,Onion Rings,5,2,10,7/15/2023,Digital Wallet
ORD_525737,CUST_047,Drinks,Lemonade,3,3,9,6/26/2023,Cash
ORD_640913,CUST_060,Starters,,7,5,35,6/15/2023,CASH
ORD_332382,CUST_031,Drinks,Orange Juice,3,2,6,11/9/2023,Digital Wallet
ORD_616678,CUST_009,Starters,,5,1,5,6/26/2023,
ORD_795714,CUST_052,Starters,French Fries,4,3,12,10/7/2022,Credit Card
ORD_812510,CUST_082,Drinks,Coca Cola,2.5,1,2.5,1/6/2022,Digital Wallet
ORD_942010,CUST_085,Starters,,,,,5/21/2022,Digital Wallet
ORD_862136,CUST_089,Side Dishes,Mashed Potatoes,4,4,16,10/24/2022,Cash Payment
ORD_705198,CUST_045,Starters,French Fries,4,1,4,12/17/2023,
ORD_647766,CUST_054,Desserts,Ice Cream,5,4,20,10/24/2022,Cash
ORD_247259,CUST_041,Drinks,Orange Juice,3,5,15,2022-13-05,Digital Wallet
ORD_553463,CUST_033,Side Dishes,,4,1,4,7/20/2022,Digital Wallet
ORD_713272,CUST_009,Starters,Cheese Fries,5,2,10,4/16/2022,Digital Wallet
ORD_510824,CUST_092,Starters,Beef Chili,7,3,21,5/15/2022,Credit Card
ORD_172007,CUST_063,main dishes,Vegetarian Platter,14,2,,3/7/2023,Credit Card
ORD_922329,CUST_011,Starters,Cheese Fries,5,5,25,10/30/2023,
ORD_444528,CUST_001,Drinks,,3,4,12,12/24/2022,Credit Card
ORD_346626,CUST_006,Main Dishes,Salmon,18,2,36,7/4/2022,Digital Wallet
ORD_337746,CUST_019,DRINKS,Water,1,1,,9/29/2023,Digital Wallet
ORD_903982,CUST_051,Side Dishes,Onion Rings,5,1,5,7/1/2023,
ORD_176971,CUST_054,Main Dishes,Pasta Alfredo,,5,60,12/19/2022,Digital Wallet
ORD_296511,CUST_011,Desserts,Ice Cream,5,5,25,4/21/2022,Digital Wallet
ORD_444121,CUST_035,Desserts,Brownie,6,3,18,7/19/2023,Credit Card
ORD_201235,CUST_081,Desserts,Brownie,6,4,24,11/25/2022,e-wallet
ORD_414056,CUST_041,Desserts,,6,5,30,11/6/2023,Credit Card
ORD_987602,CUST_091,SIDE DISHES,,,3,9,11/24/2022,
ORD_684027,CUST_023,Desserts,Brownie,6,2,12,7/16/2023,Digital Wallet
ORD_911848,CUST_086,Main Dishes,Vegetarian Platter,14,4,56,11/24/2022,Credit Card
ORD_152060,CUST_052,Side Dishes,Mashed Potatoes,4,,4,8/13/2023,Digital Wallet
ORD_968304,CUST_069,Starters,Beef Chili,7,4,28,1/13/2022,Digital Wallet
ORD_597443,CUST_005,Starters,,4,2,8,5/2/2023,
ORD_459461,CUST_040,Main Dishes,Pasta Alfredo,12,3,36,9/8/2023,Digital Wallet
ORD_572933,CUST_040,Desserts,Chocolate Cake,6,1,6,6/6/2022,Credit Card
ORD_945358,CUST_080,Drinks,Orange Juice,3,2,6,5/26/2023,Cash
ORD_577554,CUST_004,Starters,,8,,32,12/23/2022,Cash
ORD_995830,CUST_020,Desserts,Cheesecake,7,3,21,3/11/2023,Digital Wallet
ORD_888184,CUST_051,Main Dishes,Grilled Chicken,15,4,60,8/20/2023,Digital Wallet
ORD_666357,CUST_041,Side Dishes,,3,3,9,4/6/2022,CREDIT CARD
ORD_400613,CUST_069,Desserts,Fruit Salad,4,5,20,12/25/2022,Digital Wallet
ORD_164641,CUST_090,Drinks,Water,1,5,5,10/5/2023,Credit Card
ORD_382966,CUST_062,Main Dishes,Pasta Alfredo,12,,48,9/23/2023,Digital Wallet
ORD_912569,CUST_087,Side Dishes,Mashed Potatoes,4,1,4,11/24/2022,
ORD_558434,CUST_055,Desserts,Chocolate Cake,6,1,6,7/7/2023,Cash
ORD_129687,CUST_008,Main Dishes,Pasta Alfredo,12,four,48,12/21/2023,Digital Wallet
ORD_713612,CUST_076,Side Dishes,Mashed Potatoes,4,2,8,7/16/2022,
ORD_765610,CUST_016,Desserts,Ice Cream,5,2,10,12/16/2022,Digital Wallet
ORD_919316,CUST_100,Drinks,Lemonade,3,4,12,11/16/2022,Digital Wallet
ORD_743642,CUST_055,Drinks,Lemonade,3,1,3,5/5/2023,Digital Wallet
ORD_276861,CUST_033,Desserts,Fruit Salad,4,5,20,3/6/2023,Cash
ORD_252164,CUST_074,Desserts,Ice Cream,5,1,5,7/31/2023,Cash
ORD_648034,CUST_008,Drinks,Orange Juice,3,5,15,11/22/2023,Cash
ORD_526571,CUST_025,Main Dishes,Pasta Alfredo,12,4,48,9/25/2023,Digital Wallet
ORD_793935,CUST_057,Side Dishes,Grilled Vegetables,5,3,15,6/7/2022,
ORD_248464,CUST_051,Main Dishes,Grilled Chicken,15,,30,5/10/2023,Credit Card
ORD_720377,CUST_069,Starters,Beef Chili,7,2,14,11/25/2023,Digital Wallet
ORD_505680,CUST_082,Desserts,Chocolate Cake,6,5,30,11/10/2022,Cash
ORD_712704,CUST_068,Starters,French Fries,4,1,4,7/2/2022,
ORD_101848,CUST_021,Starters,French Fries,4,5,20,2/19/2022,Credit Card
ORD_357339,CUST_015,Side Dishes,Mashed Potatoes,4,2,8,12/12/2023,Digital Wallet
ORD_281317,CUST_033,Drinks,,2.5,4,10,11/12/2022,Credit Card
ORD_596975,CUST_095,Desserts,Brownie,6,5,30,5/20/2022,
ORD_315342,CUST_030,Drinks,Orange Juice,3,2,6,6/10/2023,credit card
ORD_271085,CUST_087,Drinks,Water,1,5,5,3/25/2022,Cash Payment
ORD_498870,CUST_015,Main Dishes,Grilled Chicken,15,5,75,5/8/2022,Digital Wallet
ORD_251194,CUST_071,Main Dishes,Salmon,18,4,72,7/20/2023,Credit Card
ORD_277362,CUST_096,Starters,Cheese Fries,5,4,20,1/14/2023,Cash
ORD_564709,CUST_079,SIDE DISHES,Grilled Vegetables,5,4,20,11/2/2023,Credit Card
ORD_216918,CUST_039,Drinks,Coca Cola,2.5,,12.5,2/17/2022,Cash
ORD_825543,CUST_081,Side Dishes,,5,3,15,12/25/2022,Cash
ORD_814017,CUST_051,Side dishes,Onion Rings,5,2,10,12/23/2022,Credit Card
ORD_715525,CUST_080,Side Dishes,Side Salad,3,2,6,12/21/2022,Digital Wallet
ORD_518167,CUST_014,Desserts,Ice Cream,5,1,5,11/5/2023,Cash
ORD_498162,CUST_045,Main Dishes,Grilled Chicken,15,1,15,3/30/2022,Credit Card
ORD_753058,CUST_036,Side Dishes,Mashed Potatoes,4.0$,3,12,4/1/2023,Cash
ORD_255076,CUST_019,Desserts,Brownie,6,2,12,10/25/2023,Credit Card
ORD_993974,CUST_036,Starters,French Fries,4,5,20,7/6/2022,Digital Wallet
ORD_543720,CUST_066,Drinks,Orange Juice,3,,15,8/3/2023,Cash
ORD_779611,CUST_048,Side Dishes,Grilled Vegetables,5,4,20,8/6/2023,Cash
ORD_841288,CUST_094,Starters,Sweet Potato Fries,5,4,20,8/31/2022,Credit card 
ORD_252280,CUST_030,Desserts,Ice Cream,5,2,10,10/27/2022,Cash
ORD_762597,CUST_068,Desserts,Chocolate Cake,6,5,30,10/30/2022,Credit Card
ORD_354163,CUST_048,Main Dishes,Pasta Alfredo,12,3,36,6/21/2023,Credit Card
ORD_355056,CUST_075,Main Dishes,Salmon,18,2,36,12/24/2022,Credit Card
ORD_109545,CUST_017,Starters,French Fries,4,2,8,3/15/2022,Credit Card
ORD_938021,CUST_030,Drinks,Water,1.0$,4,4,1/13/2022,Digital Wallet
ORD_380795,CUST_048,Side Dishes,Side Salad,3,5,15,4/25/2023,Credit Card
ORD_778502,CUST_021,Drinks,Iced Tea,2.5,1,2.5,6/9/2023,Credit Card
ORD_882357,CUST_075,Drinks,Water,1,5,5,1/27/2022,Digital Wallet
ORD_872730,CUST_065,Side Dishes,Mashed Potatoes,,4,16,10/5/2022, Cash
ORD_199836,CUST_080,Desserts,Brownie,6,1,6,9/25/2022,
ORD_478593,CUST_011,Desserts,Ice Cream,,2,,10/12/2023,Credit Card
ORD_215510,CUST_031,Drinks,,3,2,6,7/14/2022,Digital Wallet
ORD_270378,CUST_003,Side Dishes,Mashed Potatoes,4,4,16,5/11/2022,Digital Wallet
ORD_958129,CUST_022,Starters,Cheese Fries,5,1,5,4/17/2022,Credit Card
ORD_918023,CUST_034,Main Dishes,Pasta Alfredo,12,2,24,5/11/2023,Digital Wallet
ORD_459327,CUST_079,Starters,Nachos Grande,10,2,20,11/29/2022,Cash
ORD_538716,CUST_045,Desserts,Cheesecake,7,1,7,3/9/2022,Credit Card
ORD_200987,CUST_025,Main Dishes,Vegetarian Platter,14,4,56,7/31/2022,Cash
ORD_628374,CUST_043,Side Dishes,Mashed Potatoes,4,1,4,12/18/2022,
ORD_542892,CUST_087,Drinks,,3,5,15,5/19/2023,
ORD_864049,CUST_090,Side Dishes,Mashed Potatoes,,4,16,9/28/2022,Credit Card
ORD_195547,CUST_065,Main Dishes,Steak,20,3,60,6/22/2023,Cash
ORD_946573,CUST_006,Main Dishes,Pasta Alfredo,12,2,24,1/6/2023,Cash
ORD_987451,CUST_091,Starters,Cheese Fries,5,,20,7/17/2022,
ORD_133791,CUST_035,Side Dishes,Grilled Vegetables,5,3,15,11/28/2023,Credit Card
ORD_540515,CUST_035,Starters,Cheese Fries,5,4,20,8/29/2022,Cash
ORD_958902,CUST_053,Desserts,Cheesecake,7,2,14,1/12/2023,Cash
ORD_598156,CUST_011,Starters,Cheese Fries,,,25,7/23/2023,Cash Payment
ORD_742599,CUST_047,Starters,Cheese Fries,5,,5,10/23/2023,Cash
ORD_109168,CUST_081,Main Dishes,Grilled Chicken,15,5,75,10/9/2022,Cash
ORD_117609,CUST_091,Drinks,Coca Cola,2.5,5,12.5,9/2/2022,Digital Wallet
ORD_475409,CUST_039,Main Dishes,Vegetarian Platter,14,3,42,10/31/2023,Cash
ORD_145455,CUST_071,Main Dishes,Grilled Chicken,15,4,60,11/26/2022,Digital Wallet
ORD_136567,CUST_059,Desserts,Chocolate Cake,6,4,24,8/12/2022,Cash
ORD_840563,CUST_010,Drinks ,Water,1,5,5,2/11/2023,Digital Wallet
ORD_247552,CUST_063,Starters,,8,3,24,7/13/2023,Credit Card
ORD_766644,CUST_060,Starters,French Fries,4,4,16,10/30/2022,Credit Card
ORD_605026,CUST_060,Main Dishes,Vegetarian Platter,14,5,70,4/23/2023,Cash
ORD_788254,CUST_090,Main Dishes,Grilled Chicken,-15,3,45,9/3/2022,Credit Card
ORD_819882,CUST_002,Desserts,Ice Cream,5,3,15,5/5/2023,Credit Card
ORD_520243,CUST_001,Side Dishes,Onion Rings,5,1,,10/15/2022,
ORD_101070,CUST_033,Side Dishes,Side Salad,3,5,15,4/8/2022,Cash
ORD_852357,CUST_048,Desserts,Ice Cream,5,3,15,4/7/2022,Credit Card
ORD_180869,CUST_022,Drinks ,Coca Cola,2.5,3,7.5,5/27/2022, Digital Wallet
ORD_875692,CUST_036,Starters,Nachos Grande,10,-5,50,6/8/2023, Digital Wallet
ORD_802207,CUST_007,Main Dishes,Grilled Chicken,15,3,45,3/13/2022,Cash
ORD_979051,CUST_096,DRINKS,Iced Tea,2.5,4,10,7/18/2022,Digital Wallet
ORD_657299,CUST_011,Desserts,Fruit Salad,4,2,8,12/14/2022,Digital Wallet
ORD_473395,CUST_017,Drinks,,,2,6,11/12/2023,Credit Card
ORD_985296,CUST_054,Starters,French Fries,4,4,16,8/6/2023,Digital Wallet
ORD_474585,CUST_064,Drinks,,2.5,2,5,9/22/2023,Credit Card
ORD_374389,CUST_067,Side Dishes,Grilled Vegetables,5,2 items,10,7/5/2023,Digital Wallet
ORD_687988,CUST_069,Desserts,Brownie,6,1,6,10/20/2023,Digital Wallet
ORD_353078,CUST_014,main dishes,Grilled Chicken,15.0$,,15,11/21/2022,Cash
ORD_584177,CUST_019,Side Dishes,Garlic Bread,4,4,16,2/26/2022,Cash
ORD_444291,CUST_014, Desserts,,6,2,12,5/16/2023,Digital Wallet
ORD_802464,CUST_095,Drinks,Coca Cola,2.5,,7.5,3/14/2022,Cash
ORD_563625,CUST_077,Main Dishes,Grilled Chicken,15,3,45,9/12/2022,Digital Wallet
ORD_177662,CUST_016,Drinks,Orange Juice,3,3,9,11/15/2023,
ORD_298567,CUST_041,Starters,French Fries,4,2,8,1/28/2022,Cash
ORD_109357,CUST_036,Main Dishes,Grilled Chicken,,2,30,4/6/2022,Cash
ORD_452652,CUST_083,Main Dishes,Pasta Alfredo,12,1,12,2/21/2023,Digital Wallet
ORD_622786,CUST_038,side dishes,Grilled Vegetables,5,4,20,6/30/2022,Cash
ORD_611143,CUST_049,Main Dishes,Pasta Alfredo,12,3,36,2/26/2023,Cash
ORD_909378,CUST_008,Side Dishes,,4,4,16,2/3/2022,
ORD_147091,CUST_055,Main dishes,,15,3,45,8/29/2022,
ORD_647367,CUST_030,Desserts,Brownie,6,,18,11/20/2022,Credit Card
ORD_712386,CUST_096,Drinks,Water,1,3,3,2/14/2023,Credit Card
ORD_624800,CUST_036,Main Dishes,Pasta Alfredo,12,3,36,2/6/2022,Cash
ORD_521369,CUST_084,Main Dishes,Pasta Alfredo,12,3,36,10/15/2023,Credit Card
ORD_124553,CUST_090,Starters,Cheese Fries,5,3,15,7/8/2023,Cash
ORD_297449,CUST_093,Desserts,Ice Cream,5,1,5,6/2/2022,
ORD_831767,CUST_007,Drinks ,Water,1,5,5,5/27/2022,Digital Wallet
ORD_749532,CUST_063,Drinks,Water,,5,5,2/26/2023,Credit Card
ORD_160772,CUST_074,Starters,Sweet Potato Fries,5,4 items,20,12/29/2023,Cash
ORD_744554,CUST_100,Drinks ,Water,1,2,2,5/15/2023,Cash
ORD_602828,CUST_047,Side Dishes,Side Salad,3,5,15,8/2/2022,Cash
ORD_416830,CUST_012,Starters,Sweet Potato Fries,5,2,10,1/22/2022,Credit Card
ORD_413565,CUST_066,Desserts,Ice Cream,5,4,20,2/12/2022,Cash
ORD_374742,CUST_075,Side Dishes,Mashed Potatoes,,3,12,9/17/2023,Digital Wallet
ORD_250577,CUST_006,Starters,Cheese Fries,5,3,15,11/4/2022,Digital Wallet
ORD_808705,CUST_021, Desserts,Chocolate Cake,6,5,30,5/12/2022,CASH
ORD_380256,CUST_005,SIDE DISHES,Mashed Potatoes,4,5,,12/30/2022,Cash
ORD_488655,CUST_001,Drinks,Water,1,2,2,3/4/2023,Credit Card
ORD_132093,CUST_004,Starters,,,1,5,1/29/2023,CASH
ORD_759624,CUST_044,Desserts,Fruit Salad,4,1,4,9/3/2023,Cash
ORD_706091,CUST_035,Drinks,Orange Juice,-3,2,6,4/5/2022,Credit Card
ORD_451765,CUST_059,Starters,Cheese Fries,5,4,20,11/19/2023,Credit Card
ORD_420293,CUST_035,Main  Dishes,Steak,20,2,40,2/21/2023,Credit Card
ORD_468682,CUST_020,Drinks,Lemonade,3,1,3,9/6/2022,Credit card 
ORD_699038,CUST_072,Starters,,5,5,25,7/21/2023,
ORD_676521,CUST_024,Desserts,Chocolate Cake,6.0$,1,6,8/7/2022,Cash
ORD_974128,CUST_069,Desserts,Ice Cream,5,3,15,12/18/2023,Cash
ORD_730964,CUST_001,Desserts,Fruit Salad,4,1,4,5/16/2023,Cash
ORD_248347,CUST_064,Side Dishes,Onion Rings,5,2,10,1/25/2023,Digital Wallet
ORD_359278,CUST_054,drinks,Coca Cola,2.5,4,10,2/28/2023,Digital Wallet
ORD_451020,CUST_038,Main Dishes,,,,,6/23/2022,Credit Card
ORD_878853,CUST_067,Drinks,Coca Cola,2.5,3,7.5,5/15/2022,Cash
ORD_974264,CUST_080,Drinks,Coca Cola,2.5,1,2.5,4/18/2023,Digital Wallet
ORD_608533,CUST_022,Main Dishes,Pasta Alfredo,12,five,60,2/26/2023,digital wallet
ORD_765488,CUST_003,Main Dishes,Grilled Chicken,15,3,45,5/14/2023,Credit Card
ORD_488043,CUST_094,Starters,Cheese Fries,5,3,15,6/9/2023,Credit Card
ORD_246769,CUST_063,Starters,Cheese Fries,,3,15,1/17/2022,Cash
ORD_957384,CUST_058,Side Dishes,Side Salad,3,5,15,3/1/2022,Digital Wallet
ORD_200171,CUST_048,Drinks,Orange Juice,3,3,9,11/28/2022,Cash
ORD_274525,CUST_086,Starters,Beef Chili,7,1,7,12/29/2023,Credit Card
ORD_575672,CUST_011,Side Dishes,Mashed Potatoes,4,1,4,7/20/2023,Credit Card
ORD_365262,CUST_013,Drinks,Water,1,1,1,11/13/2023, Digital Wallet
ORD_662199,CUST_065,SIDE DISHES,Side Salad,3,5,15,12/2/2023,Digital Wallet
ORD_134651,CUST_009,Desserts,Cheesecake,7.0$,3,21,5/27/2023,cash 
ORD_695128,CUST_018,Drinks,Water,1,,3,11/29/2022,Digital Wallet
ORD_145297,CUST_048,Side Dishes,Side Salad,3,,6,10/16/2023,digital wallet
ORD_336076,CUST_013,Desserts,Cheesecake,7,2,14,6/3/2023,Credit Card
ORD_850906,CUST_058,Main Dishes,Pasta Alfredo,12,3,36,4/23/2022,Digital Wallet
ORD_118876,CUST_088,Starters,,4,,8,12/17/2022,Credit Card
ORD_183760,CUST_082,main dishes,Pasta Alfredo,12,5,60,5/24/2022,Credit Card
ORD_136061,CUST_096,Main Dishes,Vegetarian Platter,14,4,56,1/25/2022, Digital Wallet
ORD_356906,CUST_034,Desserts,,5,4,20,4/7/2023,
ORD_499208,CUST_025,Starters,French Fries,4,4,16,4/13/2023,Cash
ORD_785530,CUST_006,Main Dishes,Steak,20,2,40,5/26/2023,Credit Card
ORD_106886,CUST_016,Main Dishes,Grilled Chicken,15,1,15,7/8/2023,Digital Wallet
ORD_663214,CUST_054,Side Dishes,Mashed Potatoes,4,1,4,10/27/2022,Cash
ORD_884047,CUST_075,Starters,French Fries,4,1,4,12/7/2022,Cash
ORD_499691,CUST_007,Side Dishes,Onion Rings,5,1,5,7/24/2023,Credit Card
ORD_639013,CUST_074,Side Dishes,Grilled Vegetables,5,5,25,4/28/2022,
ORD_262262,CUST_053,Desserts,Fruit Salad,,1,4,6/11/2022,Digital Wallet
ORD_879934,CUST_068,Side Dishes,Onion Rings,5,3,15,3/9/2022,Credit Card
ORD_726261,CUST_041,Side Dishes,Garlic Bread,4,1,4,6/7/2022,Cash
ORD_300669,CUST_005,Drinks,Orange Juice,3,4,12,12/1/2023,Credit Card
ORD_688276,CUST_039,Desserts,Ice Cream,5,4,20,6/6/2022,Credit Card
ORD_199463,CUST_047,Drinks,Lemonade,3,2,6,12/10/2022,Cash
ORD_858427,CUST_056,Desserts,Brownie,6,5,30,10/22/2022,Cash Payment
ORD_911323,CUST_019,Desserts,Ice Cream,5,2,10,1/25/2022,Credit Card
ORD_242393,CUST_012,Desserts,Brownie,6,1,6,5/15/2022,Cash
ORD_582360,CUST_015,Side dishes,Garlic Bread,4,3,12,4/17/2022,Credit Card
ORD_112709,CUST_057,Starters,,,,,4/3/2023,Cash
ORD_143404,CUST_017,Main Dishes,Vegetarian Platter,14,5,70,6/12/2023,Cash
ORD_501612,CUST_092,Drinks,Water,1,1,1,8/17/2023,Digital Wallet
ORD_940697,CUST_053,Desserts,,5,2,10,5/13/2023,Credit Card
ORD_106940,CUST_035,Main Dishes,Pasta Alfredo,12,3,36,7/19/2023,Digital Wallet
ORD_182024,CUST_095,Desserts,,,3,18,8/22/2023,
ORD_595523,CUST_071,Drinks,Lemonade,3,three,9,2/27/2023,Cash
ORD_395691,CUST_032,Drinks,,1,2,2,3/9/2022,
ORD_710028,CUST_073,Desserts,Ice Cream,5,1,5,3/4/2023,Credit Card
ORD_115022,CUST_082,DESSERTS,,6,1,6,10/9/2022,Digital Wallet
ORD_405462,CUST_007,Desserts,Chocolate Cake,6,5,30,4/2/2023,Cash
ORD_628704,CUST_053,Side Dishes,Mashed Potatoes,4,2,8,6/24/2022,Cash
ORD_841937,CUST_018,Main Dishes,Grilled Chicken,15,2,30,,Digital Wallet
ORD_791067,CUST_052,Desserts,Fruit Salad,4,3,12,4/10/2023,Credit Card
ORD_753280,CUST_073,Desserts,Brownie,6,2,12,1/3/2022,Cash
ORD_948513,CUST_065,Side Dishes,Side Salad,3,2,6,3/1/2023,
ORD_118087,CUST_049,Drinks,Orange Juice,3,4,12,6/11/2022,Digital Wallet
ORD_798797,CUST_005,Desserts,Fruit Salad,4,4,16,5/12/2022,Digital Wallet
ORD_671150,CUST_054,Side Dishes,Onion Rings,5,4,20,abc,Credit Card
ORD_358306,CUST_032,Main Dishes,Steak,,5,100,3/16/2022,Cash
ORD_455882,CUST_061, Desserts,Fruit Salad,4,2,8,1/1/2023,Digital Wallet
ORD_987776,CUST_052,Side Dishes,Side Salad,3,3,9,12/26/2023,Digital Wallet
ORD_916020,CUST_040,Main Dishes,Salmon,18,3,54,12/25/2023,Digital Wallet
ORD_382527,CUST_081,Side Dishes,Mashed Potatoes,4,1,4,7/7/2023,Credit Card
ORD_118081,CUST_043,Side Dishes,Mashed Potatoes,4,,4,2/23/2022,Digital Wallet
ORD_443152,CUST_061,Desserts,Ice Cream,5,2,10,11/1/2023,Credit Card
ORD_935840,CUST_083,Drinks,Orange Juice,3,1,3,5/29/2022,Digital Wallet
ORD_988754,CUST_082,Desserts,Chocolate Cake,6,5,30,8/7/2023,credit card
ORD_452155,CUST_035,Side Dishes,,5,5,25,3/6/2022,Cash
ORD_144240,CUST_045,Desserts,,4,3,12,7/6/2022,Digital Wallet
ORD_729490,CUST_061,Main  Dishes,,20,4,80,3/19/2022,Digital Wallet
ORD_655699,CUST_040,Desserts,Ice Cream,5,4,20,6/14/2023,CASH
ORD_448077,CUST_032,Side Dishes,Mashed Potatoes,4,2,8,6/14/2023,Digital Wallet
ORD_652727,CUST_010,Main Dishes,,14,2,28,2/1/2023,Credit Card
ORD_460126,CUST_084,Desserts,Ice Cream,5,4,20,6/26/2022,
ORD_183329,CUST_030,Side Dishes,Mashed Potatoes,4,4,16,3/23/2023,Credit Card
ORD_540066,CUST_081,Starters,Cheese Fries,5,3,15,6/7/2022,Credit Card
ORD_337542,CUST_030,drinks,Water,1,3,3,9/5/2023,Cash
ORD_883740,CUST_052,Starters,French Fries,,3,12,2022-13-05,e-wallet
ORD_963598,CUST_038,Side Dishes,Side Salad,3,2,6,6/23/2022,Cash
ORD_253673,CUST_030,Desserts,Brownie,6,3,18,4/12/2022,Credit Card
ORD_724459,CUST_056,Side Dishes,Side Salad,3.0$,4,12,12/25/2023,Cash
ORD_553730,CUST_019,Desserts,Ice Cream,5,3,,8/15/2023,Credit Card
ORD_478543,CUST_042,Desserts,Ice Cream,5,4,20,9/18/2023,Credit Card
ORD_988969,CUST_083,Starters,Nachos Grande,10,1,,1/7/2022,DIGITAL WALLET
ORD_120287,CUST_032,Drinks,Lemonade,3,,9,6/8/2022,Cash
ORD_489715,CUST_038,Main Dishes,Pasta Alfredo,12,4,48,4/28/2022,Credit Card
ORD_197677,CUST_083, Starters,French Fries,4,2,8,12/9/2022,creditcard
ORD_813797,CUST_053,Drinks,Coca Cola,2.5,5,12.5,11/27/2022,Credit Card
ORD_530618,CUST_049,Side Dishes,Side Salad,3,5,15,2/15/2022, Cash
ORD_982674,CUST_032,Starters,Beef Chili,,5,35,9/30/2022,Credit Card
ORD_536549,CUST_014,Desserts,Ice Cream,5,5,25,5/3/2022,credit card
ORD_330968,CUST_060,Main Dishes,Salmon,,4,72,11/18/2023,Credit Card
ORD_972987,CUST_086,Drinks,Lemonade,3,4,12,10/19/2022,
ORD_314097,CUST_082,Side Dishes,Mashed Potatoes,4,1,4,5/21/2023,Digital Wallet
ORD_284928,CUST_078,Drinks,Water,1,-2,2,5/26/2022,Digital Wallet
ORD_515655,CUST_015,Starters,Cheese Fries,5,5,25,11/8/2022,Digital Wallet
ORD_239947,CUST_026,Starters,French Fries,4,,20,1/21/2023, Cash
ORD_356920,CUST_056,Main Dishes,Pasta Alfredo,12,,24,1/11/2022,Cash
ORD_729108,CUST_046,starters,Nachos Grande,10,2,20,4/18/2022,Credit Card
ORD_293742,CUST_073,Desserts,,,3,18,8/17/2023,Credit Card
ORD_103760,CUST_039,Main dishes,,14,5,70,12/4/2023,
ORD_704141,CUST_040,Drinks,,1,1,,3/1/2023,Credit Card
ORD_250611,CUST_057,Drinks,,3,1,3,7/27/2023,
ORD_558807,CUST_033,Desserts,Fruit Salad,4,3,12,31-02-2023,Cash
ORD_465004,CUST_065,Side Dishes,Onion Rings,5,3,,4/16/2023,Credit Card
ORD_223393,CUST_015,Main Dishes,Pasta Alfredo,12,3,36,4/24/2022,Cash
ORD_243761,CUST_012,Starters,Beef Chili,7,3,21,12/17/2022,Cash
ORD_930800,CUST_014,Main Dishes,,,,,3/11/2023,
ORD_539748,CUST_085,Drinks,Water,1,2,2,5/20/2023,Cash
ORD_175138,CUST_050,desserts,Ice Cream,5,3,15,8/31/2022,Credit Card
ORD_720699,CUST_038,Starters,French Fries,4,5,20,7/22/2022,Digital Wallet
ORD_217476,CUST_027,Desserts,Ice Cream,5,3,15,12/28/2023,Cash
ORD_219907,CUST_003,Drinks,Coca Cola,2.5,5,12.5,7/11/2022,Credit Card
ORD_806346,CUST_081,Side Dishes,Side Salad,3,-1,3,8/29/2022,Credit Card
ORD_883610,CUST_057,Main Dishes,Steak,20,4,80,2/4/2022,Digital Wallet
ORD_302422,CUST_042,Drinks,Water,1,1,1,abc,Digital Wallet
ORD_412461,CUST_065,Drinks,Water,1,1,1,9/29/2023,Credit Card
ORD_331628,CUST_038,side dishes,Mashed Potatoes,4,3,12,4/10/2023,Digital Wallet
ORD_878417,CUST_047,Side Dishes,Grilled Vegetables,5,5,25,00/00/0000,Credit Card
ORD_742522,CUST_032,Desserts,Fruit Salad,4,5,20,12/15/2022,Cash
ORD_957527,CUST_068,Main Dishes,,12,5,,12/19/2022,Credit Card
ORD_928399,CUST_014,Drinks,Water,1,2,2,2/2/2022,Credit Card
ORD_775350,CUST_028,Starters,Chicken Melt,8,2,16,5/30/2022,Credit Card
ORD_417058,CUST_067,Starters,French Fries,4,5,20,7/18/2023,Credit Card
ORD_808093,CUST_052,Side Dishes,Side Salad,3,2,6,12/17/2023,Digital Wallet
ORD_192135,CUST_010,Drinks,Orange Juice,3,4,12,10/1/2022,Credit Card
ORD_470053,CUST_056,Side Dishes,Side Salad,3,5,,1/28/2022,Cash
ORD_476590,CUST_035,Drinks,Water,1,3,3,4/8/2023,Cash
ORD_675025,CUST_010,Drinks,Coca Cola,2.5,1,2.5,3/21/2023,Digital Wallet
ORD_453779,CUST_014,Main Dishes,Grilled Chicken,15,1,15,9/21/2022,Digital Wallet
ORD_510601,CUST_048,Starters,Cheese Fries,5,3,15,9/26/2023,DIGITAL WALLET
ORD_666790,CUST_057,Main Dishes,Vegetarian Platter,14,1,14,7/19/2022,Cash
ORD_912828,CUST_039,Drinks,Iced Tea,2.5,5,12.5,12/30/2022,
ORD_120886,CUST_015,Starters,Chicken Melt,8,2,16,1/13/2022,Digital Wallet
ORD_306065,CUST_016,Main Dishes,Grilled Chicken,15,1,15,8/2/2022,Digital Wallet
ORD_620908,CUST_024,Side Dishes,,5,4,20,12/16/2023,Digital Wallet
ORD_106232,CUST_048,Starters,French Fries,4,1,4,1/13/2022,Cash
ORD_128943,CUST_078,DRINKS,Water,1,3,3,2/25/2022,Digital Wallet
ORD_306831,CUST_069,Desserts,Cheesecake,7,5,35,5/29/2022,Cash
ORD_836755,CUST_078,Main Dishes,Pasta Alfredo,12,1,12,2/22/2022,Digital Wallet
ORD_332728,CUST_025,Starters,,5,5,25,11/25/2023,Cash
ORD_675652,CUST_034,Desserts,,5.0$,1,5,8/13/2022,Cash
ORD_738890,CUST_091,Drinks,Lemonade,3,2,6,9/22/2022,Cash
ORD_745624,CUST_072,Main Dishes,Pasta Alfredo,12,1,12,11/19/2022,Cash
ORD_874279,CUST_031,Drinks,Orange Juice,3.0$,4,12,9/7/2022,Digital Wallet
ORD_980100,CUST_018,Starters,Sweet Potato Fries,5,2,10,4/10/2022,Credit Card
ORD_484558,CUST_038,Starters,French Fries,4,2,8,12/6/2023,Digital Wallet
ORD_438475,CUST_100,Drinks,Water,1,5,5,5/13/2022,Cash
ORD_994396,CUST_078,Main Dishes,,,,36,6/29/2023,
ORD_165317,CUST_086,Side Dishes,,5,3,15,12/6/2022,Cash
ORD_320461,CUST_032,Main Dishes,Vegetarian Platter,14,4,56,7/20/2023,Cash
ORD_582702,CUST_093,Main Dishes,Salmon,18,3,54,3/20/2023,Digital Wallet
ORD_777085,CUST_006,Drinks,Iced Tea,2.5,1,2.5,31-02-2023,Credit Card
ORD_400501,CUST_011,drinks,Coca Cola,2.5,5,12.5,9/5/2023,Credit Card
ORD_954785,CUST_032,Main Dishes,Salmon,18,2,36,8/9/2023,Credit Card
ORD_254737,CUST_005,Side Dishes,Mashed Potatoes,4,4,16,8/25/2023,Cash
ORD_389786,CUST_031,Starters,Sweet Potato Fries,5,3,15,4/8/2022,Cash
ORD_855171,CUST_082,Side Dishes,Grilled Vegetables,5,2,10,6/10/2022,Cash
ORD_505933,CUST_080,Main Dishes,Salmon,18,4,72,9/17/2023,Credit Card
ORD_159276,CUST_057,Side Dishes,Side Salad,3,3,9,1/22/2023,Credit Card
ORD_703017,CUST_037,Main Dishes,Grilled Chicken,15,4,60,10/29/2023,Credit Card
ORD_707260,CUST_065,Drinks,Orange Juice,3,1,3,6/8/2023,Digital Wallet
ORD_729610,CUST_087,STARTERS,,4,2,8,4/13/2022,Digital Wallet
ORD_434253,CUST_041,Side Dishes,,,,,10/12/2023,
ORD_999250,CUST_090,Side Dishes,Side Salad,3,5,15,9/17/2023,
ORD_385434,CUST_020,Desserts,Chocolate Cake,6,5,30,8/20/2022,
ORD_610267,CUST_003,Main Dishes,Salmon,18,3,54,12/2/2022,
ORD_794244,CUST_072,desserts,Cheesecake,7,5,35,10/10/2022,Digital Wallet
ORD_963360,CUST_035,Main Dishes,,,3,45,2/25/2022,
ORD_665088,CUST_096,Desserts,Fruit Salad,4,2,8,12/2/2022,Digital Wallet
ORD_127462,CUST_070,Main Dishes,Pasta Alfredo,12,3,36,3/1/2023,Cash
ORD_943457,CUST_085,Drinks,Water,1,3,,5/29/2022,Cash
ORD_215431,CUST_049,Main Dishes,Steak,20,4,80,11/10/2023,Digital Wallet
ORD_890116,CUST_012,Starters,French Fries,4,1,4,6/27/2023,Cash
ORD_342546,CUST_068, Starters,Nachos Grande,10,1,10,3/1/2022,Digital Wallet
ORD_445957,CUST_029,Drinks,Water,1,5,5,1/2/2022,Cash
ORD_566881,CUST_100,Main Dishes,Pasta Alfredo,12,4,,5/8/2023, Digital Wallet
ORD_932345,CUST_064,Desserts,Chocolate Cake,6,2,12,4/12/2023,Digital Wallet
ORD_117933,CUST_073,Starters,French Fries,4,3,12,8/3/2023,Credit Card
ORD_489296,CUST_023,Drinks,,,3,3,2/2/2022,Credit Card
ORD_531441,CUST_035,Side Dishes,Mashed Potatoes,4,1,4,6/26/2022,
ORD_460620,CUST_094,Drinks,Water,1,1,1,9/25/2023,
ORD_640593,CUST_010,Drinks,Water,1,1,1,9/8/2023,Digital Wallet
ORD_459625,CUST_081,Starters,Cheese Fries,-5,3,15,11/28/2022,
ORD_837069,CUST_065,MAIN DISHES,Grilled Chicken,15,5,75,7/22/2022,Cash
ORD_384969,CUST_065,Side Dishes,Side Salad,3,4,12,7/28/2022,Credit Card
ORD_258972,CUST_027,Starters,French Fries,4,2,8,10/14/2022,Cash
ORD_236314,CUST_069,Main Dishes,,14,5,70,10/18/2022,
ORD_369600,CUST_066,Desserts,Cheesecake,7,3,21,11/14/2022,Credit Card
ORD_978248,CUST_092,Main Dishes,Pasta Alfredo,12,3,36,10/21/2023,Digital Wallet
ORD_234206,CUST_074,Side Dishes,Side Salad,3,3,9,7/10/2023,Digital Wallet
ORD_221102,CUST_049,Side dishes,Onion Rings,5,2,10,11/27/2022,Digital Wallet
ORD_463830,CUST_052,Starters,French Fries,4,2,8,11/13/2023,Digital Wallet
ORD_419811,CUST_011,Starters,French Fries,,5,20,4/14/2023,Cash
ORD_424533,CUST_096,Desserts,,5,2,10,2/13/2022,Digital Wallet
ORD_166285,CUST_062,Desserts,Chocolate Cake,6,3,18,3/4/2022, Digital Wallet
ORD_454082,CUST_003,Main Dishes,Grilled Chicken,15,4,60,8/2/2022,
ORD_185045,CUST_100,Drinks,Orange Juice,3,5,15,12/18/2022,Cash
ORD_918434,CUST_096,Main Dishes,Vegetarian Platter,14,3,42,2/2/2022,
ORD_584552,CUST_081,Main Dishes,,,,,10/1/2023,
ORD_217903,CUST_006,Side Dishes,Side Salad,3,4,12,5/29/2022,Credit Card
ORD_705476,CUST_093,Side Dishes,Onion Rings,,1,5,1/28/2022,Digital Wallet
ORD_406141,CUST_033,Desserts,Chocolate Cake,6,2,12,10/3/2022,Digital Wallet
ORD_960755,CUST_088,Main Dishes,Grilled Chicken,15,5,75,6/21/2022,
ORD_630604,CUST_090,Desserts,Ice Cream,5.0$,-5,25,7/8/2023,Credit Card
ORD_490070,CUST_045,DESSERTS,Chocolate Cake,6,4,24,4/20/2023,Cash
ORD_929413,CUST_088,Main Dishes,Pasta Alfredo,12,3,36,8/16/2022,Credit Card
ORD_219849,CUST_019,Desserts,,5,3,15,9/7/2023,
ORD_865116,CUST_013,Side Dishes,,,5,25,12/3/2023,Digital Wallet
ORD_499805,CUST_021,Starters,Chicken Melt,8,3,24,7/11/2023,Cash
ORD_517535,CUST_072,Drinks,Orange Juice,3,1,,6/6/2023,Digital Wallet
ORD_514880,CUST_063,Starters,Sweet Potato Fries,5,1,,7/3/2023,Cash
ORD_492350,CUST_067,Desserts,Ice Cream,5,3,15,2/15/2023,
ORD_949663,CUST_096,Drinks,Lemonade,3,1,3,3/18/2023,Cash
ORD_882481,CUST_098,Drinks,Orange Juice,3,4,12,7/24/2022,Cash
ORD_595256,CUST_006,Desserts,Chocolate Cake,6,1,6,1/4/2023,Cash
ORD_704704,CUST_048,MAIN DISHES,Pasta Alfredo,12,5,60,6/27/2023,
ORD_630784,CUST_010,Drinks,,3,,6,3/31/2022,creditcard
ORD_858180,CUST_049,Desserts,Ice Cream,5,,25,11/4/2023,Cash
ORD_816667,CUST_023,Main Dishes,Steak,20,5,100,5/18/2023,Cash
ORD_537954,CUST_040,Side Dishes,Onion Rings,,3,15,10/9/2022,Credit Card
ORD_281918,CUST_063,Side Dishes,Side Salad,3,1,3,3/9/2023,Digital Wallet
ORD_132920,CUST_011,Starters,Chicken Melt,8,2,16,7/23/2022,Credit Card
ORD_263262,CUST_068,Starters,Chicken Melt,8,5,40,2023/99/99, Digital Wallet
ORD_837019,CUST_050,Desserts,Chocolate Cake,,1,6,7/27/2023,Cash
ORD_126416,CUST_050,Side dishes,Onion Rings,5,2,10,8/28/2023,Credit card 
ORD_644054,CUST_032,Main Dishes,,,2,40,11/30/2022,cash
ORD_530863,CUST_047,Main Dishes,,,4 items,72,10/14/2022,Credit Card
ORD_524036,CUST_086,main dishes,Steak,20,4,80,2/14/2022,Cash
ORD_577588,CUST_002,Starters,Nachos Grande,10,5,50,10/21/2022,Cash Payment
ORD_314499,CUST_064,Side Dishes,Garlic Bread,4,5,20,10/29/2022,
ORD_950151,CUST_047,Main Dishes,,12,5,60,12/7/2023,Cash
ORD_153552,CUST_001,Drinks,Coca Cola,2.5,4,10,9/12/2022,Digital Wallet
ORD_995693,CUST_055,Main Dishes,Pasta Alfredo,12,4,48,5/16/2023,Cash
ORD_980752,CUST_017,Drinks,Water,1,4,4,2/16/2022,Digital Wallet
ORD_602926,CUST_061,Drinks,,2.5,5,12.5,3/4/2023,Digital Wallet
ORD_572597,CUST_079,Side Dishes,Onion Rings,5,5,25,6/30/2022,Credit Card
ORD_891529,CUST_077,Starters,Sweet Potato Fries,5,,20,8/22/2023,Cash
ORD_930105,CUST_059,Main Dishes,,12.0$,5,60,4/12/2022,
ORD_805758,CUST_027,Side Dishes,Onion Rings,5,2,10,9/2/2022,Digital Wallet
ORD_559452,CUST_004,DRINKS,Orange Juice,3,3,9,6/17/2023,Credit Card
ORD_385141,CUST_022,Starters,Cheese Fries,5,3,15,12/29/2022,Digital Wallet
ORD_798766,CUST_036,Drinks ,,1,2,,11/29/2023,Cash
ORD_451276,CUST_097,Side Dishes,Side Salad,3,5,15,12/20/2023, Digital Wallet
ORD_350995,CUST_087,Side Dishes,Onion Rings,5,2,10,9/27/2022,Credit Card
ORD_867367,CUST_034,Side Dishes,Garlic Bread,4,2,8,1/23/2023,Digital Wallet
ORD_543234,CUST_099,Drinks,Lemonade,3,1,3,8/9/2023,Credit Card
ORD_734279,CUST_002,Side Dishes,,,2,6,6/18/2023,
ORD_666606,CUST_084,side dishes,Grilled Vegetables,5,4,20,7/13/2023,Digital Wallet
ORD_385616,CUST_021,Desserts,Chocolate Cake,6,3,18,6/14/2023,Credit Card
ORD_158410,CUST_091,Side Dishes,,,1,5,1/15/2022,Digital Wallet
ORD_563047,CUST_097,Desserts,Fruit Salad,4,5,20,10/27/2023,Digital Wallet
ORD_545557,CUST_047,Starters,Nachos Grande,10,3,30,1/29/2022,Credit Card
ORD_791963,CUST_034,Side Dishes,Garlic Bread,4,4,16,1/11/2023,Digital Wallet
ORD_531213,CUST_017,Desserts,,5,3,,6/20/2022,
ORD_139026,CUST_057,Starters,Beef Chili,7,,14,3/12/2022,Digital Wallet
ORD_942190,CUST_077,Starters,Nachos Grande,10,4,40,3/23/2023,Credit Card
ORD_743910,CUST_066,Desserts,Ice Cream,5,2,10,3/28/2022,Digital Wallet
ORD_211231,CUST_033,Side Dishes,,5,5,25,3/7/2023,Cash
ORD_665348,CUST_028,Desserts,Ice Cream,5,1,5,6/5/2022,Credit Card
ORD_280282,CUST_026,Drinks,Coca Cola,2.5,four,10,3/12/2023,Cash
ORD_949380,CUST_079,Desserts,Cheesecake,7,3,21,6/30/2022,Digital Wallet
ORD_428611,CUST_083,Desserts,,,2,12,12/16/2023,Cash
ORD_215770,CUST_041, Starters,French Fries,4,4,16,9/20/2022,Cash
ORD_874514,CUST_044,Starters,Chicken Melt,8,5,40,4/25/2022,Credit Card
ORD_811654,CUST_058,Desserts,Fruit Salad,4,1,4,4/5/2023,Digital Wallet
ORD_514414,CUST_023,Desserts,Ice Cream,5,5,25,12/14/2022,Digital Wallet
ORD_121065,CUST_098,Main Dishes,Salmon,18,4,72,11/24/2022,
ORD_606247,CUST_008,Side Dishes,Grilled Vegetables,,2,10,4/18/2022,Digital Wallet
ORD_561802,CUST_059,Side Dishes,Grilled Vegetables,5,3,15,1/7/2022,Cash
ORD_587809,CUST_022,Side Dishes,Side Salad,3,2,6,6/29/2023,
ORD_207376,CUST_018,Drinks,Iced Tea,2.5,5,12.5,10/23/2022,Credit Card
ORD_938190,CUST_054,Main Dishes,Grilled Chicken,15.0$,1,15,1/25/2022,Digital Wallet
ORD_753383,CUST_024,Main Dishes,,12,1,12,8/7/2023,Cash
ORD_792305,CUST_020,Drinks,Lemonade,3,5,15,4/8/2023,
ORD_123556,CUST_041,Main Dishes,,12,2,24,3/27/2023,Credit Card
ORD_536651,CUST_076,Side Dishes,Grilled Vegetables,5,5,25,12/2/2023,Cash Payment
ORD_806408,CUST_063,Side Dishes,,4,3,12,10/18/2023,
ORD_925969,CUST_001,Desserts,,,,,7/29/2023,Digital Wallet
ORD_900040,CUST_029,Starters,,,,,3/2/2022,Digital Wallet
ORD_911530,CUST_041,Main Dishes,Grilled Chicken,15,1,15,6/9/2023,Digital Wallet
ORD_690908,CUST_037,Main Dishes,Grilled Chicken,15,2,30,11/18/2023,Credit Card
ORD_674137,CUST_072,Drinks,Coca Cola,2.5,1,2.5,1/2/2023,Credit Card
ORD_116533,CUST_091,Starters,Cheese Fries,5,2,10,1/9/2023,Digital Wallet
ORD_336714,CUST_004,Desserts,Ice Cream,5,3,15,12/11/2023,Cash
ORD_445855,CUST_050,Main Dishes,Pasta Alfredo,12,3,36,12/3/2022,Digital Wallet
ORD_902857,CUST_079,Main Dishes,Pasta Alfredo,12,2,24,12/22/2023,Digital Wallet
ORD_426942,CUST_063,Starters,French Fries,4,-4,16,5/22/2023,Credit Card
ORD_598355,CUST_025,Starters ,Cheese Fries,5,1,5,12/17/2023,Credit Card
ORD_722110,CUST_091,Starters,Chicken Melt,8.0$,3,24,10/26/2023,Cash
ORD_798558,CUST_092,Main Dishes,Pasta Alfredo,12,5,60,5/12/2022,Cash
ORD_530350,CUST_002,Main dishes,Pasta Alfredo,12,,24,2022-13-05,Digital Wallet
ORD_810338,CUST_040,Side Dishes,Mashed Potatoes,4,5,20,10/15/2023,Digital Wallet
ORD_813601,CUST_068,Drinks,Coca Cola,2.5,4,10,6/8/2022,Credit Card
ORD_799590,CUST_021,Drinks,,3,4,12,10/10/2023,Cash
ORD_501582,CUST_065,Main Dishes,Vegetarian Platter,14,4,56,4/26/2023,Credit Card
ORD_290753,CUST_003,Drinks,Orange Juice,3,5,15,7/22/2022,Digital Wallet
ORD_524061,CUST_028,Side Dishes,,3,,3,9/25/2022,Digital Wallet
ORD_923976,CUST_057,Side Dishes,Mashed Potatoes,4,3,12,10/17/2022,Credit Card
ORD_375050,CUST_096,Starters,,,1,5,6/24/2022,Digital Wallet
ORD_403647,CUST_025,Drinks,Water,1,,3,2/26/2023,Digital Wallet
ORD_835867,CUST_047,Drinks,Orange Juice,3,1,3,6/30/2022,Digital Wallet
ORD_439822,CUST_044,Drinks,Water,1,4,4,2/20/2022,Credit Card
ORD_895988,CUST_002,Drinks,Coca Cola,,4,10,11/24/2022,Cash
ORD_174376,CUST_091,Side Dishes,,4,2,,2/19/2022,Digital Wallet
ORD_302290,CUST_044,Desserts,Chocolate Cake,6,4,24,11/25/2022,Credit Card
ORD_806612,CUST_082,Main Dishes,Pasta Alfredo,12,2,24,8/29/2022,Cash
ORD_962747,CUST_084,Starters,,7,5,35,5/29/2022,Cash
ORD_298818,CUST_074,Drinks,Lemonade,3,4,12,12/9/2022,
ORD_290347,CUST_028,Side Dishes,Mashed Potatoes,4,4,16,1/8/2022,Cash
ORD_277751,CUST_079,Side Dishes,Garlic Bread,4,2,,2/17/2022,Digital Wallet
ORD_823806,CUST_031,Drinks,Lemonade,3,3,9,12/14/2023,
ORD_402438,CUST_037,Side Dishes,Garlic Bread,4,4,16,4/15/2022,Cash
ORD_432997,CUST_024,Drinks,Orange Juice,3,5,15,11/3/2022,Cash
ORD_597054,CUST_016,Starters,Cheese Fries,5,1,5,9/23/2022,Digital Wallet
ORD_698984,CUST_028,side dishes,Mashed Potatoes,4,-5,20,8/17/2023,Digital Wallet
ORD_501399,CUST_100,Main Dishes,Grilled Chicken,15,1,,1/12/2023,Cash
ORD_475190,CUST_093,Main Dishes,Grilled Chicken,15,3,45,1/22/2023,Digital Wallet
ORD_444938,CUST_011,Side Dishes,Onion Rings,5,,10,8/1/2023,Cash
ORD_945648,CUST_094,Side Dishes,Side Salad,3.0$,3,9,8/29/2022,Cash
ORD_849880,CUST_071,Drinks,Coca Cola,2.5,5,12.5,4/28/2023,Credit Card
ORD_358107,CUST_051,Drinks,Coca Cola,2.5,4,10,12/3/2023,Credit Card
ORD_936500,CUST_028,Main Dishes,Pasta Alfredo,12,4,48,6/9/2022,CREDIT CARD
ORD_278280,CUST_020,Side Dishes,Side Salad,3,4,12,10/3/2022,Cash
ORD_614026,CUST_048,Starters,French Fries,4,4,16,8/19/2023,Cash
ORD_557491,CUST_055,Side Dishes,Side Salad,3,2,6,2023/99/99,Cash
ORD_194732,CUST_078,desserts,Brownie,6,5,30,9/18/2022,Cash
ORD_184390,CUST_018,Main Dishes,Pasta Alfredo,12,3,36,8/23/2023,Cash
ORD_358391,CUST_093,Desserts,Chocolate Cake,6,3,18,5/5/2023,Credit Card
ORD_663209,CUST_099,Drinks,Water,1,1,1,9/24/2022,e-wallet
ORD_956803,CUST_086,Main Dishes,Pasta Alfredo,12,1,12,1/6/2023,Cash
ORD_581271,CUST_052,Main Dishes,Steak,,2,40,11/20/2022,Credit Card
ORD_323297,CUST_054,Desserts,,6,2,12,4/25/2022,Credit Card
ORD_485319,CUST_058,Desserts,Chocolate Cake,6,5,30,2/7/2022,Credit Card
ORD_860533,CUST_075,Drinks,Coca Cola,-2.5,,2.5,5/11/2022,Credit Card
ORD_572727,CUST_099,Side Dishes,,5,1,5,6/11/2023,Cash
ORD_101762,CUST_034,Starters,Cheese Fries,5,,10,11/16/2022,Cash
ORD_934740,CUST_044,Starters,,4,5,20,12/21/2022,Digital Wallet
ORD_357871,CUST_066,Desserts,Fruit Salad,4,3,12,5/22/2023,Credit Card
ORD_152233,CUST_077,Side Dishes,Side Salad,3,5,15,4/17/2023,
ORD_381226,CUST_041,Main Dishes,Steak,20,1,20,2/26/2022,Digital Wallet
ORD_333127,CUST_044,Starters,,5,2,10,6/3/2023,Cash
ORD_870425,CUST_086,DESSERTS,Ice Cream,5.0$,1,5,10/24/2023,Cash
ORD_132517,CUST_024,Drinks,Water,1,2,2,10/24/2022,Cash
ORD_286388,CUST_069,Main Dishes,Vegetarian Platter,14,4,56,1/8/2023,Credit card 
ORD_326041,CUST_017,Drinks,Orange Juice,3,5,15,12/17/2023,Credit Card
ORD_440935,CUST_050,Drinks,Lemonade,3,2,6,9/29/2023,Digital Wallet
ORD_775579,CUST_055,Main dishes,Grilled Chicken,,2,30,4/14/2022,Digital Wallet
ORD_823843,CUST_055,Drinks,Lemonade,3,4,12,3/4/2022,Digital Wallet
ORD_730058,CUST_075,Side Dishes,Mashed Potatoes,4,1,4,7/20/2022,Digital Wallet
ORD_399938,CUST_006,Desserts,,,,,12/6/2023,
ORD_541861,CUST_033,Drinks,Coca Cola,2.5,2,5,1/26/2023,Cash
ORD_936243,CUST_093,Starters,Chicken Melt,8,1,8,11/24/2023,Cash
ORD_737939,CUST_006,Side Dishes,Side Salad,3,4,12,2/3/2023,Digital Wallet
ORD_476883,CUST_011,Side Dishes,Side Salad,3,1,3,6/11/2022,Credit Card
ORD_814224,CUST_095,Drinks,Water,-1,3,3,11/6/2022,Credit Card
ORD_431116,CUST_094,Desserts,Chocolate Cake,6,5,30,8/31/2022,Cash
ORD_221773,CUST_069,Desserts,Brownie,6,2,12,12/22/2022,Cash
ORD_381819,CUST_100,Starters,Sweet Potato Fries,5,1,5,3/23/2022,Cash
ORD_531879,CUST_076,Desserts,Brownie,6,3 items,18,00/00/0000,Digital Wallet
ORD_559560,CUST_099,Starters,Sweet Potato Fries,5,2,10,3/13/2023,Digital Wallet
ORD_218145,CUST_005,Side Dishes,Mashed Potatoes,4,4,16,12/7/2022,Credit Card
ORD_958320,CUST_036,Main Dishes,Pasta Alfredo,12,2,,5/15/2023,Cash
ORD_534685,CUST_068, Desserts,Chocolate Cake,6,3,18,12/6/2022,Digital Wallet
ORD_577536,CUST_066,Side dishes,Onion Rings,5,4,20,12/8/2022,Credit Card
ORD_586587,CUST_056,Side Dishes,Grilled Vegetables,5,3,15,1/11/2022,
ORD_707566,CUST_045,Main Dishes,Vegetarian Platter,14,4,56,11/18/2023,
ORD_740342,CUST_070,Drinks,,,,,12/18/2022,Credit Card
ORD_961061,CUST_028,Side Dishes,Grilled Vegetables,5,4,20,3/19/2022,
ORD_975933,CUST_049,Main Dishes,Steak,20,,20,2/12/2022,Cash
ORD_703341,CUST_047,Side Dishes,Garlic Bread,4,1,4,9/26/2022,Credit Card
ORD_719977,CUST_079,Side Dishes,Side Salad,3,,9,10/3/2022,Cash
ORD_947615,CUST_099,Main Dishes,Steak,20,2,40,5/14/2022,Credit Card
ORD_993304,CUST_017,Main Dishes,,20,1,20,7/10/2022,Credit Card
ORD_830516,CUST_050,Main Dishes,,20,3,60,10/15/2022,cash
ORD_924739,CUST_025,Desserts,Brownie,,4,24,1/1/2022,Credit Card
ORD_171396,CUST_032,Desserts,,6,5,30,7/30/2022,
ORD_146026,CUST_091,Side Dishes,Onion Rings,5,2,10,12/9/2022,Digital Wallet
ORD_742464,CUST_032,Drinks,Coca Cola,2.5,,10,2/4/2023,Cash
ORD_654511,CUST_081,Drinks,Water,1,5,5,5/1/2023,Credit Card
ORD_331014,CUST_054,Main Dishes,Pasta Alfredo,12,3,36,6/2/2023,Cash
ORD_498073,CUST_060,Starters,Chicken Melt,8.0$,2,16,11/11/2023,Digital Wallet
ORD_748310,CUST_035,Starters,French Fries,4,1,4,12/31/2023,Cash
ORD_612829,CUST_086,starters,,8,5,40,11/23/2022,
ORD_959943,CUST_077,Drinks,Lemonade,3,2,6,1/4/2023,Credit Card
ORD_542425,CUST_014,Desserts,Ice Cream,5,4,20,6/30/2023,Credit Card
ORD_784900,CUST_074,Desserts,Ice Cream,5,3,15,4/14/2023,Credit Card
ORD_747908,CUST_089,Drinks,Lemonade,3,5,15,3/29/2022,Credit Card
ORD_349513,CUST_043,Drinks,Coca Cola,2.5,5,12.5,8/2/2022,
ORD_596951,CUST_058,Drinks,Orange Juice,3,4,12,9/23/2023,Credit Card
ORD_488083,CUST_083,Desserts,Ice Cream,5,five,25,3/28/2023,Credit Card
ORD_384124,CUST_066,Main Dishes,Pasta Alfredo,12,4,48,10/21/2022,Credit Card
ORD_472768,CUST_035,Starters,Beef Chili,7,4,28,1/29/2022,Credit Card
ORD_931203,CUST_081,Starters,Nachos Grande,10,2,20,10/2/2022,Digital Wallet
ORD_217796,CUST_019,Desserts,Ice Cream,5,3,15,7/8/2022,Credit Card
ORD_861838,CUST_079,Desserts,,4,3,12,10/15/2023,Digital Wallet
ORD_900492,CUST_080,Starters,Beef Chili,7,3,21,2/22/2022,
ORD_887152,CUST_020,Starters,Chicken Melt,8,3,24,7/24/2023,Credit Card
ORD_283167,CUST_045,Main Dishes,,12,1,12,5/30/2023,Credit Card
ORD_498971,CUST_081,MAIN DISHES,,15,5,75,1/8/2023,Cash
ORD_477730,CUST_046,Desserts,Chocolate Cake,6,4,24,3/17/2023,Digital Wallet
ORD_303186,CUST_085,Drinks,Coca Cola,2.5,4,10,12/14/2023,Digital Wallet
ORD_304651,CUST_063,Main Dishes,Steak,20,4,80,11/18/2022,Credit Card
ORD_514831,CUST_022,Drinks,Water,1,5,5,1/23/2023,Cash
ORD_376371,CUST_075,Starters,French Fries,4,5,20,6/2/2023,Credit Card
ORD_833007,CUST_083,Side Dishes,Mashed Potatoes,4,4,16,2/11/2023,Credit Card
ORD_912149,CUST_010,Desserts,Brownie,6,2,12,12/10/2022,Digital Wallet
ORD_183640,CUST_087,DRINKS,Water,1,4,4,9/21/2022,Credit Card
ORD_469337,CUST_007,Desserts,Chocolate Cake,6,2,12,6/18/2023,Credit Card
ORD_842889,CUST_048,Drinks,Orange Juice,3,4,12,12/6/2022,Digital Wallet
ORD_416782,CUST_009,Starters,French Fries,4,1,4,12/17/2023,Credit Card
ORD_487174,CUST_020,Starters,Sweet Potato Fries,5,1,5,1/17/2023,Credit Card
ORD_494905,CUST_042,Drinks,Lemonade,3,,15,2/19/2022,Digital Wallet
ORD_667829,CUST_031,Desserts,Chocolate Cake,6,2,12,10/11/2023,cash 
ORD_213282,CUST_056,Drinks,Coca Cola,2.5,4,10,10/1/2022,Credit Card
ORD_394731,CUST_098,Main Dishes,Pasta Alfredo,12,4,48,11/27/2022,Cash
ORD_496015,CUST_003,Main Dishes,Grilled Chicken,15,2,30,6/22/2023,Cash
ORD_728371,CUST_079,Drinks,Orange Juice,,5,15,5/3/2023,Digital Wallet
ORD_513914,CUST_088,desserts,Chocolate Cake,6,2,12,9/12/2023,Digital Wallet
ORD_159918,CUST_010,Drinks,Water,1,1,1,6/16/2022,Credit Card
ORD_153319,CUST_092,Desserts,Chocolate Cake,6,5,30,11/25/2022,Credit Card
ORD_156139,CUST_042,Desserts,Cheesecake,7,3,21,6/16/2022,Credit Card
ORD_988911,CUST_060,Desserts,Ice Cream,5,5,25,3/20/2023,Cash
ORD_315302,CUST_018,Drinks,Lemonade,3,4,12,1/10/2023,Digital Wallet
ORD_932993,CUST_034,Side Dishes,Mashed Potatoes,4,2,8,3/24/2022,Cash
ORD_939734,CUST_007,Side Dishes,Mashed Potatoes,4,1,4,1/3/2022,
ORD_164714,CUST_064,Main Dishes,Pasta Alfredo,12,2,24,5/1/2023,Digital Wallet
ORD_690829,CUST_007,Desserts,,4,5,20,9/18/2023,
ORD_136996,CUST_085,Side Dishes,Mashed Potatoes,4,2,8,5/15/2023,
ORD_609415,CUST_001,Starters,,4,1,4,11/26/2023,Digital Wallet
ORD_497227,CUST_017,Main Dishes,Pasta Alfredo,12,5,60,1/31/2023,Credit Card
ORD_488134,CUST_059,Main Dishes,Grilled Chicken,15,5,75,8/15/2023,Digital Wallet
ORD_280201,CUST_041,Main Dishes,,,5,75,11/22/2023,
ORD_761927,CUST_049,Drinks,Water,1,1,,8/19/2022,Credit Card
ORD_825184,CUST_072,Side dishes,Grilled Vegetables,5,1,5,7/27/2023,Credit Card
ORD_791075,CUST_030,Drinks,Water,1,3,3,5/21/2023,
ORD_266437,CUST_080,Side Dishes,Side Salad,3,4,12,6/30/2022,Digital Wallet
ORD_945317,CUST_057,Drinks,Iced Tea,2.5,3,7.5,2/19/2022,Credit Card
ORD_637467,CUST_065,Main Dishes,Grilled Chicken,15,2,30,4/11/2023,Credit Card
ORD_371510,CUST_019,Desserts,Brownie,6,5,30,2/22/2023,Cash
ORD_930319,CUST_010,Main Dishes,Salmon,18,1,18,10/17/2022,Cash
ORD_703305,CUST_081,Main Dishes,Grilled Chicken,15,5,75,11/21/2022,Credit Card
ORD_414502,CUST_087,Main Dishes,,15,,45,8/8/2022,Credit Card
ORD_650261,CUST_084,DESSERTS,Fruit Salad,4,2,8,1/2/2022,Cash
ORD_684560,CUST_056,Desserts,Brownie,6,5,30,8/8/2022,Cash
ORD_600104,CUST_086,Main Dishes,Vegetarian Platter,14,4,56,6/13/2022,Digital Wallet
ORD_748293,CUST_084,Drinks,Coca Cola,2.5,5,12.5,1/12/2022,Credit Card
ORD_551076,CUST_022,Starters,Sweet Potato Fries,5,5,25,9/14/2023,Digital Wallet
ORD_623319,CUST_059,Desserts,Cheesecake,7,4,28,5/25/2023,Credit Card
ORD_387315,CUST_051,Side Dishes,Onion Rings,5,2,10,5/7/2022,Digital Wallet
ORD_332398,CUST_018,Side Dishes,Side Salad,3,3,9,10/20/2023,Cash
ORD_597635,CUST_048,Main Dishes,Grilled Chicken,15,3,45,3/6/2022,Digital Wallet
ORD_482716,CUST_015,Side Dishes,Side Salad,3,1,3,2/8/2023,
ORD_189527,CUST_034,Drinks,Coca Cola,2.5,1,2.5,2/23/2023,Digital Wallet
ORD_673281,CUST_005,Desserts,,6,2,12,11/4/2022,Credit Card
ORD_297968,CUST_061,Desserts,Brownie,6,5,30,10/13/2023,Digital Wallet
ORD_535792,CUST_065,Desserts,Ice Cream,5,3,15,8/26/2022,cash 
ORD_501468,CUST_086,Starters,Chicken Melt,-8,1,8,9/14/2023,Digital Wallet
ORD_606620,CUST_044,Side Dishes,Side Salad,3,,6,7/21/2023,Digital Wallet
ORD_993972,CUST_040,Main Dishes,Salmon,,5,90,7/7/2023,e-wallet
ORD_228683,CUST_009,Drinks,Coca Cola,2.5,2,5,3/16/2022,Cash
ORD_498317,CUST_014,Main Dishes,Steak,20,4,80,11/25/2023,Digital Wallet
ORD_345400,CUST_033,Main Dishes,Salmon,18,5,90,4/17/2022,Digital Wallet
ORD_956030,CUST_019,Side Dishes,Grilled Vegetables,5,5,25,3/8/2022,
ORD_735974,CUST_038,Drinks,Lemonade,3,3,9,2/4/2023,cash
ORD_671335,CUST_008,Side Dishes,Mashed Potatoes,4,3,12,7/30/2022,Credit Card
ORD_949076,CUST_055,Drinks,Iced Tea,,5,12.5,12/28/2022,Digital Wallet
ORD_694443,CUST_085,Main Dishes,Vegetarian Platter,14,2,28,4/6/2022,
ORD_419898,CUST_083,Drinks,Coca Cola,2.5,1,2.5,4/23/2022,credit card
ORD_841857,CUST_003,Side Dishes,Side Salad,3,2,6,3/3/2023,Credit Card
ORD_271956,CUST_046,Desserts,Chocolate Cake,6,4,24,5/12/2023,Cash
ORD_776593,CUST_074,Main Dishes,Steak,20,3,60,5/18/2022,Cash
ORD_905095,CUST_026,Starters,Cheese Fries,5,4,20,11/24/2022,Cash
ORD_722677,CUST_086,Main Dishes,Vegetarian Platter,14,2,28,3/13/2023,Credit Card
ORD_446251,CUST_067,Desserts,Brownie,6.0$,2,12,11/4/2022,Cash
ORD_777390,CUST_092,Desserts,Chocolate Cake,6,3,18,5/8/2023,Digital Wallet
ORD_712627,CUST_070,Drinks,Iced Tea,2.5,1,2.5,4/1/2022,Digital Wallet
ORD_767466,CUST_009,Drinks,Coca Cola,2.5,5,12.5,11/25/2022,Digital Wallet
ORD_884210,CUST_098,Side Dishes,Side Salad,3,5,15,7/11/2023,Digital Wallet
ORD_274839,CUST_028,Side Dishes,Garlic Bread,4,5,20,1/22/2023,Cash
ORD_263554,CUST_026,Desserts,,4,1,4,12/19/2023,
ORD_224201,CUST_007,Drinks ,Coca Cola,2.5,1,2.5,6/27/2023,Credit Card
ORD_681543,CUST_090,Desserts,Ice Cream,5,2,10,5/21/2022,Credit Card
ORD_826621,CUST_073,Starters,French Fries,4,2,8,4/12/2023,Credit Card
ORD_528493,CUST_092,Main Dishes,Pasta Alfredo,12,2,24,8/18/2022,Cash
ORD_522516,CUST_051,Desserts,Ice Cream,5,4,20,6/2/2023,Digital Wallet
ORD_721735,CUST_076,Desserts,Brownie,6,3,18,6/1/2023,Cash
ORD_430792,CUST_060,Desserts,Cheesecake,7,4,28,12/16/2023,Cash
ORD_684539,CUST_009,Side Dishes,Mashed Potatoes,4,3,12,9/5/2022,
ORD_961447,CUST_015,Main Dishes,Salmon,18,1,18,4/9/2022,
ORD_780092,CUST_049,Main Dishes,Vegetarian Platter,-14,3,42,11/17/2022,Cash
ORD_646440,CUST_098,Desserts,Ice Cream,5,1,5,2/13/2022,Credit Card
ORD_423146,CUST_095,Main Dishes,,,,,7/25/2023,Cash
ORD_813420,CUST_074,Side Dishes,Mashed Potatoes,4,2,8,5/9/2022,Digital Wallet
ORD_207346,CUST_035,drinks,Coca Cola,2.5,4,10,12/24/2022,Cash
ORD_935463,CUST_084,Desserts,,6,-4,24,12/3/2023,Credit Card
ORD_339688,CUST_099,Main Dishes,Steak,20,2,40,7/11/2023,Cash
ORD_333682,CUST_004,Side Dishes,Grilled Vegetables,5,4,20,11/9/2023,Credit Card
ORD_408227,CUST_099,Drinks,Coca Cola,2.5,1,2.5,8/21/2023,
ORD_267431,CUST_099,Desserts,Ice Cream,5,2,10,4/23/2023,Cash
ORD_499627,CUST_008,Drinks,,3,3,9,12/17/2023,
ORD_901762,CUST_097,Starters,Sweet Potato Fries,5,4,20,8/15/2023,Cash
ORD_332471,CUST_090,starters,Cheese Fries,5,1,5,5/11/2023,
ORD_855419,CUST_054,Main Dishes,Steak,20,1,20,12/19/2022,Credit Card
ORD_237172,CUST_049,Side Dishes,Onion Rings,-5,4,20,10/11/2022,Cash
ORD_259908,CUST_039,Starters,Sweet Potato Fries,5,1 items,5,7/9/2022,Cash
ORD_291761,CUST_091,Starters,,,,,8/20/2023,
ORD_893911,CUST_076,Starters,,8,1,8,11/17/2023,Digital Wallet
ORD_300694,CUST_085,Side Dishes,Mashed Potatoes,4,2,8,12/18/2022,Cash
ORD_386252,CUST_084,Side Dishes,,,,,3/13/2022,Digital Wallet
ORD_351830,CUST_055,Side Dishes,Garlic Bread,4,2,8,11/1/2023,Digital Wallet
ORD_821545,CUST_092,Desserts,Ice Cream,5,1,5,4/17/2023,Credit Card
ORD_525137,CUST_077,Starters,French Fries,4,5,20,11/10/2022,Digital Wallet
ORD_462020,CUST_061,Desserts,Fruit Salad,4,three,12,5/26/2023,Credit Card
ORD_947216,CUST_031,STARTERS,Sweet Potato Fries,5,5,25,2/1/2023,Cash
ORD_105210,CUST_064,Main Dishes,Pasta Alfredo,12,,12,9/9/2023,Credit Card
ORD_395517,CUST_054,Starters,Chicken Melt,8,4,32,1/30/2023,Digital Wallet
ORD_490622,CUST_076,Drinks,Water,1,5,5,2/16/2022,
ORD_494908,CUST_014,side dishes,Mashed Potatoes,,2,8,6/13/2023,Credit Card
ORD_895962,CUST_047,Desserts,Chocolate Cake,6,3,18,5/18/2022,Digital Wallet
ORD_841941,CUST_035,Drinks,Coca Cola,2.5,3,7.5,6/19/2022,Cash
ORD_184707,CUST_027,Drinks,,1,1,1,1/27/2022,Digital Wallet
ORD_568806,CUST_083,Desserts,,7.0$,2,14,5/3/2023,Digital Wallet
ORD_438041,CUST_044,Side Dishes,Mashed Potatoes,4,4,16,1/9/2023,Cash
ORD_171073,CUST_009,Main Dishes,Grilled Chicken,15,3,45,6/3/2022,Digital Wallet
ORD_636477,CUST_074,Main Dishes,Grilled Chicken,15,2,,7/23/2022,Credit Card
ORD_616642,CUST_043,Side Dishes,Grilled Vegetables,5,1,5,7/16/2023,Cash
ORD_510206,CUST_067,Desserts,Ice Cream,,3,15,7/4/2022,Cash
ORD_853776,CUST_020,Side Dishes,Garlic Bread,4,3,12,2/10/2023,creditcard
ORD_292895,CUST_052,Drinks,Lemonade,3,4,12,10/9/2022,Digital Wallet
ORD_673843,CUST_002,STARTERS,French Fries,4,5,20,1/15/2023,Credit card 
ORD_127530,CUST_092,Main Dishes,Grilled Chicken,15,2,30,1/30/2022,Credit Card
ORD_413675,CUST_093,Side Dishes,Mashed Potatoes,4,2,,8/3/2023,Credit Card
ORD_869322,CUST_029,Starters,French Fries,4,,20,5/2/2022,Credit Card
ORD_674178,CUST_093,Side Dishes,Side Salad,3,1,3,11/9/2022,Cash
ORD_891941,CUST_061,Side Dishes,Onion Rings,5,,15,4/3/2023,Credit Card
ORD_913768,CUST_056,Drinks,Coca Cola,2.5,2,,2/23/2022,Digital Wallet
ORD_284303,CUST_044,Drinks,Lemonade,3,3,9,3/24/2023,Credit Card
ORD_321522,CUST_001,Side Dishes,Mashed Potatoes,4,2,8,11/20/2022,Cash
ORD_295854,CUST_036,Main Dishes,Salmon,18,5,90,7/20/2022,
ORD_499554,CUST_062,Main Dishes,Pasta Alfredo,12,2,24,9/18/2023,Digital Wallet
ORD_341713,CUST_098,Drinks,Iced Tea,2.5,3,7.5,9/29/2023,Digital Wallet
ORD_996562,CUST_033,Side Dishes,Side Salad,,3,9,12/29/2023,Credit Card
ORD_129019,CUST_087,Side Dishes,,3,,9,2/9/2022,
ORD_381267,CUST_002,Side Dishes,Mashed Potatoes,4,3,12,12/31/2023,Cash
ORD_483556,CUST_052,STARTERS,Beef Chili,7,1,7,1/29/2023,cash 
ORD_512377,CUST_063,Side Dishes,Side Salad,3,4,12,6/5/2023,Cash Payment
ORD_655063,CUST_020,Desserts,Ice Cream,5,3,15,9/29/2023,Digital Wallet
ORD_588485,CUST_028,Main Dishes,Grilled Chicken,15,3,45,4/27/2023,
ORD_973144,CUST_034,Side Dishes,Side Salad,3,5,15,1/23/2023,Cash
ORD_863785,CUST_094,Desserts,Cheesecake,7,2,14,1/29/2023,Digital Wallet
ORD_100118,CUST_056,Starters,,5,5,25,9/4/2023,
ORD_659455,CUST_024,Drinks,Lemonade,3,1,3,5/21/2022,Cash
ORD_785182,CUST_043,Side Dishes,Onion Rings,5,3,15,3/12/2022,Digital Wallet
ORD_609756,CUST_069,Desserts,Chocolate Cake,6,5,30,12/8/2022,
ORD_473577,CUST_076,drinks,Coca Cola,2.5,5,12.5,8/27/2022,Credit Card
ORD_407331,CUST_096,Starters,Nachos Grande,10,2,20,5/8/2022,Digital Wallet
ORD_633941,CUST_035,Side Dishes,Grilled Vegetables,,1,5,11/15/2023,Credit Card
ORD_930131,CUST_099,Starters,Sweet Potato Fries,5,3,15,8/28/2022,
ORD_480383,CUST_063,Main Dishes,Steak,20,5,100,7/9/2023,Credit Card
ORD_895773,CUST_088,Drinks ,Lemonade,3,4,12,5/25/2022,Credit Card
ORD_239548,CUST_045,Starters,Chicken Melt,8,1,8,9/27/2023,Cash
ORD_182979,CUST_081,Main Dishes,Steak,20,3,60,3/26/2022,Credit Card
ORD_397858,CUST_038,Main Dishes,Grilled Chicken,15,5,75,10/14/2022,Cash
ORD_727729,CUST_061,Starters,French Fries,4,5,20,5/20/2022,Cash
ORD_179121,CUST_038,Drinks,Coca Cola,2.5,1,2.5,1/28/2022,Digital Wallet
ORD_866750,CUST_070,Desserts,Cheesecake,7,2,14,7/10/2023,Credit Card
ORD_895982,CUST_061,Main Dishes,Pasta Alfredo,12,5,60,7/15/2022,Cash
ORD_678173,CUST_042,Main Dishes,Steak,20,5,100,11/1/2022,Cash
ORD_615622,CUST_071,Side Dishes,Side Salad,3,2,6,3/6/2022,Cash
ORD_439385,CUST_049,Desserts,Ice Cream,5,2,10,7/25/2023,Cash
ORD_127678,CUST_012,Starters,French Fries,4,2,8,5/4/2022,Cash
ORD_967586,CUST_022,Main Dishes,Vegetarian Platter,14,2,28,2/4/2022,e-wallet
ORD_775279,CUST_024,Main Dishes,Steak,20,2,40,6/30/2023,Digital Wallet
ORD_463936,CUST_019,Desserts,Ice Cream,5,5,25,12/28/2023,
ORD_744959,CUST_091,Starters,,7,2,14,7/26/2022,
ORD_975016,CUST_093,Side Dishes,Garlic Bread,4,4,16,4/12/2023,Credit Card
ORD_867886,CUST_069,Main Dishes,Pasta Alfredo,12,1,12,12/13/2023,Cash
ORD_774810,CUST_052,MAIN DISHES,Pasta Alfredo,12,1,12,11/15/2022,Cash
ORD_933697,CUST_011,Starters,Beef Chili,7,1,7,5/2/2023,Cash
ORD_102517,CUST_026,Starters,French Fries,4,5,20,9/1/2022,Credit Card
ORD_873431,CUST_045,Side Dishes,Mashed Potatoes,4,1,4,9/19/2023,Digital Wallet
ORD_833215,CUST_020,Starters,Chicken Melt,8,2,16,2/27/2023,Credit Card
ORD_487121,CUST_082,Side Dishes,,,,,7/28/2022,Cash
ORD_896730,CUST_027,Desserts,Chocolate Cake,6,4,24,2/17/2022,
ORD_740325,CUST_068,Starters,Cheese Fries,5,2,10,10/23/2022,cash 
ORD_141090,CUST_058,Side Dishes,Mashed Potatoes,4,2,8,6/13/2022,Cash
ORD_824661,CUST_017,Drinks,,2.5,2,5,8/22/2022,
ORD_646029,CUST_043,Drinks,Lemonade,3,5,15,9/21/2023,Cash
ORD_391678,CUST_054,Starters,Beef Chili,7,4,28,8/26/2022,Credit Card
ORD_793065,CUST_053,DESSERTS,Chocolate Cake,6,2,12,11/21/2023,
ORD_137647,CUST_024,Drinks,Water,1,3,3,9/23/2022,Digital Wallet
ORD_404139,CUST_081,Side Dishes,Side Salad,3,3,9,6/23/2022,Cash
ORD_891604,CUST_025,Starters,Cheese Fries,5,1,5,8/20/2022,
ORD_377426,CUST_015,Desserts,Chocolate Cake,6,1,6,3/21/2022,Cash
ORD_211059,CUST_027,Drinks,Water,1,2,2,11/11/2023,Digital Wallet
ORD_477071,CUST_020,Starters,,,,,2/7/2023,Credit Card
ORD_906592,CUST_028,DRINKS,,,,,5/18/2022,Credit Card
ORD_754868,CUST_048,Starters,Cheese Fries,5,1,5,8/25/2022,Digital Wallet
ORD_190827,CUST_059,Desserts,Brownie,6,2,12,5/18/2023,Cash
ORD_702502,CUST_074,Main Dishes,Pasta Alfredo,12,2,24,9/28/2022,
ORD_378579,CUST_066,Drinks,,3,4,12,11/10/2022,
ORD_957567,CUST_088,Main dishes,Grilled Chicken,15,1,15,7/2/2022,Cash
ORD_596190,CUST_036,DESSERTS,Fruit Salad,4,4,16,10/7/2022,Cash
ORD_191278,CUST_042,Main Dishes,Vegetarian Platter,14,2,28,7/30/2023,Cash
ORD_705597,CUST_056,Desserts,Ice Cream,5,3,,3/3/2023,Cash
ORD_713008,CUST_073,Drinks,Orange Juice,,1,3,1/1/2022,Digital Wallet
ORD_431198,CUST_070,Starters,French Fries,4,1,4,12/12/2022,Cash
ORD_237107,CUST_069,Side Dishes,Grilled Vegetables,5,5,25,5/25/2022,Credit Card
ORD_113634,CUST_013,Starters,Chicken Melt,8,5,,4/17/2022,Cash
ORD_414661,CUST_075,Drinks,,1,2,2,12/17/2022,Digital Wallet
ORD_933224,CUST_041,Main Dishes,Steak,20,1,20,1/31/2022,Digital Wallet
ORD_220759,CUST_098,Side Dishes,Side Salad,3,-2,6,12/20/2023,Digital Wallet
ORD_719042,CUST_030,Side Dishes,Grilled Vegetables,5,2,10,4/18/2022,Cash
ORD_333150,CUST_091,Starters,Beef Chili,,5,35,1/3/2022,Cash
ORD_752452,CUST_043,Starters,Cheese Fries,5,-3,15,5/25/2022,Credit Card
ORD_935089,CUST_010,Desserts,Ice Cream,5,3,15,11/2/2023,Credit Card
ORD_424122,CUST_028,Drinks,Orange Juice,3,1,,1/10/2022,Cash
ORD_472127,CUST_047,Starters,,7,one,7,4/1/2023,Digital Wallet
ORD_741320,CUST_043,Main Dishes,Grilled Chicken,-15,2,30,10/25/2023,
ORD_546917,CUST_068,Side dishes,Grilled Vegetables,5,4,20,12/14/2023,Credit Card
ORD_614434,CUST_089,Main Dishes,Salmon,18,4,72,2/11/2023,Cash
ORD_298603,CUST_047,Desserts,Ice Cream,5,1,5,10/30/2022,Digital Wallet
ORD_246306,CUST_041,Main Dishes,,,,,9/18/2023,
ORD_556718,CUST_048,Drinks,,3,5,15,1/4/2022,Credit Card
ORD_575521,CUST_052,Desserts,Ice Cream,5,2,,11/29/2023,Credit Card
ORD_605079,CUST_089,Main Dishes,,15,,60,12/23/2022,Cash
ORD_362900,CUST_044,Drinks,Orange Juice,3,1,3,8/12/2022,Digital Wallet
ORD_149375,CUST_099,Drinks,Orange Juice,3,2,6,7/26/2023,Credit Card
ORD_728235,CUST_092,Drinks,Water,1,3,3,8/19/2023,Digital Wallet
ORD_762429,CUST_057,Drinks,Orange Juice,3,1,3,3/14/2022,Credit Card
ORD_289932,CUST_001,Side Dishes,Side Salad,3,2,6,5/10/2023,Digital Wallet
ORD_400344,CUST_089,Desserts,Fruit Salad,4,1,,6/7/2022,CASH
ORD_861946,CUST_098,Main Dishes,Pasta Alfredo,12,2,24,1/5/2023,
ORD_516415,CUST_050,Starters,Chicken Melt,8,4,32,12/25/2022,Credit Card
ORD_533191,CUST_099,Side Dishes,Grilled Vegetables,5,5,25,1/11/2022,Credit Card
ORD_333503,CUST_100,Starters,Nachos Grande,10,1,,3/5/2022,
ORD_397345,CUST_086,Drinks,,3,1,3,1/9/2022,Cash
ORD_221521,CUST_006,Desserts,Ice Cream,5.0$,3,15,10/9/2023,Credit Card
ORD_723536,CUST_047,Drinks,Orange Juice,3,4 items,12,6/4/2022,
ORD_221610,CUST_037,Side Dishes,Mashed Potatoes,,1,4,10/9/2022,Cash
ORD_336270,CUST_030,Side Dishes,Onion Rings,5,1,5,2/11/2023,Credit Card
ORD_211421,CUST_019,Desserts,Brownie,6,2,12,7/13/2022,Credit Card
ORD_713703,CUST_041,Side Dishes,,,,,not a date,
ORD_633480,CUST_082,Starters,,,2,20,7/14/2022,Cash
ORD_622385,CUST_036,Main Dishes,Vegetarian Platter,14,3,42,11/25/2023,DIGITAL WALLET
ORD_842014,CUST_087,Main Dishes,Pasta Alfredo,12,2,24,2/8/2022,Credit Card
ORD_813744,CUST_054,Desserts,,7,2,14,7/27/2022,Credit Card
ORD_477643,CUST_031,Main Dishes,Grilled Chicken,15,2,30,3/18/2022,Cash
ORD_356948,CUST_098,Drinks,Iced Tea,2.5,5,12.5,7/29/2023,Digital Wallet
ORD_523920,CUST_011,Desserts,Ice Cream,5,2,10,7/12/2022,
ORD_204917,CUST_090,Drinks,Water,1,3,3,10/22/2022, Cash
ORD_227981,CUST_006,Main Dishes,Pasta Alfredo,12,2,24,2/9/2022,Credit Card
ORD_851812,CUST_044,Main Dishes,Salmon,18,,72,8/22/2022,
ORD_848446,CUST_093,Side Dishes,Garlic Bread,4,2,8,8/19/2022,Digital Wallet
ORD_347639,CUST_048,Desserts,Cheesecake,7,1,7,12/27/2023,Digital Wallet
ORD_832371,CUST_100,Main Dishes,Grilled Chicken,15,1,15,9/8/2022,Credit Card
ORD_420214,CUST_093,Drinks,Water,,3,3,3/11/2022,
ORD_771956,CUST_078,Desserts,Cheesecake,7,3,21,5/8/2023,Credit Card
ORD_933548,CUST_092,Desserts,Ice Cream,5,2,10,10/13/2023,Cash
ORD_698645,CUST_019,Drinks,,,,,9/27/2023,Digital Wallet
ORD_125141,CUST_028,Desserts,Ice Cream,5,2,10,12/6/2022,e-wallet
ORD_471646,CUST_019,Drinks,Coca Cola,2.5,4,10,7/24/2023,Digital Wallet
ORD_687790,CUST_094,Starters,French Fries,4,3,12,1/19/2022,Cash
ORD_853626,CUST_015,Side Dishes,,3,5,15,12/10/2022,Cash
ORD_488928,CUST_083,Main Dishes,Steak,20,4,80,7/12/2022,Credit Card
ORD_797042,CUST_012,Main Dishes,Pasta Alfredo,12,5,60,2022-13-05,Digital Wallet
ORD_678032,CUST_071,Desserts,Chocolate Cake,6,5,30,4/10/2022,Credit Card
ORD_149970,CUST_019,Drinks,Iced Tea,2.5,1,2.5,6/11/2022, Digital Wallet
ORD_900961,CUST_071,Main Dishes,Vegetarian Platter,14,1,14,11/12/2023,Digital Wallet
ORD_691987,CUST_039,Starters,Sweet Potato Fries,5,3,15,5/16/2022,Cash
ORD_467273,CUST_071,Side Dishes,Garlic Bread,4,2,,1/16/2022, Cash
ORD_632494,CUST_075,Starters,Beef Chili,7,2,14,8/15/2022,Cash
ORD_958541,CUST_087,Starters,Cheese Fries,5,3,15,12/15/2022,Cash
ORD_302728,CUST_079,Drinks,Coca Cola,2.5,4,10,6/3/2022,Digital Wallet
ORD_124490,CUST_074,Desserts,Brownie,6,1,6,10/6/2023,
ORD_593061,CUST_034,Starters,Nachos Grande,10,5,50,11/18/2022,Digital Wallet
ORD_469516,CUST_040,Main Dishes,Steak,20,2,40,10/1/2022,Cash
ORD_363272,CUST_026,Desserts,Chocolate Cake,6,5,30,6/15/2023,Cash
ORD_847561,CUST_100,Starters,Sweet Potato Fries,5,2,10,10/26/2023,Credit Card
ORD_733092,CUST_051,Drinks,,,,,4/23/2023,
ORD_588183,CUST_065,Side Dishes,Mashed Potatoes,4,4,16,2022-13-05,Credit Card
ORD_746028,CUST_005,Drinks,Orange Juice,3,5,15,5/31/2023,Credit Card
ORD_388162,CUST_028,Main Dishes,Pasta Alfredo,12,5,60,5/10/2023,Digital Wallet
ORD_424190,CUST_075,Drinks,Lemonade,3,4,12,11/28/2022,Digital Wallet
ORD_558240,CUST_043,Main Dishes,Grilled Chicken,15,,75,4/14/2023,Cash
ORD_888134,CUST_073,Main Dishes,Salmon,18,3,54,9/19/2023,Credit Card
ORD_912148,CUST_083,Starters ,,,,,11/3/2023,Credit Card
ORD_194376,CUST_080,Desserts,,,5,35,10/19/2022,Cash
ORD_328404,CUST_068,Main Dishes,,,,,12/28/2023,Credit Card
ORD_218783,CUST_026,Drinks,Water,1,4,4,8/13/2022,Digital Wallet
ORD_742569,CUST_007,Drinks,Iced Tea,2.5,3,,1/5/2023,cash 
ORD_647037,CUST_067,Starters,Beef Chili,7,3,21,7/29/2022,Digital Wallet
ORD_936366,CUST_024,Drinks,Coca Cola,2.5,3,7.5,4/29/2022,Digital Wallet
ORD_149665,CUST_073,Main dishes,Pasta Alfredo,12,5,60,5/1/2023,Digital Wallet
ORD_937104,CUST_099,Side Dishes,,,,,12/15/2022,Credit Card
ORD_772066,CUST_003,Drinks,Water,1,5,5,3/27/2022,Cash
ORD_128080,CUST_094,Drinks,,1,2,2,10/27/2022,
ORD_842072,CUST_010,Drinks,Water,1.0$,,4,5/29/2023,Cash
ORD_287922,CUST_025,Desserts,Cheesecake,7,2,14,5/9/2023,Credit Card
ORD_221235,CUST_025, Starters,Beef Chili,7,2,14,3/22/2023,Credit Card
ORD_128314,CUST_080,Drinks,Coca Cola,2.5,4,10,8/31/2023, Cash
ORD_601713,CUST_076,Drinks,Orange Juice,3,4,12,11/25/2022,Cash
ORD_174578,CUST_083,Main Dishes,,18,2,36,9/18/2022,Cash
ORD_403075,CUST_084,Desserts,Chocolate Cake,6,2,12,2/21/2023,Digital Wallet
ORD_209277,CUST_005,Drinks,,3,4,12,12/31/2023,Digital Wallet
ORD_225776,CUST_079,Drinks,Orange Juice,3,3,9,3/25/2023,Digital Wallet
ORD_158394,CUST_089,Starters,Beef Chili,,4,28,3/1/2022,
ORD_223042,CUST_079,Desserts,Chocolate Cake,6,,18,11/4/2022,Cash
ORD_355283,CUST_041,Starters,Sweet Potato Fries,5,2 items,10,3/25/2022,Credit Card
ORD_628240,CUST_053,Side Dishes,Grilled Vegetables,5,1,5,3/26/2023,
ORD_705765,CUST_099,Drinks,Lemonade,,1,3,6/24/2023,Cash
ORD_145502,CUST_052,Side Dishes,Garlic Bread,4,5,20,5/2/2022,Cash
ORD_999343,CUST_037,Drinks,Water,1,1,1,9/1/2023,Cash
ORD_827974,CUST_028,Main Dishes,Vegetarian Platter,14,2,28,3/11/2022,
ORD_724781,CUST_094,Starters,French Fries,4,1,4,6/12/2023,Cash
ORD_724052,CUST_011,Starters,Cheese Fries,5,5,25,2/23/2022,Digital Wallet
ORD_158798,CUST_042,Drinks,Iced Tea,2.5,2,5,12/13/2023,Digital Wallet
ORD_875473,CUST_034,Starters,,5,1,5,9/20/2023,
ORD_879332,CUST_045,drinks,,1,1,1,2/8/2022,Cash
ORD_195620,CUST_045,Drinks,Water,1,4,4,2/20/2023,Cash
ORD_638396,CUST_006,Starters,Beef Chili,7,,28,5/5/2022,Digital Wallet
ORD_201573,CUST_042,Drinks,Coca Cola,2.5,5,12.5,3/27/2023,Credit Card
ORD_525951,CUST_025,Side Dishes,Side Salad,3,4,12,9/4/2023,Digital Wallet
ORD_943992,CUST_077,Side Dishes,Mashed Potatoes,4,1,4,10/11/2023,Credit Card
ORD_457805,CUST_008,Main Dishes,Salmon,18,five,,2/5/2023,Credit Card
ORD_326204,CUST_091,Side Dishes,Side Salad,3,,9,7/28/2022,Cash
ORD_692317,CUST_011,Starters,French Fries,4,1,4,11/3/2023,DIGITAL WALLET
ORD_138750,CUST_013,Starters,Sweet Potato Fries,5,2,10,11/9/2023,Cash
ORD_651367,CUST_098,Side Dishes,Garlic Bread,4,4,16,2/20/2022,
ORD_651214,CUST_073,Main Dishes,Grilled Chicken,15,2,30,4/10/2023,Credit Card
ORD_853000,CUST_100,Side Dishes,Side Salad,3,2,6,7/28/2023,Cash
ORD_350870,CUST_048,Drinks,Orange Juice,3,5,15,10/31/2023,
ORD_897621,CUST_057,Main Dishes,Pasta Alfredo,12,1,12,2/12/2023,Credit Card
ORD_198764,CUST_016,Side Dishes,,-3,2,,6/4/2023,Cash
ORD_291708,CUST_075,Drinks,Water,1,1,1,8/29/2022,Digital Wallet
ORD_625891,CUST_021,Drinks,Coca Cola,2.5,4,10,4/22/2022,
ORD_695907,CUST_014,Side Dishes,Side Salad,3,3,9,6/19/2023,Digital Wallet
ORD_480720,CUST_077,Starters,French Fries,4,1,4,12/14/2023,Cash
ORD_106992,CUST_050,Main Dishes,Grilled Chicken,15,1,15,9/23/2023,Cash
ORD_108786,CUST_046,Side Dishes,Side Salad,3,2,6,12/9/2023,Credit Card
ORD_638787,CUST_040,Starters,Chicken Melt,8,2,16,6/25/2022,Digital Wallet
ORD_707614,CUST_041,Main Dishes,Salmon,18,2,36,6/2/2022,Credit Card
ORD_814790,CUST_090,MAIN DISHES,,,,,3/26/2022,
ORD_262237,CUST_081,Main Dishes,Vegetarian Platter,14,3,,12/18/2023,Cash
ORD_631686,CUST_099,Main Dishes,Pasta Alfredo,12,2,24,10/2/2022,Credit Card
ORD_466828,CUST_019,Drinks,Water,1,4,4,3/4/2022,Credit Card
ORD_490228,CUST_063,Desserts,Chocolate Cake,6,5,30,9/3/2022,Credit Card
ORD_643376,CUST_084,Side Dishes,Grilled Vegetables,5,2,10,1/24/2023,Digital Wallet
ORD_909783,CUST_093,Starters,Sweet Potato Fries,5,1,5,11/14/2022,Credit Card
ORD_585618,CUST_083,Desserts,Fruit Salad,4,5,20,9/8/2023,Cash
ORD_347198,CUST_093,Starters,Chicken Melt,8,2,16,11/6/2023,Cash
ORD_114931,CUST_020,Main Dishes,Vegetarian Platter,14,3,42,3/7/2023,Cash
ORD_926048,CUST_053,Desserts,,6,2,12,7/11/2022,
ORD_373389,CUST_017,Main Dishes,Vegetarian Platter,14,4,56,9/25/2023,Cash
ORD_394881,CUST_093,Desserts,Ice Cream,5,5,25,11/17/2022,Digital Wallet
ORD_599257,CUST_025,Side Dishes,Onion Rings,,3,15,10/22/2023,Cash
ORD_179854,CUST_031,Desserts,,4,3,12,1/15/2023,Credit Card
ORD_302860,CUST_089,Main Dishes,Pasta Alfredo,12,4,48,9/24/2023,Digital Wallet
ORD_960283,CUST_047,Desserts,Brownie,6,1,6,12/20/2023,Cash
ORD_247677,CUST_072,Side Dishes,,3,1,3,4/2/2022,
ORD_910287,CUST_072,Starters,Sweet Potato Fries,5,4,20,3/21/2022,Cash
ORD_704129,CUST_033,Drinks,Iced Tea,2.5,2,5,2/23/2022,
ORD_121929,CUST_001,Main Dishes,Grilled Chicken,15,5,75,10/28/2022,Digital Wallet
ORD_312590,CUST_072,Starters,Sweet Potato Fries,5,2,10,4/26/2022,Credit Card
ORD_478809,CUST_011,Side Dishes,Side Salad,3.0$,5,15,11/6/2023,Digital Wallet
ORD_763806,CUST_078,Main Dishes,Grilled Chicken,15,2 items,30,9/12/2022,Credit Card
ORD_332913,CUST_053,Drinks,Orange Juice,3,5,15,7/30/2023,Credit Card
ORD_101992,CUST_075,MAIN DISHES,Vegetarian Platter,,1,14,11/6/2022,Digital Wallet
ORD_733470,CUST_028,Side Dishes,Side Salad,3,2,6,10/12/2023,
ORD_863888,CUST_003,Starters,Beef Chili,7,4,28,5/1/2023,
ORD_701497,CUST_002,Main Dishes,Steak,20,5,100,4/9/2022,Cash
ORD_598587,CUST_087,Main Dishes,Pasta Alfredo,12,2,24,6/6/2022,Cash
ORD_479042,CUST_031,Starters,Cheese Fries,5,1,5,9/15/2022,Digital Wallet
ORD_630162,CUST_039,Drinks,Iced Tea,,4,10,8/7/2022,Credit Card
ORD_717165,CUST_068,Desserts,Fruit Salad,4,three,12,6/17/2022,Cash
ORD_681139,CUST_093,Main Dishes,Vegetarian Platter,14,,14,5/16/2023,Digital Wallet
ORD_184186,CUST_016,Starters,French Fries,4,1,4,12/18/2022,Credit Card
ORD_341370,CUST_028,Side Dishes,Mashed Potatoes,4,5,20,11/17/2023,Credit Card
ORD_988201,CUST_077,Side Dishes,Grilled Vegetables,5,4,20,11/7/2022,Digital Wallet
ORD_632785,CUST_055,Drinks,Water,1,3,3,12/14/2022,Digital Wallet
ORD_325000,CUST_076,Side Dishes,Grilled Vegetables,5,5,,7/17/2023,Cash
ORD_853374,CUST_061,Drinks ,,2.5,3,,2/1/2023,
ORD_316485,CUST_053,Desserts,Ice Cream,5,2,10,10/24/2022,Cash
ORD_730362,CUST_083,Main Dishes,Pasta Alfredo,12,1,12,4/29/2022,Digital Wallet
ORD_879593,CUST_018,Side Dishes,Garlic Bread,4,3,12,11/18/2022,
ORD_189219,CUST_054,Drinks,,3,,3,4/3/2023,Credit Card
ORD_751856,CUST_069,Drinks ,,,4,10,10/14/2023,
ORD_889502,CUST_093,DESSERTS,Brownie,6,5,30,8/19/2022,Cash
ORD_128622,CUST_063,Drinks,Water,1,3,3,31-02-2023,Digital Wallet
ORD_375004,CUST_044,Main Dishes,Pasta Alfredo,12,5,60,11/22/2022,Credit Card
ORD_444703,CUST_068,Side Dishes,,,4,16,4/11/2022,Credit Card
ORD_136850,CUST_062,Starters,Cheese Fries,5,5,25,12/8/2023,Credit Card
ORD_621151,CUST_008,starters,French Fries,4,3,12,3/12/2022,Digital Wallet
ORD_360970,CUST_075,Drinks,Lemonade,3.0$,5,15,7/19/2022,cash
ORD_970426,CUST_090,Drinks,Orange Juice,3,2,6,1/27/2023,Cash
ORD_463721,CUST_083,Drinks ,Orange Juice,,1,3,4/1/2022,digital wallet
ORD_226031,CUST_018,Starters,Cheese Fries,5.0$,5,25,5/9/2022,Digital Wallet
ORD_923614,CUST_010,Starters,Cheese Fries,5,3,15,8/1/2023,Cash
ORD_807465,CUST_066,Desserts,Ice Cream,5,2,10,11/17/2023,Digital Wallet
ORD_922159,CUST_054,drinks,Iced Tea,2.5,5,12.5,2/11/2023, Digital Wallet
ORD_140654,CUST_051,Desserts,Chocolate Cake,6,5,30,1/17/2022,
ORD_559237,CUST_067,Starters,Beef Chili,7,4,28,6/15/2023,Digital Wallet
ORD_183528,CUST_067,Starters,Chicken Melt,8,3,24,8/1/2022,Cash
ORD_912387,CUST_084,Main Dishes,,15,5,75,5/20/2023,Cash
ORD_920130,CUST_039,Drinks,Water,1,2,2,7/27/2022,Cash
ORD_507970,CUST_076,Starters,French Fries,4,2,8,11/8/2023,Digital Wallet
ORD_142527,CUST_074,Drinks,Water,1,4,4,1/24/2022,Digital Wallet
ORD_273510,CUST_045,Desserts,Chocolate Cake,6,3,18,5/19/2022,Credit Card
ORD_131614,CUST_097,Starters,French Fries,4,4,16,4/16/2022,Digital Wallet
ORD_677684,CUST_030,Starters,Beef Chili,7,5,35,3/6/2022,Credit Card
ORD_961294,CUST_041,Main Dishes,,20,3,60,3/8/2023,Credit Card
ORD_263598,CUST_084,Starters,French Fries,4,2,,1/10/2022,Digital Wallet
ORD_341503,CUST_044,Starters,French Fries,4,3,,9/26/2023,Credit Card
ORD_440734,CUST_034,Main Dishes,Pasta Alfredo,12,4,48,1/10/2023,Digital Wallet
ORD_828641,CUST_016,Drinks,,2.5,five,12.5,11/11/2023,
ORD_619927,CUST_073,Main Dishes,Pasta Alfredo,12,3,36,2/12/2022,Cash
ORD_605126,CUST_065,Starters,Sweet Potato Fries,5,4,20,11/25/2022,Credit Card
ORD_248156,CUST_015,Starters,,4,5,20,12/15/2022,Cash
ORD_208235,CUST_027,Main Dishes,,15,,45,11/7/2023,Credit Card
ORD_601888,CUST_029,Drinks,Coca Cola,2.5,2,5,11/27/2023,Digital Wallet
ORD_251096,CUST_010,Main Dishes,,12,5,60,7/12/2023,
ORD_137415,CUST_054,Drinks,Coca Cola,2.5,2,5,5/2/2023,Cash
ORD_690519,CUST_032,Main Dishes,,,,,3/1/2022,
ORD_616181,CUST_071,Main Dishes,Pasta Alfredo,12,4,48,12/9/2022,Cash
ORD_175112,CUST_075,Main Dishes,Pasta Alfredo,12,4,48,1/29/2023,Credit Card
ORD_852907,CUST_026,Starters,,4,2,8,9/27/2023,cash
ORD_282059,CUST_012,Side Dishes,Mashed Potatoes,4,3,12,12/28/2023,Credit Card
ORD_217352,CUST_066,Starters,Chicken Melt,8,4,32,6/22/2022,
ORD_678323,CUST_065,Starters,Beef Chili,7,5,35,3/23/2022,Cash
ORD_381094,CUST_084,Side Dishes,Grilled Vegetables,5,5,25,7/29/2023,cash 
ORD_377987,CUST_020,Main Dishes,Steak,20,2,40,3/28/2023,DIGITAL WALLET
ORD_832176,CUST_048,Desserts,Chocolate Cake,6,4,24,6/14/2022,Digital Wallet
ORD_367817,CUST_008,Starters,Cheese Fries,5,2,10,11/17/2023,Credit Card
ORD_547662,CUST_089,Starters,Beef Chili,7,3,21,4/5/2023,
ORD_571630,CUST_057,Starters,French Fries,4,3,12,4/16/2022,Digital Wallet
ORD_588989,CUST_029,Starters,Sweet Potato Fries,5,1,5,8/26/2022,Cash
ORD_414879,CUST_010,Main Dishes,Grilled Chicken,15,4,60,5/18/2023,Digital Wallet
ORD_179550,CUST_062,Starters,Chicken Melt,8,4,32,2/8/2022,Digital Wallet
ORD_814536,CUST_084,Desserts,Ice Cream,5,1,5,7/16/2023,Credit Card
ORD_853390,CUST_099,Drinks,Iced Tea,2.5,4,10,12/7/2022,Credit Card
ORD_943373,CUST_084,Drinks,Coca Cola,2.5,5,12.5,1/12/2023,Credit Card
ORD_989796,CUST_051,Side Dishes,Side Salad,3,3,9,4/16/2022,Digital Wallet
ORD_329361,CUST_012,Main dishes,Salmon,-18,1,18,10/9/2022,
ORD_366664,CUST_070,Desserts,Brownie,6,4,24,1/14/2023,Digital Wallet
ORD_808365,CUST_027,Desserts,Brownie,6,5,30,7/29/2023,Credit Card
ORD_836398,CUST_025,Side Dishes,Grilled Vegetables,5,5,25,1/3/2022,
ORD_390551,CUST_091,Desserts,Cheesecake,7,-3,21,12/11/2022,Digital Wallet
ORD_657422,CUST_080,Drinks,,1,4,4,8/16/2023,Credit Card
ORD_433179,CUST_014,Drinks,,,2,5,10/5/2023,Cash
ORD_134877,CUST_038,Side Dishes,Onion Rings,5,2,10,12/26/2023,Credit Card
ORD_363136,CUST_089,DRINKS,Lemonade,3,-4,12,12/22/2022,Cash
ORD_893717,CUST_010,Main Dishes,Pasta Alfredo,12,2,,1/5/2023,digital wallet
ORD_846394,CUST_048,Side Dishes,Mashed Potatoes,4,1,,9/6/2023,Cash
ORD_993911,CUST_010,Drinks,Water,1,,4,9/22/2022,Credit Card
ORD_503736,CUST_081,Drinks,,1,1,1,4/8/2023,Digital Wallet
ORD_325510,CUST_046,Main Dishes,Pasta Alfredo,12,5,60,9/22/2022,Digital Wallet
ORD_415955,CUST_077,Starters,Cheese Fries,5,4,20,5/5/2023,Cash
ORD_878992,CUST_038,STARTERS,French Fries,4,5,20,3/10/2023,Credit Card
ORD_409620,CUST_058,Drinks,Orange Juice,3,5,15,5/29/2022,
ORD_771190,CUST_059,Main Dishes,Pasta Alfredo,12,5 items,60,9/8/2023,
ORD_677569,CUST_025,Desserts,,6,,24,1/8/2022,Cash
ORD_674933,CUST_035,Drinks,Water,1,3,3,12/6/2023,Cash
ORD_432830,CUST_089,Side Dishes,Side Salad,3,1,3,4/27/2023,Credit Card
ORD_206534,CUST_072,Side Dishes,Grilled Vegetables,5,4,20,5/28/2023,Cash
ORD_277598,CUST_070,Side Dishes,Mashed Potatoes,4,5 items,20,1/13/2023,Cash
ORD_290534,CUST_077,Main Dishes,Grilled Chicken,15,3,45,3/30/2022,Cash
ORD_685653,CUST_023,Main Dishes,Grilled Chicken,15,3,45,3/24/2022,Cash
ORD_948347,CUST_001,Starters,French Fries,4,3,12,1/5/2022,Credit Card
ORD_768708,CUST_088,Main Dishes,Grilled Chicken,15,5,75,10/11/2022,Cash Payment
ORD_196128,CUST_070,Desserts,Ice Cream,5,3,15,1/20/2022,Credit Card
ORD_843264,CUST_081,Drinks,Iced Tea,2.5,5,12.5,11/11/2022,Credit Card
ORD_465479,CUST_031,Main dishes,Grilled Chicken,15,2,30,4/20/2022,Cash
ORD_736266,CUST_046,Drinks,Coca Cola,2.5,3,,4/25/2023,Digital Wallet
ORD_429075,CUST_032,Starters,Chicken Melt,8,2,16,1/12/2023,Credit Card
ORD_676578,CUST_083,Drinks,Lemonade,3,4,12,12/6/2023,Digital Wallet
ORD_654597,CUST_031,Side dishes,Side Salad,3,5,15,2/27/2023,Cash
ORD_502885,CUST_092,Drinks,Lemonade,3,3,9,8/30/2023,Cash
ORD_777827,CUST_035,Desserts,Chocolate Cake,6,3,18,8/16/2023,
ORD_793767,CUST_027,Side Dishes,Side Salad,3,3,9,5/21/2023,Digital Wallet
ORD_742106,CUST_081,Main Dishes,Pasta Alfredo,12,5,60,8/22/2023,Digital Wallet
ORD_968094,CUST_062,Starters,Cheese Fries,5,4,20,9/16/2022,Cash
ORD_465722,CUST_019,Desserts,Cheesecake,7,2,14,5/5/2023,Digital Wallet
ORD_763350,CUST_090,Drinks,Lemonade,3,2,6,8/31/2023,
ORD_296862,CUST_073,Side Dishes,Side Salad,3,3,9,2/17/2023,Digital Wallet
ORD_588884,CUST_013,Side Dishes,,,5,20,2/12/2023,
ORD_844613,CUST_083,Drinks,,1,3,3,10/5/2023,Digital Wallet
ORD_375070,CUST_099,Side Dishes,Onion Rings,5,3,15,11/18/2022,Cash Payment
ORD_987556,CUST_005,Starters,French Fries,4,5,20,12/30/2022,
ORD_255996,CUST_028,Drinks,Orange Juice,3,3,9,1/9/2023,Digital Wallet
ORD_325560,CUST_001,Main Dishes,Vegetarian Platter,14,3,42,8/22/2023,Digital Wallet
ORD_521664,CUST_011,Starters,French Fries,4,3,12,7/19/2023,Digital Wallet
ORD_818451,CUST_058,Desserts,Cheesecake,7,3,21,4/19/2023,Credit Card
ORD_316188,CUST_038,Drinks ,Water,1,4,4,4/28/2022,Digital Wallet
ORD_596409,CUST_063,Starters,Sweet Potato Fries,5,,5,6/26/2022,Credit Card
ORD_694218,CUST_008,Main Dishes,Grilled Chicken,15,5,75,8/27/2022,
ORD_140743,CUST_084,Side Dishes,Mashed Potatoes,4,1,4,2/10/2023,Credit Card
ORD_315184,CUST_096,Starters,Beef Chili,7,,,1/11/2022,Credit Card
ORD_805168,CUST_094,Side Dishes,Side Salad,3,4,12,1/6/2023,Credit card 
ORD_142238,CUST_082,Side Dishes,Grilled Vegetables,5,4,20,12/31/2022,Credit Card
ORD_326100,CUST_045,Side Dishes,,,,,1/22/2022,Digital Wallet
ORD_572454,CUST_002,SIDE DISHES,Side Salad,3,1,3,1/26/2023,Digital Wallet
ORD_509041,CUST_089,Main Dishes,Salmon,18,1,18,11/16/2023,Digital Wallet
ORD_780631,CUST_030,Starters,Sweet Potato Fries,5,3,15,7/5/2022,Credit Card
ORD_317874,CUST_053,Side Dishes,Grilled Vegetables,5,2,10,9/1/2023,Cash
ORD_837763,CUST_042,Side Dishes,Mashed Potatoes,4,4,16,4/1/2023,Digital Wallet
ORD_891802,CUST_017,Drinks,Coca Cola,2.5,1,2.5,7/22/2023,Cash
ORD_880582,CUST_064,Side Dishes,Side Salad,3,4,12,6/28/2022,Cash
ORD_488088,CUST_022,Side Dishes,Garlic Bread,4,,16,1/7/2022,Credit Card
ORD_276002,CUST_080,Starters,French Fries,4,3,12,10/1/2023,Credit Card
ORD_545556,CUST_023,Drinks,Coca Cola,2.5$,4,10,9/7/2022,Digital Wallet
ORD_823844,CUST_096,Starters,Cheese Fries,5,2,10,1/25/2023,Credit Card
ORD_442723,CUST_053,Main Dishes,Grilled Chicken,15,3,45,7/8/2022,Cash
ORD_909292,CUST_090,Desserts,Cheesecake,7,2,14,10/30/2022,Cash
ORD_640601,CUST_055,Side dishes,Grilled Vegetables,5,5,25,6/20/2022,Cash
ORD_211970,CUST_006,starters,French Fries,4,5,20,8/31/2023,Digital Wallet
ORD_383832,CUST_042,Main Dishes,Steak,20,5,100,12/1/2023,
ORD_296141,CUST_065,Starters,,4,3,12,12/7/2023,Credit Card
ORD_760675,CUST_074,Side Dishes,Grilled Vegetables,5,5,25,1/9/2022,digital wallet
ORD_441511,CUST_018,Starters,Cheese Fries,5,,5,12/15/2023,Credit Card
ORD_493520,CUST_007,Main Dishes,Grilled Chicken,15,3,45,10/22/2022,Digital Wallet
ORD_492981,CUST_098,Desserts,Ice Cream,5,3,15,2/9/2022,Cash
ORD_120860,CUST_004,Drinks,Water,1,1,1,8/18/2023,e-wallet
ORD_438635,CUST_058,Drinks,Iced Tea,2.5,4,10,10/18/2022,Cash
ORD_403703,CUST_076,Drinks,Water,1,5,5,12/9/2022,Cash
ORD_642939,CUST_062,main dishes,,15,4,60,6/16/2022,Cash
ORD_980533,CUST_075,Drinks,Water,1,4 items,4,12/23/2022,Credit Card
ORD_696773,CUST_014,Main Dishes,Salmon,18,3,54,9/25/2022,Digital Wallet
ORD_817835,CUST_077,Side Dishes,Side Salad,3,5,15,4/3/2022,Credit Card
ORD_295173,CUST_094,Starters ,Cheese Fries,5,5,25,6/22/2022,Cash
ORD_486261,CUST_020,Starters,Sweet Potato Fries,,2,10,2/20/2023,Cash
ORD_314172,CUST_092,side dishes,,,1,4,4/12/2023,Cash
ORD_851941,CUST_034,desserts,Chocolate Cake,6,4,24,1/11/2023,Credit Card
ORD_687166,CUST_050,Main Dishes,Pasta Alfredo,12,4,48,4/24/2022,Digital Wallet
ORD_171210,CUST_080,Side Dishes,Mashed Potatoes,4,-5,20,12/30/2023,Credit Card
ORD_485250,CUST_069,Side Dishes,Grilled Vegetables,5,4,20,4/28/2023,Credit Card
ORD_465060,CUST_031,Desserts,Ice Cream,5,4,20,12/14/2022,
ORD_442437,CUST_068,Main Dishes,Pasta Alfredo,12,4,48,1/4/2022,Credit Card
ORD_115754,CUST_006,Drinks,Water,1,3,3,8/13/2023,Digital Wallet
ORD_134480,CUST_081,Desserts,Ice Cream,5,2,10,1/12/2022,
ORD_947263,CUST_055,Starters,French Fries,4,-2,8,3/20/2022,Cash
ORD_432758,CUST_064,Main Dishes,Salmon,18,2,36,1/16/2022,Credit Card
ORD_374066,CUST_052,Starters,French Fries,4,,16,11/7/2023,Credit Card
ORD_344374,CUST_001,Side Dishes,Mashed Potatoes,4,,8,3/20/2023,Digital Wallet
ORD_696328,CUST_002,Side Dishes,Mashed Potatoes,4,2,8,9/28/2022,Cash
ORD_549446,CUST_057,Side Dishes,Mashed Potatoes,4,2,8,8/17/2022,Cash
ORD_972314,CUST_053,Main Dishes,,,2,24,11/23/2022,Digital Wallet
ORD_221824,CUST_026,Starters,Cheese Fries,5,4,20,3/8/2023,
ORD_728946,CUST_045,Drinks,Coca Cola,2.5,4,10,,Digital Wallet
ORD_855553,CUST_005, Desserts,Chocolate Cake,6,3,18,1/14/2023,Credit Card
ORD_929573,CUST_085,Side Dishes,,,,,12/16/2023,Digital Wallet
ORD_140853,CUST_085,Drinks,Coca Cola,2.5,4 items,10,12/18/2022,
ORD_874191,CUST_050,Side Dishes,Side Salad,3,2,6,1/18/2022,Cash
ORD_415173,CUST_085,Main Dishes,Salmon,18,1,18,10/17/2023,
ORD_135137,CUST_084,Drinks,Water,1,4,4,2/13/2023,Cash
ORD_650953,CUST_019,drinks,Water,1,3,3,12/9/2022,Cash
ORD_238962,CUST_074,Starters,Sweet Potato Fries,5,,10,8/17/2022,Cash
ORD_607541,CUST_015,Starters,Beef Chili,7,4,28,8/30/2022,Digital Wallet
ORD_316198,CUST_093,Main Dishes,Pasta Alfredo,12,4,48,11/19/2022,Cash
ORD_593197,CUST_095,Drinks,Water,1,4,4,7/10/2023,Cash
ORD_894182,CUST_027,Starters,French Fries,4,3,12,9/3/2022,Cash
ORD_981756,CUST_025,DESSERTS,Cheesecake,7,4,,6/13/2022,Digital Wallet
ORD_473682,CUST_014,Drinks,Coca Cola,2.5,2,5,1/16/2022,Credit Card
ORD_224915,CUST_062,Side Dishes,,,2,8,1/16/2022,Credit Card
ORD_726934,CUST_097,Desserts,,6,2,12,2/19/2023,
ORD_641013,CUST_028,Starters,Cheese Fries,5,5,25,6/16/2023,Cash
ORD_414994,CUST_040,Starters,French Fries,4,,12,6/8/2022,
ORD_878953,CUST_042,Starters,,4,3,12,7/22/2022,Cash
ORD_628416,CUST_004,Main Dishes,Pasta Alfredo,12,3,36,4/13/2023,Cash
ORD_759328,CUST_011,Main Dishes,Salmon,18,3,54,8/23/2022,Cash
ORD_612365,CUST_042,Desserts,Brownie,6,3,18,2/19/2022,Credit Card
ORD_271530,CUST_022,Main Dishes,Pasta Alfredo,12,four,48,5/23/2022,Digital Wallet
ORD_393217,CUST_043,Desserts,Cheesecake,7,4,28,00/00/0000,Credit Card
ORD_792201,CUST_022,Main Dishes,Grilled Chicken,15,4,60,7/2/2022,Digital Wallet
ORD_682316,CUST_070,Starters,Sweet Potato Fries,5,5,25,1/21/2023,Digital Wallet
ORD_758882,CUST_090,Starters,Cheese Fries,5,3,15,10/17/2023,Credit Card
ORD_972140,CUST_048,Starters,,4,2,8,9/11/2023,
ORD_963567,CUST_080,Side Dishes,Side Salad,3,1,3,8/25/2023,Credit Card
ORD_388970,CUST_033,DRINKS,Water,1,4,4,8/16/2022,
ORD_932317,CUST_088,Desserts,Ice Cream,5,4,20,4/16/2023,credit card
ORD_949284,CUST_013,Drinks,Orange Juice,3,4,12,6/21/2022,Digital Wallet
ORD_126432,CUST_047,Desserts,Brownie,6,5,30,00/00/0000,Digital Wallet
ORD_920899,CUST_069,Drinks,Coca Cola,2.5,3,7.5,7/6/2023,Digital Wallet
ORD_215227,CUST_049,Starters,Sweet Potato Fries,5,4,20,10/12/2023,Credit Card
ORD_503700,CUST_037,Main Dishes,Salmon,18,1,18,4/16/2022,Credit Card
ORD_777364,CUST_030,Main Dishes,Vegetarian Platter,14,5,70,8/4/2022,e-wallet
ORD_974921,CUST_055,Drinks,,,4,4,4/27/2022,Credit Card
ORD_181009,CUST_016,Starters,Beef Chili,7,5,35,4/3/2022,Digital Wallet
ORD_428931,CUST_032,Side Dishes,Mashed Potatoes,4,3,12,10/6/2023,Cash
ORD_786315,CUST_070,Drinks,,2.5,5,12.5,7/16/2023,
ORD_880650,CUST_020,Starters ,Chicken Melt,8,3,24,1/28/2022,Digital Wallet
ORD_456323,CUST_028,Starters,Chicken Melt,8,4,32,3/18/2023,Cash
ORD_672851,CUST_097,Starters,French Fries,4,2,8,10/29/2023,Credit Card
ORD_610496,CUST_066,Desserts,Cheesecake,7,3,21,6/19/2022,Cash
ORD_897234,CUST_096,Drinks,Lemonade,3,1,3,3/23/2023,CASH
ORD_172504,CUST_073,Desserts,Brownie,6,2,12,4/15/2023,
ORD_503998,CUST_045,Main Dishes,Pasta Alfredo,12,4,48,3/22/2022,Cash
ORD_359930,CUST_035,Starters,Chicken Melt,8,5,40,7/7/2023,Cash
ORD_356257,CUST_048,Main Dishes,,,4,72,7/27/2022,
ORD_130629,CUST_095,Starters,French Fries,4,5,20,12/11/2023,Cash
ORD_341581,CUST_035,Desserts,Fruit Salad,4,5,20,3/21/2022,Cash
ORD_382633,CUST_070,Drinks,Lemonade,3,2,6,4/8/2023,Credit Card
ORD_825715,CUST_028,Side Dishes,Mashed Potatoes,,3,12,4/15/2022,Credit Card
ORD_737791,CUST_076,Desserts,Ice Cream,5,4,20,2/21/2022,Digital Wallet
ORD_415197,CUST_017,Desserts,Ice Cream,5,4,20,not a date, Digital Wallet
ORD_143044,CUST_002,Drinks,,,3,9,10/30/2023,Cash
ORD_720206,CUST_013,Desserts,Chocolate Cake,6,1,6,6/13/2023,Cash
ORD_787957,CUST_054,Side Dishes,Grilled Vegetables,5,3,15,2/15/2022,Credit Card
ORD_943156,CUST_041,Side Dishes,Garlic Bread,4.0$,2,8,7/15/2022,Cash
ORD_386546,CUST_093,Main Dishes,Steak,,3,60,4/10/2023,Digital Wallet
ORD_630612,CUST_002,Starters,Chicken Melt,8.0$,4,32,5/31/2023,Cash
ORD_108620,CUST_013,Main Dishes,Grilled Chicken,15,2,30,9/12/2022,DIGITAL WALLET
ORD_378158,CUST_065,Drinks,Water,1,2,2,10/25/2023,Cash
ORD_575822,CUST_019,Main Dishes,Vegetarian Platter,14,3,42,2/2/2023,cash 
ORD_289207,CUST_011,Starters,French Fries,4,1,4,8/24/2022,Cash
ORD_581737,CUST_039,Side Dishes,Side Salad,3,1,3,4/22/2023,Cash
ORD_728666,CUST_100,Drinks,Water,1,1,1,2022-13-05,Credit Card
ORD_366676,CUST_002,Main Dishes,,nan$,5,60,5/25/2023,Credit Card
ORD_893296,CUST_060,Drinks,Coca Cola,2.5,5,12.5,9/11/2023,Digital Wallet
ORD_488672,CUST_014,Side Dishes,Garlic Bread,4,3,12,2/24/2023,Credit Card
ORD_505798,CUST_077,Drinks,Water,1,1,1,1/21/2023,Cash
ORD_316277,CUST_072,Main Dishes,Grilled Chicken,15.0$,1,15,10/10/2022,Credit Card
ORD_353464,CUST_047,Side Dishes,Side Salad,3,3,9,9/13/2022,Credit Card
ORD_184813,CUST_007,Drinks,,3,1,3,7/29/2023,Digital Wallet
ORD_479481,CUST_038,DESSERTS,Fruit Salad,4,2,8,11/22/2022,
ORD_171110,CUST_055,Starters,Cheese Fries,5,5,25,8/24/2023,cash
ORD_362195,CUST_030,Main Dishes,Salmon,-18,1,18,6/3/2023,Cash
ORD_965922,CUST_021,Drinks,Coca Cola,2.5,4,10,1/30/2022,Cash
ORD_705883,CUST_026,Starters,Nachos Grande,10.0$,2,20,9/30/2023,Cash
ORD_465654,CUST_017,Drinks,Water,1,1,1,6/4/2022,Digital Wallet
ORD_664279,CUST_039,Drinks,,1,1,1,6/22/2022,
ORD_918766,CUST_028,Drinks,Orange Juice,3,3,9,5/31/2023,Credit Card
ORD_647386,CUST_066,Main Dishes,Vegetarian Platter,14,1,14,10/30/2023, Cash
ORD_894776,CUST_044,Drinks,Coca Cola,2.5,3,7.5,11/8/2023,Cash
ORD_300041,CUST_042,Side Dishes,Side Salad,3,1,3,6/2/2022,Cash
ORD_831312,CUST_096,Side Dishes,Garlic Bread,4,3,12,3/10/2023,Credit Card
ORD_343041,CUST_016,Side Dishes,Side Salad,-3,1,3,4/19/2022,Digital Wallet
ORD_918838,CUST_031,Side Dishes,Side Salad,3,5,15,4/1/2022,Credit Card
ORD_637298,CUST_076,Side Dishes,,,,,8/4/2022,Cash
ORD_550925,CUST_014,Starters,Cheese Fries,5,5,25,10/13/2023,Credit Card
ORD_262057,CUST_044,Drinks,Coca Cola,2.5,4,10,11/7/2023,Digital Wallet
ORD_624990,CUST_044,Side Dishes,,4,4,16,8/24/2023,Digital Wallet
ORD_184963,CUST_073,Desserts,Ice Cream,5,1,5,7/21/2023,
ORD_652394,CUST_016,Starters,Cheese Fries,5,1,5,12/6/2022,Digital Wallet
ORD_181039,CUST_038,Desserts,,,3,12,12/2/2022,Credit Card
ORD_747164,CUST_085,Drinks ,Orange Juice,3,5,15,12/21/2022,
ORD_355358,CUST_047,Side Dishes,Side Salad,,5,15,11/6/2022,Cash
ORD_424652,CUST_014,Main Dishes,Pasta Alfredo,12,5,60,12/3/2022,Credit Card
ORD_644818,CUST_016,Desserts,,,4,16,4/5/2023,Credit Card
ORD_957935,CUST_063,Drinks,Water,1,2,2,2/26/2022,Digital Wallet
ORD_439730,CUST_014,SIDE DISHES,Side Salad,3,2,,1/20/2023,Credit Card
ORD_451504,CUST_084,Starters,Beef Chili,7,5,35,7/31/2022,Cash
ORD_724756,CUST_064,Starters,,5,2,10,1/26/2022,
ORD_378253,CUST_086,Starters,French Fries,4,3,12,12/12/2022,Cash
ORD_400950,CUST_100,DRINKS,Lemonade,3,3,9,10/6/2022,Digital Wallet
ORD_843383,CUST_004,Drinks,Iced Tea,2.5,1,2.5,10/8/2023,Cash
ORD_129715,CUST_013,Drinks,Lemonade,3,1,3,7/20/2023,Credit Card
ORD_669772,CUST_096,Desserts,Brownie,6,2,12,2/12/2023,Cash
ORD_651315,CUST_024,Main Dishes,Salmon,18,3,54,11/27/2023,Cash
ORD_742967,CUST_090,desserts,Ice Cream,5,3,15,5/21/2023,Digital Wallet
ORD_362882,CUST_047,Drinks,Orange Juice,3,3,9,8/17/2023,Credit Card
ORD_629537,CUST_035,Main Dishes,Pasta Alfredo,12,3,36,6/8/2023,Digital Wallet
ORD_692964,CUST_059,Side Dishes,Mashed Potatoes,4,2,8,5/14/2023,Digital Wallet
ORD_941823,CUST_093,Desserts,Chocolate Cake,6,3,18,2/19/2022,Digital Wallet
ORD_159620,CUST_065,Desserts,Fruit Salad,4,2,8,11/28/2022,Credit Card
ORD_832632,CUST_045,Side Dishes,Mashed Potatoes,4,5,20,3/3/2023,Credit Card
ORD_742866,CUST_085,Main Dishes,Grilled Chicken,15,2,30,2/11/2022,Cash
ORD_198915,CUST_015,Side Dishes,,4,5,20,9/29/2022,CREDIT CARD
ORD_169290,CUST_061,Main Dishes,Pasta Alfredo,12,1,12,11/1/2023,Cash
ORD_155086,CUST_007,Drinks ,Orange Juice,3,2,6,4/23/2023,Cash
ORD_503771,CUST_025,Drinks,Water,1,2,2,3/1/2022,Digital Wallet
ORD_474139,CUST_023,Desserts,Chocolate Cake,6,5,30,12/26/2023,Credit Card
ORD_406925,CUST_060,Starters,Cheese Fries,5,4,20,12/30/2023,Credit Card
ORD_113254,CUST_040,Side Dishes,Onion Rings,5,1,5,9/30/2022,Cash
ORD_475472,CUST_003,desserts,Ice Cream,5,1,5,10/26/2022,Credit Card
ORD_161144,CUST_036,Starters,Sweet Potato Fries,5,1,,12/21/2022,Cash
ORD_173365,CUST_098,Side Dishes,Side Salad,3,2,6,11/15/2023,cash
ORD_962418,CUST_090,Drinks,Water,1,4,4,3/13/2022,Credit Card
ORD_187074,CUST_040,Desserts,Chocolate Cake,6,1,6,7/7/2023,Digital Wallet
ORD_670602,CUST_084,Drinks,Orange Juice,3,5,15,1/1/2023,
ORD_657405,CUST_068,Side Dishes,Mashed Potatoes,4,1,4,4/7/2022,Digital Wallet
ORD_584246,CUST_033,Main Dishes,Salmon,18,5,90,12/21/2023,Digital Wallet
ORD_147533,CUST_003,Starters,Beef Chili,7,4,28,6/11/2023,
ORD_154100,CUST_027,Main Dishes,Pasta Alfredo,12,4,48,2/28/2022,Digital Wallet
ORD_412348,CUST_048,Side Dishes,Mashed Potatoes,4,5,20,4/21/2022,Cash
ORD_504225,CUST_078,Side Dishes,,,4,12,2/6/2023,Digital Wallet
ORD_283226,CUST_004,Main Dishes,Steak,,1,20,11/12/2023,Digital Wallet
ORD_378802,CUST_094,Side Dishes,Garlic Bread,4,4,16,3/24/2023,Digital Wallet
ORD_482746,CUST_100,Drinks,,2.5,4 items,10,5/5/2022,Credit Card
ORD_712632,CUST_048,Starters,Chicken Melt,8,3,24,2/13/2022,Credit Card
ORD_630504,CUST_032,Starters,Chicken Melt,8,3,24,11/17/2023,Cash
ORD_948795,CUST_045,Starters,Beef Chili,7,2,14,11/28/2023,Credit Card
ORD_932686,CUST_070,Drinks,,3,,6,6/28/2022,Digital Wallet
ORD_982283,CUST_050,Side Dishes,,4,3,12,1/11/2023,Credit Card
ORD_778015,CUST_089,Main Dishes,Pasta Alfredo,12,1,12,8/15/2023,
ORD_985733,CUST_030,Drinks,Lemonade,3,5,15,12/25/2022,Cash
ORD_965165,CUST_053,Main Dishes,Grilled Chicken,15,2,30,2/19/2022,Cash
ORD_880866,CUST_063,Side Dishes,Mashed Potatoes,,3,12,11/23/2023,Digital Wallet
ORD_705612,CUST_091,Desserts,Cheesecake,7,5,35,1/11/2023,Credit Card
ORD_843372,CUST_068,desserts,Cheesecake,7,5,35,12/3/2022,Credit Card
ORD_861981,CUST_003,Main Dishes,Pasta Alfredo,12,1,12,7/11/2023,Credit Card
ORD_693222,CUST_056,Side Dishes,Onion Rings,5,1,5,6/27/2022,credit card
ORD_583740,CUST_015,Starters,Cheese Fries,5,1,5,3/10/2023,Digital Wallet
ORD_841298,CUST_026,DESSERTS,Chocolate Cake,6,,12,6/18/2022,Credit Card
ORD_310153,CUST_074,Main Dishes,Pasta Alfredo,12,5,60,12/12/2023, Cash
ORD_723296,CUST_001,Desserts,Cheesecake,7,5,35,4/21/2022,
ORD_250456,CUST_083,Starters,Nachos Grande,10,1,10,12/7/2023,Credit card 
ORD_479257,CUST_058,Side Dishes,Garlic Bread,4,,4,12/2/2022,Digital Wallet
ORD_638135,CUST_002,Drinks,Water,1,1,1,10/16/2022,Digital Wallet
ORD_347113,CUST_040,Desserts,Ice Cream,5,5,25,5/15/2022,Credit Card
ORD_275726,CUST_048,Drinks,Water,1,,,6/19/2023,Digital Wallet
ORD_250842,CUST_001,Drinks,Water,,2,2,5/5/2023,digital wallet
ORD_285623,CUST_060,Drinks,Orange Juice,3,3,9,1/2/2022,Credit Card
ORD_421054,CUST_013,Drinks,Water,1,3,3,10/11/2022,Credit Card
ORD_638076,CUST_045,Main Dishes,Pasta Alfredo,12,2,24,8/25/2022,Digital Wallet
ORD_240573,CUST_056,Drinks ,Water,1,1,1,6/29/2023,Credit Card
ORD_360402,CUST_090,Desserts,Chocolate Cake,6,2,12,9/9/2022,Digital Wallet
ORD_627607,CUST_037,Drinks,Water,1,1,1,4/26/2023,Credit Card
ORD_174693,CUST_041,Desserts,Ice Cream,5,4,20,5/4/2022,Cash
ORD_365230,CUST_070,Main Dishes,Grilled Chicken,15,,30,5/26/2023,Cash
ORD_287324,CUST_100,Starters,Chicken Melt,8,1,,9/8/2022,Credit Card
ORD_514253,CUST_067,Starters,,8,4,32,4/13/2023,Credit Card
ORD_940987,CUST_025,Side Dishes,,4,2,8,1/17/2022,creditcard
ORD_480550,CUST_006,Starters,Nachos Grande,10,1,10,3/10/2022,credit card
ORD_183585,CUST_010,Side Dishes,,,5,25,11/6/2023,Digital Wallet
ORD_440154,CUST_056,Desserts,Ice Cream,5,2,10,9/6/2022,
ORD_243245,CUST_069,Desserts,Ice Cream,,2,10,8/27/2023,Credit Card
ORD_829096,CUST_082,Starters,French Fries,4,3,12,8/27/2022,Credit Card
ORD_697463,CUST_050,Side Dishes,Grilled Vegetables,5,4,20,12/23/2023,
ORD_527907,CUST_002,Desserts,,,,,7/23/2022,
ORD_168372,CUST_035,Drinks,Orange Juice,3,3,9,12/19/2022,Credit Card
ORD_445769,CUST_092,Starters,French Fries,4,3,12,9/18/2023,Credit Card
ORD_654603,CUST_072,Desserts,Fruit Salad,4,3,12,10/23/2023,Credit Card
ORD_633908,CUST_018,Drinks,Lemonade,3,4,12,6/19/2022,Credit Card
ORD_374231,CUST_061,Desserts,Chocolate Cake,6,4,24,6/13/2022,Cash
ORD_822823,CUST_098,Drinks,Orange Juice,3,5,15,3/23/2023,Digital Wallet
ORD_610583,CUST_086,Starters,French Fries,4,5,20,9/3/2022,Cash
ORD_926377,CUST_084,Side Dishes,Onion Rings,5,-3,,4/16/2023,CASH
ORD_302594,CUST_058,Drinks,Coca Cola,2.5,5,12.5,2/8/2022,Cash
ORD_879200,CUST_075,Starters,,4,1,4,11/29/2023,Credit Card
ORD_502433,CUST_014,Side Dishes,Side Salad,3,2,6,7/21/2023,Digital Wallet
ORD_862734,CUST_043,Side Dishes,Side Salad,,,9,7/27/2023,Digital Wallet
ORD_980516,CUST_007,Starters,French Fries,4,1,4,6/20/2022,Digital Wallet
ORD_885479,CUST_014,Starters,French Fries,4,4,16,6/29/2022,Digital Wallet
ORD_193724,CUST_066,Drinks,Orange Juice,3,2,6,2022-13-05,Cash
ORD_631373,CUST_032,Side Dishes,Onion Rings,5,2,10,9/11/2022,Credit Card
ORD_900637,CUST_088,Starters,Nachos Grande,10,1,10,12/11/2023,Digital Wallet
ORD_651614,CUST_027,Main Dishes,Pasta Alfredo,12,3,36,2/12/2023,Digital Wallet
ORD_422177,CUST_016,Main Dishes,,,,,10/28/2023,Credit Card
ORD_313608,CUST_064,Main Dishes,,,1,20,3/25/2023,Cash
ORD_849742,CUST_078,Starters,Beef Chili,7,5,,8/28/2023,Cash
ORD_978369,CUST_068,Desserts,,4,4,16,9/13/2022,Cash
ORD_933166,CUST_047,Drinks,Lemonade,3,2,,2/13/2023,Credit Card
ORD_902323,CUST_001,Main Dishes,Steak,20,3,60,11/13/2022,Digital Wallet
ORD_201434,CUST_094,Side Dishes,Side Salad,3,2,6,9/7/2022,Digital Wallet
ORD_606128,CUST_045,Desserts,Brownie,6,2,12,9/26/2023,
ORD_807358,CUST_018,Drinks,,1,4,4,11/14/2022,Credit Card
ORD_564058,CUST_088,Main Dishes,Pasta Alfredo,12.0$,4,48,12/15/2022,
ORD_594915,CUST_043,Starters,Chicken Melt,8,5,40,5/20/2022,Credit Card
ORD_621857,CUST_082,Drinks,Water,-1,4,4,10/2/2022,Digital Wallet
ORD_279513,CUST_058,Desserts,Cheesecake,7,4,28,2/13/2023,Credit Card
ORD_840225,CUST_042,Drinks,Orange Juice,3,2,6,12/29/2023,Digital Wallet
ORD_237692,CUST_052,Starters,Nachos Grande,10,5,50,5/24/2022,
ORD_855395,CUST_078,Starters,,,2,10,2/18/2022,
ORD_246177,CUST_078,Starters,Cheese Fries,5,5,25,5/3/2022,Cash
ORD_619631,CUST_060,Drinks,,2.5,5,12.5,3/31/2022,
ORD_180293,CUST_011,Drinks,Coca Cola,2.5,4,10,5/26/2023,Cash
ORD_332881,CUST_005,Main Dishes,Grilled Chicken,15,4,60,10/31/2023,Cash
ORD_390392,CUST_089,Main Dishes,Salmon,18,5 items,90,2/13/2023,Credit Card
ORD_887258,CUST_040,Main Dishes,Grilled Chicken,15,5,75,12/24/2022,Credit Card
ORD_592695,CUST_053,Drinks,Orange Juice,3,2,6,11/10/2022,digital wallet
ORD_894374,CUST_051,Main Dishes,,12,1,12,8/23/2022,
ORD_402561,CUST_003,SIDE DISHES,Grilled Vegetables,5,2,10,5/20/2023,Cash
ORD_719257,CUST_092,Side Dishes,Grilled Vegetables,5,5,25,2/23/2022,
ORD_811042,CUST_091,Side Dishes,Mashed Potatoes,4,4,16,11/15/2022,Digital Wallet
ORD_275854,CUST_033,Desserts,Ice Cream,5,2,10,10/28/2022,
ORD_873203,CUST_056,Starters,Sweet Potato Fries,5,2,10,6/8/2023,Cash
ORD_559655,CUST_047,Drinks,Water,1,1,1,7/20/2022,Digital Wallet
ORD_542396,CUST_022,Main Dishes,Grilled Chicken,15,4,60,7/2/2022,Credit Card
ORD_364365,CUST_097,Side Dishes,Side Salad,3,3,9,5/7/2022,Credit Card
ORD_933527,CUST_013,Drinks,Coca Cola,2.5,1,2.5,7/24/2023,Cash
ORD_453679,CUST_052,Desserts,Chocolate Cake,6,3 items,18,4/24/2023,cash 
ORD_387751,CUST_026,DESSERTS,,,-3,,12/16/2022,Digital Wallet
ORD_468889,CUST_074,Starters,French Fries,4,2,8,6/1/2023,Cash
ORD_735280,CUST_008,Starters,,8,2,16,8/11/2022,Digital Wallet
ORD_748385,CUST_064,Side Dishes,Side Salad,3,3,9,10/27/2022,Credit Card
ORD_122934,CUST_015,Side Dishes,,3,5,15,3/4/2022,Cash
ORD_994881,CUST_002,Desserts,Fruit Salad,4,5,20,1/18/2022,Digital Wallet
ORD_395969,CUST_077,Side Dishes,Side Salad,3,3,9,4/14/2023, Cash
ORD_844998,CUST_078,Drinks,Orange Juice,3,4,12,3/13/2023,Cash
ORD_147243,CUST_007,Drinks,Coca Cola,2.5,1,2.5,8/20/2022,Digital Wallet
ORD_913046,CUST_037,Main Dishes,Vegetarian Platter,14,3,42,5/17/2023,Cash
ORD_244809,CUST_092,Main Dishes,Vegetarian Platter,14,4,56,2/7/2023,Credit Card
ORD_498956,CUST_094,Desserts,Fruit Salad,4,3,12,9/23/2023,Digital Wallet
ORD_759556,CUST_016,Main Dishes,Steak,20,4,80,11/13/2023,Digital Wallet
ORD_847338,CUST_066,drinks,Coca Cola,2.5,3,7.5,2/7/2022,Credit Card
ORD_391706,CUST_047,Main Dishes,Grilled Chicken,15,2,30,4/12/2023,Credit Card
ORD_899177,CUST_043,Side Dishes,Grilled Vegetables,,4,20,3/8/2023,Digital Wallet
ORD_213506,CUST_032,Desserts,Chocolate Cake,6,3,18,11/18/2023,Cash
ORD_426461,CUST_010,Side Dishes,Garlic Bread,,5,20,3/27/2022,Cash
ORD_378435,CUST_006,Drinks,Orange Juice,3,2,6,2/23/2022,Cash
ORD_526655,CUST_094,Main Dishes,Pasta Alfredo,12,3,36,11/4/2023,Digital Wallet
ORD_530360,CUST_072,Main Dishes,Pasta Alfredo,12,5,60,1/24/2022,Digital Wallet
ORD_207782,CUST_094,Desserts,Chocolate Cake,6,1,6,12/19/2022,Cash
ORD_778615,CUST_100,Desserts,Ice Cream,5,3,15,8/17/2023,
ORD_398768,CUST_071,Side Dishes,Mashed Potatoes,4,1,4,7/12/2022,Credit Card
ORD_331585,CUST_012,Desserts,Ice Cream,5,1,5,5/31/2023,Digital Wallet
ORD_431962,CUST_019,Desserts,Chocolate Cake,6,-4,24,4/30/2023,Digital Wallet
ORD_988606,CUST_098,Side Dishes,Onion Rings,5,1,5,7/11/2022,Credit Card
ORD_233341,CUST_055,Drinks,Coca Cola,2.5,4,10,9/26/2023,
ORD_944115,CUST_042,Desserts,Brownie,6,4,24,5/4/2023,Credit Card
ORD_620721,CUST_048,Drinks,Lemonade,3,5,15,7/1/2022,Digital Wallet
ORD_126473,CUST_008,Main Dishes,Pasta Alfredo,12,4,,3/21/2022,Cash
ORD_788695,CUST_093,Starters,French Fries,4,2,8,10/26/2022,Credit Card
ORD_515791,CUST_094,Main Dishes,Grilled Chicken,15,2,30,12/14/2022,Cash
ORD_487283,CUST_059,Desserts,Chocolate Cake,6,2,,9/6/2022,Digital Wallet
ORD_191733,CUST_026,Desserts,Ice Cream,5,5,25,1/8/2023,Digital Wallet
ORD_302357,CUST_019,Main Dishes,Grilled Chicken,15,1,15,4/15/2023,Cash
ORD_413084,CUST_078,drinks,Lemonade,3,5,15,12/5/2022,Digital Wallet
ORD_501752,CUST_010,Starters,Cheese Fries,5,1,5,8/23/2022,
ORD_252199,CUST_046,Side Dishes,Grilled Vegetables,5,3,15,6/25/2023,Credit Card
ORD_583950,CUST_029,Desserts,Chocolate Cake,6,5,30,11/29/2022,creditcard
ORD_936114,CUST_088,Desserts,Cheesecake,7,4,,2/27/2022,Credit Card
ORD_552183,CUST_035,Desserts,Ice Cream,5,1,5,8/11/2023,Cash
ORD_458526,CUST_072,Side Dishes,Onion Rings,5,2,10,10/13/2023,Credit Card
ORD_387463,CUST_055,Main Dishes,Grilled Chicken,15,5,75,5/17/2023,Credit Card
ORD_137422,CUST_014,Desserts,Ice Cream,5,3,15,3/16/2023,Cash
ORD_118846,CUST_031,Main Dishes,,,2,40,4/11/2023,Digital Wallet
ORD_617211,CUST_095,STARTERS,Cheese Fries,5,4,20,10/26/2022,Digital Wallet
ORD_639236,CUST_021,Side Dishes,Grilled Vegetables,5,4,20,10/4/2022,Digital Wallet
ORD_779463,CUST_048,Starters,Sweet Potato Fries,5,2,10,5/6/2022,Cash
ORD_409159,CUST_071,Side Dishes,Grilled Vegetables,5,2,10,2/13/2023,Credit Card
ORD_761744,CUST_066,Desserts,Chocolate Cake,6,2,12,9/2/2022,Digital Wallet
ORD_282613,CUST_071,MAIN DISHES,Pasta Alfredo,12,2,24,5/12/2022,
ORD_416659,CUST_005,Main Dishes,Steak,20,,60,3/12/2023,creditcard
ORD_409697,CUST_096,Drinks,Orange Juice,-3,5,15,3/19/2023,Cash
ORD_882077,CUST_038,Starters,Cheese Fries,5,2,10,5/17/2022,Cash
ORD_888341,CUST_098,Starters,Cheese Fries,5,4,20,12/31/2023,Cash
ORD_403229,CUST_014,Main Dishes,Salmon,18,2,36,5/31/2022,Digital Wallet
ORD_252533,CUST_001,Side Dishes,Side Salad,3,5,15,10/21/2022,Digital Wallet
ORD_927311,CUST_033,Main Dishes,Steak,20,4,80,7/15/2023,Digital Wallet
ORD_607930,CUST_016,Desserts,Ice Cream,5,5,25,10/16/2023,
ORD_190694,CUST_022,Drinks,Coca Cola,2.5,4 items,10,9/10/2023,Credit Card
ORD_486983,CUST_076,Drinks,Coca Cola,2.5,5,12.5,5/13/2023,Credit Card
ORD_998378,CUST_013,Starters,Chicken Melt,8,2,16,7/31/2023,Credit Card
ORD_148997,CUST_068,Side Dishes,Side Salad,3,5,15,4/13/2023,Credit Card
ORD_404247,CUST_027,Starters,Chicken Melt,8,2,16,6/21/2023,Cash
ORD_419287,CUST_007,Main Dishes,Pasta Alfredo,-12,3,36,5/10/2022,Credit Card
ORD_871211,CUST_043,Main Dishes,Salmon,18,1,18,1/10/2022,Cash
ORD_578640,CUST_006,Side Dishes,Side Salad,3,3,9,6/12/2022,Credit Card
ORD_291012,CUST_020,Drinks,Coca Cola,2.5,2,5,10/15/2023,Cash
ORD_285224,CUST_011,Starters,Cheese Fries,5,4,20,8/20/2022,Cash
ORD_908773,CUST_007,Drinks,,,,,1/21/2023,
ORD_588270,CUST_010,Side Dishes,Mashed Potatoes,4,5,20,3/9/2022,Credit Card
ORD_274840,CUST_096,Main Dishes,Pasta Alfredo,12,5,60,4/2/2022,Cash
ORD_475558,CUST_079,Desserts,,6,5,30,1/5/2022,Credit Card
ORD_318472,CUST_001,Drinks,Lemonade,3,2,6,7/4/2022,
ORD_253710,CUST_085,Starters,Cheese Fries,5,2,10,5/20/2022,
ORD_682881,CUST_067,Main Dishes,Pasta Alfredo,12,5,60,2/1/2023,Credit card 
ORD_702040,CUST_072,Starters,Chicken Melt,8,3,24,1/23/2023,Cash
ORD_746530,CUST_019,Main Dishes,,18,,72,3/26/2023,Digital Wallet
ORD_617523,CUST_014,Main Dishes,Steak,20,4,80,4/18/2023,Cash
ORD_820115,CUST_092,Starters,Beef Chili,7,3,21,5/21/2023,Credit Card
ORD_882934,CUST_036,Starters,Sweet Potato Fries,5,1,,9/3/2022,e-wallet
ORD_805599,CUST_075,Main Dishes,,12.0$,5,60,3/8/2022,
ORD_648274,CUST_082,Drinks,,2.5,2,5,6/1/2022,Cash
ORD_439127,CUST_026,Side Dishes,Grilled Vegetables,5,2,10,6/12/2022,Digital Wallet
ORD_474280,CUST_003,Side Dishes,Grilled Vegetables,5,3,15,5/2/2023,Cash
ORD_946947,CUST_004,Side Dishes,Garlic Bread,4,5,20,1/17/2022,Cash
ORD_516021,CUST_027,Main Dishes,Salmon,18,3,54,2/12/2022,Digital Wallet
ORD_622000,CUST_086,Drinks,Iced Tea,2.5,4,10,3/2/2023,Cash
ORD_233548,CUST_092,Desserts,Cheesecake,7,-1,7,9/24/2023,Cash
ORD_614005,CUST_062,Desserts,Cheesecake,7,4,28,7/5/2022,digital wallet
ORD_571911,CUST_067,Main Dishes,Vegetarian Platter,14,5,70,3/10/2022,Digital Wallet
ORD_609677,CUST_090,Drinks,Lemonade,3,1,3,2/10/2022,
ORD_574200,CUST_095,Drinks,Orange Juice,3,3,9,8/29/2022,Digital Wallet
ORD_497105,CUST_080,Starters,Beef Chili,7,3,21,11/5/2023,Credit Card
ORD_602252,CUST_043,Side dishes,Side Salad,3,2,6,3/15/2023,Digital Wallet
ORD_875449,CUST_096,Starters,Cheese Fries,5,4,20,11/23/2022,Cash
ORD_871437,CUST_049,Desserts,Chocolate Cake,6,2,12,9/18/2023,Cash
ORD_278520,CUST_017,Drinks,Orange Juice,3,3,9,1/6/2023,Cash
ORD_773328,CUST_020,Main Dishes,Salmon,18,3,54,7/16/2023,Digital Wallet
ORD_467191,CUST_072,Side Dishes,Mashed Potatoes,4,1,4,2/15/2023,Credit Card
ORD_764021,CUST_002,Drinks,Coca Cola,2.5,3,7.5,7/23/2023,Cash
ORD_378561,CUST_030,Side Dishes,Grilled Vegetables,5,2,10,2/9/2023,Cash
ORD_848474,CUST_025,Desserts,Ice Cream,5,4,20,1/26/2023,Digital Wallet
ORD_611913,CUST_093,Main Dishes,Steak,20,5,100,6/19/2022,
ORD_437457,CUST_093,Desserts,Chocolate Cake,6,3,18,3/3/2022,
ORD_286905,CUST_029, Desserts,Chocolate Cake,6,2,12,5/8/2023,Digital Wallet
ORD_835885,CUST_004, Starters,Cheese Fries,5,4,20,8/20/2022,Cash
ORD_598576,CUST_067,Desserts,Ice Cream,5,3,,3/10/2023,
ORD_271236,CUST_019,Drinks,,2.5,1,2.5,11/27/2022,Credit Card
ORD_443854,CUST_058,Starters,Sweet Potato Fries,5,2,10,9/9/2022,Cash
ORD_513036,CUST_039,Drinks,Orange Juice,3,,6,10/9/2023,Credit Card
ORD_434252,CUST_049,Side Dishes,Side Salad,3,3,9,10/4/2022,Credit Card
ORD_246196,CUST_082,Main Dishes,Pasta Alfredo,12,3,36,5/15/2022,Credit Card
ORD_158400,CUST_082,Desserts,,,5,25,2023/99/99,Digital Wallet
ORD_274685,CUST_010,Main Dishes,Pasta Alfredo,12,5,60,10/2/2022,Digital Wallet
ORD_735263,CUST_024,Drinks,Coca Cola,2.5,3,7.5,6/2/2022,Credit Card
ORD_631235,CUST_015,Main Dishes,,12.0$,2,24,3/31/2023,Credit Card
ORD_290358,CUST_096,Side Dishes,Side Salad,3,3,9,8/7/2022,Credit Card
ORD_976180,CUST_003,Side Dishes,Mashed Potatoes,4,2,8,abc,Cash
ORD_387819,CUST_019,Main Dishes,Salmon,18,3,54,2/10/2023,Digital Wallet
ORD_121056,CUST_051,Main Dishes,Steak,20,1,20,12/2/2023,Credit Card
ORD_517481,CUST_014,Main Dishes,Vegetarian Platter,14,2,28,9/16/2022,Digital Wallet
ORD_662528,CUST_037,Side Dishes,Grilled Vegetables,5,3,15,5/25/2023,Credit Card
ORD_957084,CUST_053,Side Dishes,Side Salad,3,1,,4/27/2022,Cash
ORD_427485,CUST_013,Starters,Nachos Grande,10,3,30,3/9/2023,Credit Card
ORD_886945,CUST_024,Drinks,Orange Juice,3,3,9,10/25/2023,Digital Wallet
ORD_520739,CUST_079,Starters,French Fries,4,4,16,9/16/2023,Credit Card
ORD_905127,CUST_061,Starters,Nachos Grande,10,4,40,2/25/2022,Digital Wallet
ORD_455982,CUST_028,Side Dishes,,5,5,25,1/28/2023,Cash
ORD_537477,CUST_014,Starters,Beef Chili,7,4,28,1/27/2023,
ORD_413136,CUST_013,Drinks,,3,3,9,6/28/2023,
ORD_162725,CUST_025,Main Dishes,Pasta Alfredo,12,4,48,4/12/2022,Cash
ORD_407994,CUST_011,Drinks,Coca Cola,2.5,2,5,3/27/2023,Credit card 
ORD_579556,CUST_067,Drinks,,,4,10,5/31/2022,Credit Card
ORD_112997,CUST_035,Desserts,Chocolate Cake,6,4,24,11/25/2022,Digital Wallet
ORD_971206,CUST_088,Drinks,Coca Cola,2.5,4,10,3/30/2023,Cash
ORD_471282,CUST_042,desserts,Ice Cream,5,3,15,12/4/2023,Digital Wallet
ORD_127269,CUST_026,Side Dishes,Mashed Potatoes,4,1,4,9/26/2023,Digital Wallet
ORD_515197,CUST_079,Starters,Cheese Fries,5,4,20,1/23/2022,Cash
ORD_470978,CUST_066,Side Dishes,Onion Rings,5,1,5,2/22/2023,Digital Wallet
ORD_240931,CUST_014,Starters,Beef Chili,7,5,35,3/23/2022,Cash
ORD_317543,CUST_040,Starters,French Fries,4,1,4,11/17/2023,Digital Wallet
ORD_366368,CUST_039,Main Dishes,Grilled Chicken,15,4,60,5/12/2023,Credit Card
ORD_243276,CUST_013,Main Dishes,Vegetarian Platter,14,4,56,12/12/2023,
ORD_514118,CUST_074,DESSERTS,Ice Cream,5,3,15,3/10/2023,Digital Wallet
ORD_915538,CUST_005,Main  Dishes,,20,1,20,3/16/2022,Cash
ORD_641683,CUST_088,Drinks,Coca Cola,2.5$,2,5,3/19/2023,Cash
ORD_433900,CUST_011,Drinks,Water,1,4,4,11/5/2022,Digital Wallet
ORD_620105,CUST_022,Main Dishes,Salmon,18,3,54,1/23/2022,Digital Wallet
ORD_507508,CUST_065,Desserts,Ice Cream,5,1,5,8/13/2022,Credit Card
ORD_966268,CUST_049,Desserts,Cheesecake,7,4,28,11/4/2023,Cash
ORD_659592,CUST_015,Side Dishes,Side Salad,3,4,12,12/5/2023,
ORD_951195,CUST_050,Desserts,Cheesecake,7,3,21,7/19/2023, Digital Wallet
ORD_145664,CUST_037,Desserts,Cheesecake,7,4,,6/8/2023,Cash
ORD_851160,CUST_099,Desserts,Cheesecake,7,4,28,3/29/2022,Digital Wallet
ORD_272818,CUST_022,Desserts,Cheesecake,7,,28,9/29/2022,Credit Card
ORD_806866,CUST_020,Starters,Sweet Potato Fries,5,3,15,11/14/2022,Digital Wallet
ORD_728635,CUST_014,Main Dishes,Steak,20,4,80,3/13/2022,Cash
ORD_741747,CUST_079,Drinks,Water,1,,4,11/29/2022,Cash
ORD_225348,CUST_060,Main Dishes,Salmon,18,2,36,6/3/2023,
ORD_648380,CUST_008,Starters,Chicken Melt,8,4,32,3/27/2022,Cash
ORD_464489,CUST_072,Starters,Beef Chili,7,5,35,1/30/2022,Cash
ORD_641514,CUST_026,Drinks,Lemonade,3,4,12,10/22/2022,e-wallet
ORD_683630,CUST_093,Desserts,Brownie,6,3,18,4/18/2023,Digital Wallet
ORD_845047,CUST_052,Main Dishes,Vegetarian Platter,14,4,56,2/21/2023,
ORD_375627,CUST_058,Drinks,Iced Tea,2.5,2,5,12/20/2023,Digital Wallet
ORD_278468,CUST_018,Main Dishes,Vegetarian Platter,14,,14,8/18/2022,Credit Card
ORD_739328,CUST_064,Starters,French Fries,4,1,4,8/23/2023,Cash
ORD_818665,CUST_008,Side Dishes,Onion Rings,5,1,5,1/28/2022,Credit Card
ORD_796816,CUST_007,Main Dishes,,,,,4/11/2023,credit card
ORD_374245,CUST_005,Desserts,Chocolate Cake,6,2,12,7/30/2023,Cash
ORD_335284,CUST_065,Main Dishes,Grilled Chicken,15,5,75,11/14/2023,Credit Card
ORD_885471,CUST_081,Side dishes,Side Salad,3,5,15,3/30/2023,credit card
ORD_112798,CUST_084,Starters,Cheese Fries,5,4,20,3/29/2022,Credit Card
ORD_520925,CUST_097,Desserts,Ice Cream,5,3,15,9/6/2022,Credit Card
ORD_388063,CUST_100,Drinks,Iced Tea,2.5,4,10,5/7/2023,Digital Wallet
ORD_872875,CUST_025,drinks,Water,1,3,,8/21/2022,Cash
ORD_955206,CUST_050,Starters,Sweet Potato Fries,5,4,20,9/28/2022,Credit Card
ORD_831240,CUST_056,Drinks,Water,1,2,2,1/26/2022,Credit Card
ORD_748299,CUST_045,desserts,,4,5,20,5/3/2023,Cash
ORD_521434,CUST_080,Main Dishes,Vegetarian Platter,14,2,28,6/30/2022,Credit Card
ORD_272108,CUST_016,Desserts,Fruit Salad,4,4,16,6/28/2022,Cash
ORD_897466,CUST_066,Drinks,Iced Tea,2.5,4,10,7/4/2022,Digital Wallet
ORD_206464,CUST_069,Starters,Beef Chili,7,5,35,4/9/2022,Cash
ORD_106553,CUST_034,Side Dishes,Grilled Vegetables,5,1,5,10/5/2022,Cash
ORD_795165,CUST_043,Drinks,Coca Cola,2.5,4,10,5/26/2022,Digital Wallet
ORD_948645,CUST_022,Main Dishes,Grilled Chicken,15,2,30,8/14/2022,Digital Wallet
ORD_682438,CUST_049,Desserts,Fruit Salad,4,1,4,5/4/2022,CREDIT CARD
ORD_917006,CUST_061,Side Dishes,Onion Rings,5,1,5,4/2/2022,Digital Wallet
ORD_793301,CUST_097,Drinks,Orange Juice,3,5,15,2/5/2023,Digital Wallet
ORD_212098,CUST_029,Drinks,Water,1,4,4,9/2/2022,Credit Card
ORD_829349,CUST_040,Side Dishes,,4,1,4,11/19/2022,credit card
ORD_242846,CUST_088,Drinks,,,,,12/24/2022,Credit Card
ORD_823626,CUST_096,Desserts,Chocolate Cake,6,5,30,5/30/2022,Cash
ORD_354699,CUST_089,Main Dishes,Steak,20,1,20,3/25/2023,Digital Wallet
ORD_266141,CUST_094,Drinks,,2.5,4,10,7/21/2022,Digital Wallet
ORD_309362,CUST_020,Starters,,,2,8,3/23/2023,Digital Wallet
ORD_365165,CUST_012,Main  Dishes,,12,2,,10/18/2022,Digital Wallet
ORD_138341,CUST_007,Side Dishes,Grilled Vegetables,5,1,5,12/3/2022,
ORD_540840,CUST_001,Drinks,Lemonade,3,3,9,10/11/2022,Cash
ORD_754353,CUST_020,Drinks,Orange Juice,3,5,15,10/9/2022,Credit Card
ORD_868900,CUST_084,Drinks,Orange Juice,3,2,6,5/12/2023,Cash
ORD_715946,CUST_028,Drinks,,1,5,5,7/5/2022,
ORD_110401,CUST_021,Drinks,Water,1,2,2,3/3/2022,Cash
ORD_154209,CUST_070,Main Dishes,,20,4,80,6/29/2022,Digital Wallet
ORD_874900,CUST_022,Main Dishes,Grilled Chicken,15,4,60,1/24/2023,Credit card 
ORD_573611,CUST_023,Side Dishes,Onion Rings,5,5,25,8/11/2022,
ORD_869379,CUST_081,Drinks,Water,1,2,2,11/11/2023,Credit Card
ORD_826535,CUST_010,Desserts,Cheesecake,7,1,7,8/7/2022,Credit Card
ORD_352578,CUST_033,Main Dishes,Pasta Alfredo,12,4,48,6/10/2023,
ORD_454963,CUST_056,Main Dishes,Pasta Alfredo,12,2,24,12/6/2023,
ORD_632751,CUST_036,Starters,French Fries,4,2,8,11/23/2022,Cash
ORD_522771,CUST_022,Main Dishes,Vegetarian Platter,14,5,70,1/4/2022,Digital Wallet
ORD_904168,CUST_068,Drinks,Coca Cola,2.5,1,2.5,4/21/2022,Cash
ORD_389491,CUST_028,Main Dishes,Pasta Alfredo,12,4,48,9/20/2022,Cash
ORD_111654,CUST_100,Side Dishes,Onion Rings,5,1 items,5,4/7/2023,Cash
ORD_434220,CUST_080,Starters,Sweet Potato Fries,5,4,20,9/10/2022,Digital Wallet
ORD_950812,CUST_076,Drinks,Water,1,,1,3/4/2022,
ORD_512190,CUST_093,Desserts,,6,3,18,7/15/2023,Digital Wallet
ORD_882239,CUST_033,Main Dishes,Pasta Alfredo,12,4,48,9/6/2022,credit card
ORD_467971,CUST_074,Side Dishes,Side Salad,3,1,3,6/26/2022,Digital Wallet
ORD_551919,CUST_011,Drinks,Water,1,3,3,10/27/2022,Credit Card
ORD_809703,CUST_010,Desserts,Brownie,6,1,6,4/2/2022,Credit Card
ORD_393607,CUST_059,Desserts,Ice Cream,5,3,15,3/1/2023,
ORD_612589,CUST_013,Main Dishes,,,,,12/22/2023,Credit Card
ORD_532053,CUST_048,Main Dishes,Grilled Chicken,15,3,45,2/20/2023,Cash
ORD_679672,CUST_082,Side Dishes,Garlic Bread,4,3,12,7/22/2022,Digital Wallet
ORD_328703,CUST_062,Desserts,Brownie,6,2,12,4/13/2023,credit card
ORD_311068,CUST_042,Desserts,Chocolate Cake,6.0$,1,6,5/4/2022,Credit Card
ORD_339720,CUST_024,Drinks,Water,1,4,4,9/4/2023,Digital Wallet
ORD_439604,CUST_014,Desserts,Cheesecake,,5,35,8/27/2022,
ORD_373511,CUST_032,Starters,Sweet Potato Fries,5,5,25,10/25/2023,Cash
ORD_142502,CUST_083,Side Dishes,Grilled Vegetables,5,,15,2/9/2022,Digital Wallet
ORD_626176,CUST_100,Main Dishes,,,2,24,4/1/2023,Credit Card
ORD_921593,CUST_065,Starters,Sweet Potato Fries,5,1,5,10/12/2023,
ORD_529627,CUST_026,Desserts,Fruit Salad,4,4,16,3/13/2022,Cash
ORD_111475,CUST_099,Starters,Chicken Melt,8,,32,2/6/2022,Cash
ORD_565680,CUST_002,Main Dishes,Grilled Chicken,15,4 items,60,2/3/2023,Digital Wallet
ORD_721415,CUST_091,Side Dishes,,5,3,15,8/28/2022,Cash
ORD_389283,CUST_061,Side dishes,Side Salad,,5,15,8/19/2023,Digital Wallet
ORD_707903,CUST_034,Main Dishes,,,,,7/9/2022,
ORD_324691,CUST_037,Starters,Chicken Melt,8,3,24,12/29/2023,
ORD_402097,CUST_040,Starters,French Fries,,1,4,9/7/2022,Digital Wallet
ORD_349447,CUST_079,Main Dishes,Pasta Alfredo,12,3,36,10/4/2022,Credit Card
ORD_513580,CUST_065,Side Dishes,Garlic Bread,4,5,20,4/26/2022,credit card
ORD_381560,CUST_011,Main Dishes,Grilled Chicken,15,1,15,7/23/2022,Cash
ORD_335927,CUST_069,Drinks,Coca Cola,2.5,2,5,10/29/2022,Cash
ORD_411319,CUST_061,Drinks,,3,1,3,2/22/2023,Credit Card
ORD_113322,CUST_049,Starters,French Fries,4,1,4,11/27/2023,
ORD_325727,CUST_077,Desserts,Ice Cream,5,5,25,8/19/2023,Digital Wallet
ORD_981536,CUST_096,Starters,Chicken Melt,8,5,40,11/15/2022,Cash
ORD_216841,CUST_044,Main Dishes,Pasta Alfredo,12,4,48,12/27/2022,Cash
ORD_234823,CUST_094,Main Dishes,Steak,20,5,100,6/11/2023,Cash
ORD_357695,CUST_014,Drinks,Water,1,1,1,4/3/2022,digital wallet
ORD_342421,CUST_096,Side Dishes,Grilled Vegetables,5,1,5,11/1/2023,Credit Card
ORD_707469,CUST_092,Starters,Beef Chili,7,1,7,6/12/2023,Cash
ORD_751196,CUST_067,Main Dishes,Salmon,,2,36,5/27/2023,Credit Card
ORD_479200,CUST_019,Main Dishes,Pasta Alfredo,12,4,48,12/31/2022,Digital Wallet
ORD_785414,CUST_067,Starters,,,5,35,10/25/2022,
ORD_942811,CUST_090,Desserts,Chocolate Cake,6,1,6,11/23/2022,Credit Card
ORD_126192,CUST_040,Desserts,,7,1,7,10/31/2023,Cash
ORD_859271,CUST_035,SIDE DISHES,,5,,15,6/5/2023,Credit Card
ORD_711582,CUST_096,Desserts,Ice Cream,5,4,20,6/6/2022,Credit Card
ORD_273361,CUST_072,Main Dishes,Salmon,18,2,36,7/17/2023,CREDIT CARD
ORD_426483,CUST_047,Drinks,Orange Juice,3,3,9,4/14/2022,Credit Card
ORD_326652,CUST_051,Starters ,Cheese Fries,5,4,20,12/11/2023,Digital Wallet
ORD_665990,CUST_038,Drinks,Coca Cola,2.5,4,10,3/8/2022,Digital Wallet
ORD_517782,CUST_051,Main Dishes,Pasta Alfredo,12,4,48,6/19/2022,Credit Card
ORD_605174,CUST_006,Starters,Cheese Fries,5,2,10,6/17/2022,Digital Wallet
ORD_375730,CUST_068,Drinks,Coca Cola,2.5,5,12.5,9/7/2023,e-wallet
ORD_853587,CUST_084,Main Dishes,Vegetarian Platter,14,4,56,10/26/2022,Cash
ORD_375645,CUST_071,Side Dishes,Side Salad,3,2,6,4/2/2022,Credit Card
ORD_260927,CUST_073,Main Dishes,Steak,20,4,,2/27/2023,cash
ORD_586635,CUST_097,Drinks,Orange Juice,3,2,6,3/16/2023,Digital Wallet
ORD_289633,CUST_004,Side Dishes,Side Salad,3,5,15,8/11/2022,Digital Wallet
ORD_527696,CUST_013,Starters,Chicken Melt,8,5,40,6/29/2022,Cash
ORD_327919,CUST_033,Drinks,Orange Juice,3,1,3,9/23/2023,Digital Wallet
ORD_989714,CUST_062,Drinks,Water,1,4,4,8/30/2022,Credit Card
ORD_414225,CUST_098,Desserts,Fruit Salad,4,five,20,10/3/2023,CREDIT CARD
ORD_192023,CUST_048,Main Dishes,Pasta Alfredo,12,1,12,10/12/2023,Cash
ORD_585058,CUST_025,Side Dishes,Side Salad,,2,6,10/2/2022,Credit Card
ORD_971008,CUST_036,Side Dishes,Side Salad,3,2,6,8/4/2022,Cash
ORD_689665,CUST_044,Main Dishes,,15,3,45,8/12/2022,
ORD_153054,CUST_007,Side Dishes,Side Salad,3,3,9,11/3/2023,Credit Card
ORD_897897,CUST_094,Side Dishes,Side Salad,3,5,15,9/24/2023,Credit Card
ORD_920784,CUST_006,Main Dishes,Pasta Alfredo,12,2,24,10/9/2022,Credit Card
ORD_668996,CUST_038,Main dishes,,18,,36,2/13/2023,
ORD_751201,CUST_040,Desserts,Brownie,6,5,30,7/2/2022,Credit Card
ORD_174248,CUST_072,Starters,Sweet Potato Fries,5,3,15,12/18/2022,Cash
ORD_964672,CUST_082,Starters,Nachos Grande,10,1,10,10/5/2023,Credit Card
ORD_510904,CUST_057,Starters,Sweet Potato Fries,5,1,5,9/6/2022,
ORD_529368,CUST_018,Main dishes,Steak,20.0$,4,80,4/14/2023, Digital Wallet
ORD_660247,CUST_073,Starters,French Fries,4,3,12,8/22/2022,Cash
ORD_359941,CUST_048,Starters,,4,5,20,10/18/2022,Cash
ORD_838051,CUST_057,Side Dishes,Side Salad,,4,12,1/23/2022,Credit Card
ORD_772315,CUST_072,Drinks,Water,1,3,3,10/5/2023,Cash
ORD_157582,CUST_055,Main Dishes,Grilled Chicken,15,3,45,2/8/2023,Digital Wallet
ORD_248846,CUST_096,Drinks,Water,1,2,2,7/15/2022,CASH
ORD_706719,CUST_055,Starters,Beef Chili,7,5,35,9/5/2022,Digital Wallet
ORD_982412,CUST_050,Drinks,Water,1,5,5,4/1/2022,
ORD_234082,CUST_020,Starters,Beef Chili,7,3,21,6/5/2023,Cash
ORD_532828,CUST_085,Desserts,Chocolate Cake,6,3,18,9/7/2022,credit card
ORD_214707,CUST_029,Drinks,Water,1,1,1,9/5/2023,Digital Wallet
ORD_812070,CUST_010,Drinks,Coca Cola,2.5,2,5,2/17/2023,Cash
ORD_651414,CUST_013,Side Dishes,Onion Rings,5,2,,1/27/2023,Credit Card
ORD_140232,CUST_034,Starters,Sweet Potato Fries,5,4,20,11/12/2022,credit card
ORD_905590,CUST_063,Side Dishes,Side Salad,3,2,6,3/18/2023,Credit Card
ORD_478736,CUST_060,Side Dishes,Side Salad,3,5,15,2/25/2022,Credit Card
ORD_470330,CUST_055,Starters,Cheese Fries,5,4,20,2/13/2022,Digital Wallet
ORD_169753,CUST_032,Side Dishes,Grilled Vegetables,5,3,15,10/1/2022,Credit Card
ORD_279604,CUST_041,Starters,Chicken Melt,8,4,32,1/17/2022,Cash
ORD_231419,CUST_090,Side Dishes,,5,3,15,8/16/2023,Digital Wallet
ORD_799027,CUST_057,Main Dishes,Grilled Chicken,15,5,,9/19/2023,Digital Wallet
ORD_421725,CUST_040,Starters,Cheese Fries,-5,2,10,8/5/2023,Digital Wallet
ORD_757020,CUST_063,Drinks,Iced Tea,2.5,3,7.5,3/27/2023,Credit Card
ORD_522921,CUST_076,Main Dishes,Pasta Alfredo,12,4,48,10/18/2023,Digital Wallet
ORD_336947,CUST_087,Starters,Sweet Potato Fries,-5,2,10,10/2/2023,Credit Card
ORD_931045,CUST_049,Desserts,Chocolate Cake,6,2,12,8/2/2022,
ORD_431760,CUST_071,Side Dishes,Side Salad,3,1,3,2/18/2022,Cash
ORD_670888,CUST_092,Drinks,Coca Cola,2.5,3,7.5,1/25/2022,
ORD_107431,CUST_050,Side Dishes,Onion Rings,5,3,15,12/4/2023,Cash
ORD_236765,CUST_080,Side Dishes,Garlic Bread,4,3,12,3/8/2022,Cash
ORD_705321,CUST_077,Main Dishes,Grilled Chicken,15,4,60,3/10/2022,Credit Card
ORD_261852,CUST_027,Main Dishes,,12,5,60,7/26/2022,Digital Wallet
ORD_686365,CUST_025,Desserts,,7,4,28,3/30/2023,
ORD_462789,CUST_012,Starters,,,2,8,4/14/2022,Cash
ORD_307326,CUST_071,Side Dishes,Onion Rings,5,1,5,4/3/2022,Cash
ORD_752173,CUST_061,Main Dishes,,12,3,36,1/18/2023,Cash
ORD_360559,CUST_067,Drinks,Orange Juice,3,,3,8/5/2023,Cash
ORD_157600,CUST_031,Starters ,,5,2,10,8/24/2023,
ORD_522934,CUST_041,Drinks,Coca Cola,2.5,3,7.5,3/12/2022,Digital Wallet
ORD_990941,CUST_089,Side Dishes,Mashed Potatoes,4,5,20,1/31/2023,Credit Card
ORD_641933,CUST_031,Starters,,,1,5,5/19/2023,Digital Wallet
ORD_426969,CUST_077,DRINKS,Coca Cola,2.5,-2,5,1/5/2023,
ORD_403066,CUST_050,Starters,Sweet Potato Fries,5,,25,1/26/2023,cash 
ORD_890400,CUST_084,Drinks,Coca Cola,2.5,2,5,5/30/2023,Cash
ORD_583057,CUST_035,Desserts,,,,,9/29/2022,Credit Card
ORD_486844,CUST_016,Main Dishes,Steak,20,2,40,8/25/2023,Cash
ORD_164641,CUST_090,Drinks,Water,1,5,5,10/5/2023,Credit Card
ORD_150484,CUST_021,Starters,Beef Chili,7,2,14,9/17/2023,Credit Card
ORD_902407,CUST_099,Side Dishes,Side Salad,3,5,15,7/19/2023,cash 
ORD_166931,CUST_073,Drinks ,Water,1,1,1,3/5/2023,creditcard
ORD_167842,CUST_024,Desserts,Chocolate Cake,6,1,6,11/4/2022,
ORD_992654,CUST_071,Starters,French Fries,4,1,4,7/26/2023,Digital Wallet
ORD_770412,CUST_061,Side Dishes,Side Salad,3,5,15,10/9/2023,Cash
ORD_956669,CUST_064,Starters,Beef Chili,7,5,35,5/13/2023,Credit Card
ORD_886853,CUST_068,Desserts,Chocolate Cake,6,-3,18,8/8/2023,Cash
ORD_364998,CUST_031,Desserts,Cheesecake,7,2,14,7/24/2022,Cash
ORD_140491,CUST_018,Main Dishes,Grilled Chicken,15,3,45,3/11/2023,Cash
ORD_369270,CUST_007,Desserts,Chocolate Cake,6,3,18,6/22/2023,
ORD_732875,CUST_061,Side Dishes,,4,2,8,8/17/2023,Digital Wallet
ORD_716204,CUST_071,Main Dishes,Grilled Chicken,15,1,15,4/25/2022,Cash
ORD_853588,CUST_077,Desserts,,5,3,15,6/15/2023,Digital Wallet
ORD_974911,CUST_070,Desserts,Cheesecake,7,1,7,2/10/2022,Credit Card
ORD_286649,CUST_057,Main Dishes,Salmon,18,2,36,9/16/2023,Cash
ORD_965792,CUST_081,Starters,Beef Chili,7,1,7,2/16/2022,Digital Wallet
ORD_981738,CUST_011,Starters,,,2,10,1/6/2023,
ORD_755832,CUST_065,Side Dishes,,4,5,20,5/12/2022,
ORD_134181,CUST_062,Side Dishes,Grilled Vegetables,5,three,15,11/20/2022,Credit Card
ORD_964260,CUST_084,Starters,French Fries,4,3,12,8/2/2022,Digital Wallet
ORD_717141,CUST_012,Side Dishes,Mashed Potatoes,4,5,20,4/6/2023,Credit Card
ORD_515191,CUST_016,Starters,Cheese Fries,5.0$,2,10,5/5/2022,Digital Wallet
ORD_382584,CUST_037,Drinks,Water,1,4,4,9/20/2022,Credit Card
ORD_198083,CUST_067,Main Dishes,Pasta Alfredo,12,3,36,11/27/2023,
ORD_140796,CUST_093,Desserts,Cheesecake,7,4,28,8/28/2022,
ORD_699435,CUST_079,Starters,French Fries,4,1,4,2/22/2022,Credit Card
ORD_318300,CUST_058,Main Dishes,Grilled Chicken,15,1,15,6/23/2022,Credit Card
ORD_903469,CUST_076,Main Dishes,Grilled Chicken,15,,75,2/20/2022,Cash
ORD_376964,CUST_029,Desserts,Fruit Salad,4,5,20,11/24/2023,Digital Wallet
ORD_430257,CUST_058,Side Dishes,Grilled Vegetables,5,2,10,4/12/2022,Credit Card
ORD_385684,CUST_084,Starters,French Fries,4,5,20,6/29/2023,Credit Card
ORD_539534,CUST_089,Main Dishes,Pasta Alfredo,12,4,48,1/18/2022,Cash
ORD_155885,CUST_062,Starters,Sweet Potato Fries,5,2,,1/1/2023,Digital Wallet
ORD_430356,CUST_057,Starters,Chicken Melt,8,1,8,8/19/2022,Cash
ORD_500113,CUST_042,Side Dishes,Side Salad,3,1,3,2/17/2022,Credit Card
ORD_181146,CUST_072,Drinks,Iced Tea,2.5,4,10,10/25/2023,Digital Wallet
ORD_173704,CUST_095,Main Dishes,Pasta Alfredo,12,4,48,10/20/2023,
ORD_696566,CUST_031,Side dishes,Grilled Vegetables,5,3,15,9/26/2022,Cash
ORD_887990,CUST_017,Desserts,Chocolate Cake,6,5,30,6/11/2023,e-wallet
ORD_333649,CUST_052,Main Dishes,Grilled Chicken,15,3,45,5/6/2023,Digital Wallet
ORD_960483,CUST_017,Main Dishes,Pasta Alfredo,12,4,48,3/18/2022,Credit Card
ORD_138609,CUST_016,Main Dishes,Grilled Chicken,15,4,60,4/30/2023,Credit Card
ORD_896514,CUST_080,Side Dishes,Side Salad,3,2,6,9/28/2023,Digital Wallet
ORD_856825,CUST_021,Starters,Beef Chili,7,4,28,5/31/2023,e-wallet
ORD_145350,CUST_042,Desserts,Cheesecake,7,4,28,5/28/2023,Cash
ORD_852234,CUST_035,Desserts,Cheesecake,7,2,14,7/17/2023,Digital Wallet
ORD_141754,CUST_057,Starters,Beef Chili,7,4,28,6/24/2022,Digital Wallet
ORD_596516,CUST_100,Desserts,Fruit Salad,4,1,4,10/26/2022,Credit Card
ORD_682280,CUST_033,Desserts,,6,4,24,7/23/2022,Cash
ORD_596379,CUST_077,Main Dishes,,,,,4/16/2023,Cash
ORD_876106,CUST_020,Side Dishes,Onion Rings,5,5,25,8/1/2022,Credit Card
ORD_257113,CUST_019,Main Dishes,Pasta Alfredo,12,1,12,9/15/2022,Cash
ORD_749050,CUST_078,Drinks,Lemonade,,3,9,12/30/2023,Digital Wallet
ORD_482242,CUST_034,Main Dishes,Pasta Alfredo,-12,,24,00/00/0000,Cash
ORD_544955,CUST_079,Drinks,Water,,5,5,11/25/2023,Digital Wallet
ORD_690886,CUST_069,Side dishes,Side Salad,3,4,12,6/16/2023,Credit Card
ORD_327724,CUST_096,MAIN DISHES,Steak,20,1,20,9/2/2022,creditcard
ORD_629762,CUST_089,Main Dishes,Grilled Chicken,-15,5,75,6/13/2023,
ORD_232814,CUST_085,Side Dishes,Mashed Potatoes,4,1,4,6/28/2022,Digital Wallet
ORD_765701,CUST_085,Side Dishes,Mashed Potatoes,4,4,16,7/22/2022,Cash
ORD_236401,CUST_021,Starters,Nachos Grande,10,5,50,2/7/2023,Digital Wallet
ORD_122462,CUST_085,Main Dishes,Grilled Chicken,15,2,30,9/12/2023,Digital Wallet
ORD_101554,CUST_032,Drinks,Iced Tea,2.5,5,12.5,5/14/2022,Digital Wallet
ORD_492937,CUST_095,Side Dishes,Mashed Potatoes,4,4,16,1/30/2022,CREDIT CARD
ORD_892809,CUST_017,Starters,Sweet Potato Fries,5,4,20,5/3/2022,Credit Card
ORD_817848,CUST_011,Desserts,Ice Cream,5,4,,12/19/2023,Digital Wallet
ORD_738472,CUST_078,DRINKS,Coca Cola,2.5,2,5,11/17/2023,
ORD_811387,CUST_004,Starters,French Fries,4,5,20,3/12/2022,Digital Wallet
ORD_983659,CUST_006,Desserts,Brownie,6,3,18,9/21/2023,Credit Card
ORD_642917,CUST_067,Drinks,Orange Juice,,3,9,10/11/2023,Credit Card
ORD_463379,CUST_085,Drinks,Coca Cola,2.5,2,5,1/24/2022,Credit Card
ORD_857302,CUST_052,Desserts,Fruit Salad,4,2,8,8/17/2023,Cash Payment
ORD_742206,CUST_029,Starters,French Fries,4,5,20,3/20/2022,Digital Wallet
ORD_593687,CUST_096,Drinks,Lemonade,3,5,15,2/5/2023,Digital Wallet
ORD_592960,CUST_095,Side Dishes,Mashed Potatoes,4,3,12,5/22/2023,Credit Card
ORD_368940,CUST_090,Drinks,Orange Juice,3,2,6,2/22/2022,DIGITAL WALLET
ORD_936086,CUST_004,Main Dishes,Pasta Alfredo,12,5,60,10/13/2023,cash
ORD_471506,CUST_066,Drinks,Lemonade,3,4,12,2/28/2022,Credit Card
ORD_302893,CUST_058,Starters,,5,3,15,11/24/2023,
ORD_750494,CUST_049,STARTERS,Sweet Potato Fries,5,2,10,1/28/2023,Cash
ORD_945423,CUST_093,Drinks,Water,1,2,2,8/22/2023,Cash
ORD_504682,CUST_036,Desserts,Chocolate Cake,6,1,6,10/28/2023,Credit Card
ORD_226367,CUST_088,Starters,Beef Chili,7,4,28,7/31/2022,
ORD_565115,CUST_088,Starters,Cheese Fries,5,3,15,6/6/2022,Cash
ORD_653994,CUST_040,Drinks,,1,5,5,7/5/2023,Digital Wallet
ORD_866416,CUST_083,Side Dishes,Garlic Bread,4,3,12,2/6/2023,cash
ORD_496405,CUST_056,Side Dishes,Onion Rings,5,5,25,8/15/2023,Digital Wallet
ORD_994358,CUST_058,Main Dishes,Steak,20,4,80,6/5/2022,Cash
ORD_813287,CUST_068,Main Dishes,Pasta Alfredo,12,,,12/31/2022,Cash
ORD_305558,CUST_098,Starters,Cheese Fries,5,2,10,7/10/2023,Digital Wallet
ORD_500421,CUST_046,Starters,Sweet Potato Fries,5,3,15,11/22/2022,Cash
ORD_802632,CUST_048,Desserts,Chocolate Cake,6,1,6,10/17/2023,Credit Card
ORD_166428,CUST_018,Starters,French Fries,-4,1,4,4/15/2022,Credit Card
ORD_521769,CUST_043,Starters,French Fries,4,3,12,9/11/2022,Credit Card
ORD_525257,CUST_017,Side Dishes,Onion Rings,5,2,10,3/7/2022,Credit Card
ORD_122832,CUST_092,Drinks,Water,1,5,5,4/2/2022,Digital Wallet
ORD_992151,CUST_039,Side Dishes,,,2,10,1/18/2023,Cash
ORD_192149,CUST_079,Main Dishes,Salmon,18,5,90,2/1/2022,
ORD_509801,CUST_045,Desserts,Ice Cream,5,5,25,9/30/2022,Cash
ORD_946457,CUST_081,Drinks,Coca Cola,2.5,5,12.5,8/16/2022,Digital Wallet
ORD_712455,CUST_089,Side Dishes,Side Salad,3,2,6,5/28/2023,
ORD_448669,CUST_049,Drinks ,Lemonade,3,2,6,5/25/2023,Digital Wallet
ORD_652246,CUST_004,Side Dishes,Side Salad,3,4,12,4/27/2023,Credit Card
ORD_902811,CUST_040,Main Dishes,Grilled Chicken,15,5,75,2/27/2023,Credit Card
ORD_346875,CUST_080,Desserts,,,4,16,10/15/2022,
ORD_866136,CUST_065,Starters,Beef Chili,7,4,28,8/8/2022,Credit Card
ORD_617950,CUST_062,Desserts,Chocolate Cake,6,3,18,8/26/2022,Credit Card
ORD_176110,CUST_014,Side Dishes,Mashed Potatoes,,,12,1/3/2023,Credit Card
ORD_652182,CUST_036,Side Dishes,Onion Rings,5,,15,6/1/2023,Digital Wallet
ORD_656864,CUST_032,Desserts,Ice Cream,5,1,5,12/25/2023,Credit Card
ORD_978626,CUST_030,Desserts,Fruit Salad,4,1,4,3/24/2023,Cash
ORD_257750,CUST_098,Desserts,Chocolate Cake,6,1,6,12/6/2023,Credit Card
ORD_257503,CUST_022,SIDE DISHES,,,5,15,10/19/2022, Digital Wallet
ORD_812111,CUST_044,Starters,Beef Chili,7,3,21,1/31/2023,Cash
ORD_723817,CUST_040,Side Dishes,Mashed Potatoes,4,3,12,12/29/2023,Credit Card
ORD_694284,CUST_047,Starters,French Fries,4,3,12,6/29/2022,Cash
ORD_718523,CUST_053,Starters,Cheese Fries,5,4,20,8/19/2023,Credit Card
ORD_535350,CUST_029,Drinks,Water,1,,3,1/19/2023,Cash
ORD_250774,CUST_070,Side Dishes,Mashed Potatoes,4,4,16,2/13/2022,
ORD_938875,CUST_024,Starters,French Fries,4,4,16,9/17/2022,Credit Card
ORD_936219,CUST_050,Desserts,,6,3,18,4/2/2022,Digital Wallet
ORD_413613,CUST_069,Starters,Cheese Fries,5,2,10,4/25/2023,Credit Card
ORD_686123,CUST_071,Desserts,Chocolate Cake,6,5,30,2/25/2022,Credit Card
ORD_804992,CUST_071,Starters,,,5,25,11/28/2022,CREDIT CARD
ORD_892790,CUST_032,Starters,Beef Chili,7,5,35,3/14/2022,Digital Wallet
ORD_153049,CUST_001,STARTERS,Sweet Potato Fries,5,3,15,7/29/2023, Digital Wallet
ORD_113326,CUST_069,Starters,French Fries,4,5 items,20,8/15/2022,Cash Payment
ORD_974554,CUST_056,Starters,,,2,16,2/4/2023,Cash
ORD_961313,CUST_098,Starters,Chicken Melt,8,3,24,6/17/2023,Cash
ORD_881341,CUST_070,Side Dishes,Onion Rings,5,4,20,3/26/2023,Digital Wallet
ORD_809516,CUST_020,Desserts,,7,5,35,5/19/2022,Digital Wallet
ORD_476391,CUST_084,Drinks,Orange Juice,3,1,3,6/5/2022,Cash
ORD_988532,CUST_024,Main Dishes,Pasta Alfredo,12,,48,9/5/2023,Digital Wallet
ORD_655395,CUST_065,Starters,French Fries,4,4,16,4/1/2023,Digital Wallet
ORD_367002,CUST_087,Desserts,Ice Cream,5,5,25,2/15/2022,
ORD_217604,CUST_078,Starters,Beef Chili,7,2,14,12/27/2022,
ORD_158831,CUST_074, Starters,Cheese Fries,5,4,20,5/21/2022,
ORD_660619,CUST_046,Main Dishes,Pasta Alfredo,12,3,36,10/27/2023,Digital Wallet
ORD_616709,CUST_025,Drinks,Lemonade,3,5,15,4/18/2022,Credit Card
ORD_732897,CUST_058,Main Dishes,Grilled Chicken,15,1,15,9/13/2023,CREDIT CARD
ORD_292654,CUST_005,Drinks,Water,1,3,3,4/30/2023,Credit Card
ORD_947204,CUST_048,Starters,Sweet Potato Fries,5,3,15,11/17/2023,Credit Card
ORD_414237,CUST_098,Starters,,,5,20,1/6/2022,Digital Wallet
ORD_531092,CUST_053,Desserts,Chocolate Cake,6,1,6,5/13/2023,Credit Card
ORD_393298,CUST_066,Desserts,Chocolate Cake,6,1,6,5/14/2023,Cash
ORD_974116,CUST_099,Side Dishes,Mashed Potatoes,4,5,20,2/27/2023,Digital Wallet
ORD_879077,CUST_062,DRINKS,Water,1,2,2,4/28/2022,Digital Wallet
ORD_792399,CUST_015,Starters,Chicken Melt,8,2,16,5/27/2022,Digital Wallet
ORD_559434,CUST_022,Starters,French Fries,4,2,8,4/7/2023,
ORD_485893,CUST_075, Starters,Beef Chili,,1,7,3/11/2022,Credit Card
ORD_509147,CUST_077,Desserts,Ice Cream,5,4,20,9/28/2023,Credit Card
ORD_913173,CUST_056,Main Dishes,Pasta Alfredo,12,5,60,10/8/2022,CASH
ORD_980711,CUST_067,Side Dishes,Garlic Bread,4,5,20,11/23/2022,Cash
ORD_492804,CUST_012,Side Dishes,Mashed Potatoes,4,1,4,31-02-2023,Digital Wallet
ORD_449604,CUST_091,Main Dishes,Steak,20,5,100,12/27/2023,Cash
ORD_290305,CUST_045,Main Dishes,Grilled Chicken,15,4,60,1/6/2022,Cash
ORD_727432,CUST_043,Main Dishes,Grilled Chicken,15.0$,4,60,4/27/2023,Credit Card
ORD_866898,CUST_006,Desserts,Ice Cream,5,4,20,12/4/2022,Digital Wallet
ORD_800330,CUST_066,Side Dishes,Mashed Potatoes,4,5,20,5/18/2023,Credit Card
ORD_695041,CUST_091,Starters,French Fries,4,5,20,6/19/2022,Cash
ORD_270435,CUST_076, Starters,French Fries,4,3,12,,Credit Card
ORD_210303,CUST_034,Main Dishes,Grilled Chicken,15,1,15,7/1/2023,Cash
ORD_285145,CUST_015,Desserts,Brownie,6,4,24,3/23/2023,Cash
ORD_264113,CUST_074,Main Dishes,Grilled Chicken,15,5,75,2/14/2022,Cash
ORD_453521,CUST_054,Drinks,Orange Juice,3,1,3,2/10/2023,Cash
ORD_323443,CUST_041,Desserts,,6,3,18,9/15/2022,cash
ORD_373020,CUST_010,Main Dishes,,,,,1/5/2022,
ORD_678793,CUST_013,Starters,,,4,20,5/14/2023,Cash
ORD_376166,CUST_078,Side Dishes,,3,2,6,5/11/2023,Digital Wallet
ORD_950784,CUST_085,Side Dishes,Side Salad,3,1,3,3/18/2022,Cash
ORD_387494,CUST_088,Starters,French Fries,4,4,16,8/30/2023,Credit Card
ORD_967814,CUST_022,Desserts,Cheesecake,7,1,7,5/12/2022,Cash
ORD_519677,CUST_031,Drinks,Orange Juice,3,5,15,10/6/2023,Digital Wallet
ORD_180737,CUST_024,Drinks,Lemonade,3,4,12,9/28/2023,Credit Card
ORD_729483,CUST_007,Drinks,Lemonade,3,2,6,11/27/2022,Cash
ORD_933557,CUST_031,Desserts,Fruit Salad,4,3,12,4/24/2023,Cash
ORD_435687,CUST_045,Drinks ,Orange Juice,3,2,6,4/18/2023,Cash
ORD_616226,CUST_045,Main Dishes,Pasta Alfredo,12,4,48,12/23/2022,Credit Card
ORD_137865,CUST_016,Drinks,Lemonade,3,4,12,3/22/2023,Credit Card
ORD_492086,CUST_071,Side Dishes,Onion Rings,5,4,20,12/13/2022,Digital Wallet
ORD_624957,CUST_071,Desserts,Ice Cream,5,,25,6/15/2023,
ORD_917566,CUST_026,Starters,Chicken Melt,,1,8,6/27/2023,Cash
ORD_809166,CUST_068,Side Dishes,Side Salad,3,1,3,6/28/2022,Credit Card
ORD_853261,CUST_046,Starters,,,,,5/20/2022,
ORD_162548,CUST_033,Desserts,Ice Cream,5,5,25,9/11/2022,Credit Card
ORD_717417,CUST_085,Starters,Beef Chili,7,3,21,8/14/2022,
ORD_983104,CUST_081,Side Dishes,Side Salad,3,2,6,6/16/2023,Digital Wallet
ORD_806904,CUST_025,Drinks,Water,1,,2,9/25/2023,Digital Wallet
ORD_327407,CUST_076,DRINKS,,1,3,3,2022-13-05,Cash
ORD_746964,CUST_014,Starters,French Fries,4,1,4,8/29/2022,Cash
ORD_992313,CUST_009,Starters,French Fries,4,1,4,7/4/2023,Credit Card
ORD_134158,CUST_011,desserts,Brownie,6,2,12,3/29/2023,Credit Card
ORD_240570,CUST_057,Starters,French Fries,4,1,4,10/18/2022,Credit Card
ORD_269610,CUST_052,Desserts,Chocolate Cake,6,2,12,12/24/2022,digital wallet
ORD_375275,CUST_023,Main Dishes,Grilled Chicken,,4,60,9/15/2022,Digital Wallet
ORD_710808,CUST_022,Desserts,Fruit Salad,4,1,4,2/27/2022,Digital Wallet
ORD_349464,CUST_063,Starters,,5,2,10,10/21/2023,Credit Card
ORD_629642,CUST_031,Main Dishes,Steak,20,3,60,5/15/2022,Cash
ORD_369895,CUST_048,Drinks,Water,1,3 items,3,3/23/2022,Credit Card
ORD_605321,CUST_097,Side Dishes,Mashed Potatoes,4,three,12,2/2/2022,Credit Card
ORD_667171,CUST_045,Drinks,Orange Juice,3,-1,3,3/25/2023,Credit Card
ORD_617442,CUST_029,STARTERS,Sweet Potato Fries,5,4,20,4/12/2023,Credit Card
ORD_309870,CUST_026,Side Dishes,Garlic Bread,4,1,4,6/29/2023,Credit Card
ORD_226661,CUST_081,Desserts,,4,4,16,2/10/2023,Credit Card
ORD_389759,CUST_046,MAIN DISHES,,,,,10/5/2022,Cash Payment
ORD_559552,CUST_097,Starters,,4,4,16,5/10/2022,Cash
ORD_711906,CUST_010,Side Dishes,,4.0$,2,8,12/30/2023,Cash
ORD_558620,CUST_035,Drinks,Iced Tea,2.5,1,2.5,2/26/2023,Credit Card
ORD_977486,CUST_014,Starters ,French Fries,4,1,4,1/31/2022,Credit Card
ORD_257112,CUST_100,Drinks,Coca Cola,2.5,5,12.5,12/11/2022,Digital Wallet
ORD_744248,CUST_029,Starters,Chicken Melt,8,1,8,8/19/2022,Credit Card
ORD_221569,CUST_057,Desserts,Brownie,6,1,6,3/17/2022,Cash
ORD_481667,CUST_052,Main Dishes,Steak,20,5,100,5/3/2023,Cash
ORD_239820,CUST_085,Side Dishes,Side Salad,3,3,9,11/25/2023,e-wallet
ORD_380066,CUST_024,Main Dishes,Pasta Alfredo,12,3,36,7/26/2023,Credit Card
ORD_405909,CUST_049,Side Dishes,,5,3,15,1/14/2023,Credit Card
ORD_218858,CUST_084,Starters,French Fries,4,1,4,9/24/2022,Digital Wallet
ORD_244390,CUST_045,Desserts,Brownie,6,2,12,6/16/2023,Cash
ORD_576589,CUST_027,Main Dishes,Steak,20,2,40,1/7/2022,Credit Card
ORD_541155,CUST_040,Desserts,Brownie,6.0$,,24,5/9/2023,
ORD_727444,CUST_069,Side Dishes,Mashed Potatoes,4,4,16,6/4/2023,
ORD_985912,CUST_026,Drinks,Lemonade,3,3,9,2/14/2022,
ORD_564710,CUST_061,Starters,Nachos Grande,10,1,10,11/18/2023,Digital Wallet
ORD_805076,CUST_069,Side Dishes,Grilled Vegetables,5,1,5,6/3/2023,Credit Card
ORD_247510,CUST_024,Starters,Chicken Melt,8,5,40,12/5/2023,credit card
ORD_206461,CUST_070,Drinks,Water,1,4,4,3/17/2022,Cash
ORD_464844,CUST_017,Starters,Sweet Potato Fries,5.0$,5,25,11/23/2023,Digital Wallet
ORD_241986,CUST_082,Drinks,,,,,4/18/2023,Digital Wallet
ORD_327287,CUST_083,Side Dishes,Side Salad,3,2,6,3/2/2023,Digital Wallet
ORD_467571,CUST_001,Desserts,Cheesecake,7,4,28,9/12/2022,Cash
ORD_121760,CUST_053,Main Dishes,Pasta Alfredo,,4,48,5/9/2023,
ORD_866966,CUST_091,Side Dishes,,4,5,20,3/14/2022,
ORD_416587,CUST_046,Side Dishes,Onion Rings,5,3,15,3/16/2022,Cash
ORD_355458,CUST_083,Desserts,,6,5,30,1/15/2022,DIGITAL WALLET
ORD_672354,CUST_088,Drinks,Orange Juice,3,2,6,6/16/2022,Digital Wallet
ORD_406144,CUST_007,Side Dishes,Onion Rings,5,5,25,2/21/2022,Digital Wallet
ORD_333915,CUST_007,Main Dishes,Vegetarian Platter,14.0$,1,14,12/24/2022,Credit Card
ORD_268500,CUST_037,Desserts,Brownie,,4,24,1/6/2023,Digital Wallet
ORD_517372,CUST_009,STARTERS,Cheese Fries,5,2,10,8/6/2023,Cash
ORD_890908,CUST_060,Drinks,Coca Cola,2.5,,10,6/22/2022, Digital Wallet
ORD_837718,CUST_071,Main Dishes,Steak,20,4,80,3/4/2022,Digital Wallet
ORD_363740,CUST_025,Side Dishes,Grilled Vegetables,5,3,15,11/2/2023,Cash
ORD_262149,CUST_077,Main Dishes,Grilled Chicken,15,1,15,11/26/2023,Credit Card
ORD_483898,CUST_081,Starters,Sweet Potato Fries,5,5,25,3/2/2022, Cash
ORD_811813,CUST_025,Desserts,Chocolate Cake,6,5,30,abc,Cash
ORD_960234,CUST_037,Side Dishes,Mashed Potatoes,4,4,16,10/20/2023,Credit Card
ORD_915374,CUST_036,SIDE DISHES,,,4,12,11/14/2022,Cash
ORD_156697,CUST_019,Main Dishes,Pasta Alfredo,12,5,60,9/10/2023,Digital Wallet
ORD_197076,CUST_037,Drinks,,-2.5,5,12.5,11/26/2023,Digital Wallet
ORD_317840,CUST_013,Starters,Beef Chili,7,3,21,10/9/2022,Credit Card
ORD_481438,CUST_029, Desserts,,,1 items,,11/21/2023,Credit Card
ORD_487237,CUST_063,Desserts,Ice Cream,5,1,5,9/2/2023, Cash
ORD_705887,CUST_100,Main Dishes,Pasta Alfredo,12,5,60,12/30/2022,Credit Card
ORD_588672,CUST_026,Starters,French Fries,4,5,20,5/22/2023,Credit Card
ORD_338946,CUST_069,Drinks,Water,1,1,1,2/21/2023,Cash
ORD_966238,CUST_040,Main Dishes,Grilled Chicken,15,5,75,8/29/2023,
ORD_512667,CUST_098,Drinks,Water,1,5,5,12/29/2023,Credit Card
ORD_256352,CUST_076,Desserts,Chocolate Cake,6,1,6,2/12/2023,Cash
ORD_130443,CUST_026,Drinks,Water,1,5,5,2/19/2023,Cash
ORD_659480,CUST_063,Side Dishes,Mashed Potatoes,4,1,4,9/7/2022,Credit Card
ORD_142975,CUST_072,Side Dishes,Mashed Potatoes,4,,12,8/30/2023,Cash
ORD_740760,CUST_023,Desserts,Chocolate Cake,6,5,30,1/18/2023,
ORD_676030,CUST_011,Side Dishes,Onion Rings,5,3,,8/4/2022,Cash
ORD_495679,CUST_007,Starters,,7,3,21,9/21/2023,Digital Wallet
ORD_346811,CUST_097,Drinks,Coca Cola,2.5,1,2.5,6/9/2023,
ORD_855480,CUST_006,Desserts,Fruit Salad,4,4,16,3/6/2023,
ORD_566427,CUST_044,Side Dishes,Grilled Vegetables,5,4,20,7/19/2023,creditcard
ORD_690841,CUST_054,Drinks,Orange Juice,3,4,12,8/19/2023,Cash
ORD_361401,CUST_076,Side Dishes,Side Salad,3,5,15,3/8/2023,Credit Card
ORD_185516,CUST_038,side dishes,Side Salad,3,5,15,3/20/2023,Cash
ORD_220978,CUST_074,Side Dishes,,4,2,8,10/6/2023,Credit card 
ORD_418841,CUST_026,Starters,Cheese Fries,5,3,,7/20/2023,Digital Wallet
ORD_899441,CUST_070,Main Dishes,Steak,20,4,80,9/15/2023,Cash
ORD_771381,CUST_090,Side Dishes,Mashed Potatoes,4,4,16,5/16/2022,
ORD_383272,CUST_033,Main Dishes,Grilled Chicken,15,1,15,3/25/2022,cash 
ORD_398211,CUST_017,Desserts,Chocolate Cake,6,3,18,1/17/2022,Cash
ORD_288209,CUST_080,Main Dishes,Grilled Chicken,15,2,30,7/25/2022,Credit Card
ORD_838922,CUST_099,Drinks,Orange Juice,,3,,12/8/2023,Cash
ORD_217583,CUST_091,Desserts,Ice Cream,5.0$,5,25,1/8/2023,Cash
ORD_868576,CUST_076,Main Dishes,Pasta Alfredo,,2,24,8/1/2023,CREDIT CARD
ORD_110481,CUST_079,Drinks,Orange Juice,3,2,,3/26/2022,Credit Card
ORD_703350,CUST_084,Desserts,Chocolate Cake,6,4,24,10/23/2023,Credit Card
ORD_800090,CUST_081,Desserts,Ice Cream,5,4,20,9/4/2023,Digital Wallet
ORD_712510,CUST_002,Main Dishes,,18,5,90,7/5/2022,cash 
ORD_552246,CUST_050,Drinks,Lemonade,3,1,3,2/5/2022,Credit Card
ORD_728023,CUST_087,Side Dishes,Side Salad,3,5,15,6/19/2022,
ORD_839670,CUST_097,Starters,Nachos Grande,10,3,30,8/5/2023,Digital Wallet
ORD_629936,CUST_016,Starters,Cheese Fries,5,3,15,8/22/2023,Digital Wallet
ORD_278284,CUST_046,Starters,Nachos Grande,10,3,30,10/12/2022,Cash
ORD_226051,CUST_074,Starters,French Fries,4,5,20,6/2/2023,Cash
ORD_650961,CUST_034,Side Dishes,Garlic Bread,4,4,16,12/27/2023,Digital Wallet
ORD_812080,CUST_005,Main Dishes,Salmon,18,3,,12/26/2023,Digital Wallet
ORD_974546,CUST_060,Side Dishes,Side Salad,3,4,12,11/16/2023,Cash
ORD_556181,CUST_071,Drinks,Iced Tea,2.5,,10,4/28/2023,Digital Wallet
ORD_438442,CUST_011,Side Dishes,Grilled Vegetables,5.0$,5,25,9/18/2023,credit card
ORD_280183,CUST_049,Desserts,Chocolate Cake,6,5,30,10/14/2023,Digital Wallet
ORD_276340,CUST_043,Main Dishes,Vegetarian Platter,14,5,70,12/9/2023,Cash
ORD_790463,CUST_032,Drinks,Water,1,1,1,3/6/2022,credit card
ORD_404355,CUST_052,Side dishes,,4,1,4,9/4/2022,Credit Card
ORD_133195,CUST_042,Drinks,Coca Cola,2.5,5,12.5,10/31/2023,Digital Wallet
ORD_168713,CUST_021,Drinks,Water,1,2,2,1/29/2022,Digital Wallet
ORD_238839,CUST_071,Desserts,,7.0$,1,7,8/30/2023,Cash
ORD_745559,CUST_056,Main Dishes,Steak,20,1,20,6/29/2023,Credit Card
ORD_149407,CUST_072,Starters,Sweet Potato Fries,5,5,25,9/25/2022,Credit Card
ORD_657954,CUST_084,Main Dishes,,,2,30,3/28/2022,
ORD_930980,CUST_063,Drinks,Iced Tea,2.5,5,12.5,1/10/2023,Digital Wallet
ORD_307875,CUST_096,Drinks,Lemonade,3,5,15,3/22/2023,Digital Wallet
ORD_799519,CUST_091,Desserts,,,4,28,3/2/2023,
ORD_428919,CUST_003,Drinks,Lemonade,3,4,12,5/22/2022,
ORD_844066,CUST_010,Side Dishes,Mashed Potatoes,4,3,12,9/24/2022,Credit Card
ORD_460316,CUST_070,Desserts,,,,,3/30/2022,Digital Wallet
ORD_589459,CUST_053,Drinks,Water,1,1,1,8/29/2023,Digital Wallet
ORD_483518,CUST_093,Side Dishes,Garlic Bread,4,5,20,4/8/2022,Cash
ORD_264736,CUST_084,Side Dishes,Mashed Potatoes,4,2,8,12/26/2023,Digital Wallet
ORD_871511,CUST_013,Main Dishes,Pasta Alfredo,12,1,12,11/2/2023,Digital Wallet
ORD_672647,CUST_019,Desserts,Ice Cream,5,1,5,12/22/2023,Cash
ORD_197044,CUST_061,Main Dishes,Pasta Alfredo,12,5,60,6/28/2022,Cash
ORD_621121,CUST_007,Main Dishes,Pasta Alfredo,12,4,48,11/25/2023,Cash
ORD_445895,CUST_085,Desserts,Ice Cream,5,1,5,12/6/2023,Credit Card
ORD_535803,CUST_082,Starters,French Fries,4,4 items,16,12/17/2023,Cash
ORD_548269,CUST_072,Starters,Chicken Melt,8.0$,1,8,4/24/2022,Cash
ORD_731199,CUST_003,Desserts,,6,1,6,1/26/2023,Credit Card
ORD_716611,CUST_088,Desserts,Cheesecake,7,2 items,14,8/11/2023,Digital Wallet
ORD_184155,CUST_098,Starters,Nachos Grande,10,,50,10/21/2023, Cash
ORD_871315,CUST_082,Starters,Sweet Potato Fries,5.0$,,10,5/10/2022,cash
ORD_809596,CUST_022,Desserts,Cheesecake,7,4,28,3/10/2023,
ORD_641468,CUST_097,Desserts,Brownie,6,2,12,3/24/2022,
ORD_185799,CUST_061,Desserts,Chocolate Cake,6,,12,3/11/2022,cash
ORD_756961,CUST_021,Side Dishes,,,,,8/17/2022,
ORD_474565,CUST_026,Desserts,,6,3,18,4/29/2022,Cash
ORD_472961,CUST_013,Starters,Nachos Grande,10,2,20,2/15/2022,Cash
ORD_160786,CUST_028,Drinks,Water,1,1,1,8/29/2022,Cash
ORD_289094,CUST_032,Starters,,,2,8,1/17/2023,Digital Wallet
ORD_406752,CUST_064,Main Dishes,Grilled Chicken,15.0$,3,45,6/3/2023,Digital Wallet
ORD_139615,CUST_089,Drinks,Water,1,5,5,9/14/2022,Digital Wallet
ORD_894812,CUST_014,Side Dishes,Side Salad,3,2,6,12/21/2023,Cash
ORD_602969,CUST_008,Desserts,Cheesecake,-7,2,14,2/8/2022,Cash
ORD_723405,CUST_099,Main Dishes,Vegetarian Platter,14,1,14,7/16/2022,Cash
ORD_723624,CUST_028,Starters,French Fries,4,1,4,12/3/2023,Credit Card
ORD_401722,CUST_055,DESSERTS,Ice Cream,5,1,5,12/10/2022,Cash
ORD_550588,CUST_001,Drinks,Coca Cola,2.5,1,2.5,4/29/2022,Credit Card
ORD_839395,CUST_021,Side Dishes,Grilled Vegetables,5,5,25,9/23/2023,Digital Wallet
ORD_149850,CUST_006,Main Dishes,Steak,-20,2,40,5/22/2023,Digital Wallet
ORD_488172,CUST_034,Side Dishes,Side Salad,3,5,15,12/21/2023,Credit Card
ORD_784672,CUST_020,Drinks,Coca Cola,2.5,1,,5/4/2023,
ORD_485296,CUST_075,Desserts,Ice Cream,5,1,5,6/20/2022,Digital Wallet
ORD_787547,CUST_045,Starters,Cheese Fries,5,4,20,6/15/2023,Credit Card
ORD_852534,CUST_011,Main Dishes,Vegetarian Platter,14,2,28,5/9/2022,Credit Card
ORD_442306,CUST_034,Side Dishes,Grilled Vegetables,5,5,25,9/27/2023,Digital Wallet
ORD_729108,CUST_046,starters,Nachos Grande,10,2,20,4/18/2022,Credit Card
ORD_671877,CUST_010,Drinks,Orange Juice,3,5,15,3/27/2022,Cash
ORD_945870,CUST_056,Main Dishes,Steak,20,five,100,2/14/2022,Cash
ORD_678831,CUST_032,Drinks,Water,1,3,3,5/9/2022,Credit Card
ORD_771171,CUST_053,starters,,,5,50,6/17/2023,Cash
ORD_746039,CUST_074,Desserts,Ice Cream,5,2,10,7/9/2022,Digital Wallet
ORD_303005,CUST_100,Drinks,Lemonade,3,3,9,4/22/2022,Cash
ORD_162279,CUST_068,Starters,Cheese Fries,-5,3,,5/25/2022,Digital Wallet
ORD_721691,CUST_049,Drinks,Water,1,3,3,9/12/2023,Digital Wallet
ORD_148079,CUST_066,Side dishes,Side Salad,3,2,6,2/16/2023,Cash
ORD_234469,CUST_036,Main Dishes,Grilled Chicken,15,4,60,10/5/2022,
ORD_502818,CUST_006,Desserts,Fruit Salad,4.0$,1,4,1/5/2022,
ORD_702851,CUST_073,Drinks,Coca Cola,2.5,1,2.5,7/21/2023,Credit Card
ORD_861023,CUST_015,Drinks,,,,,7/14/2023,Cash
ORD_295594,CUST_015,Starters,Sweet Potato Fries,5,4,20,7/17/2023,Credit Card
ORD_182507,CUST_086,Side Dishes,Grilled Vegetables,5,3,,12/29/2022,Credit Card
ORD_546875,CUST_037,Starters,Beef Chili,7,3,21,11/20/2022,Cash
ORD_469047,CUST_092,Main Dishes,Pasta Alfredo,12,5,60,8/23/2023,
ORD_930137,CUST_063,Starters ,French Fries,4,2,8,12/24/2023,Credit Card
ORD_480606,CUST_042,Desserts,Brownie,6,3,18,4/11/2022,Digital Wallet
ORD_261106,CUST_040,Drinks,Water,1,3,3,7/8/2023,Credit Card
ORD_120928,CUST_011,Side Dishes,Mashed Potatoes,,4,16,3/15/2023,Cash
ORD_983030,CUST_048,Desserts,,5,1,5,1/1/2022,Cash
ORD_461464,CUST_085,Side Dishes,Mashed Potatoes,4,5,20,6/25/2023,Credit Card
ORD_587824,CUST_065,Side Dishes,Mashed Potatoes,4,3,12,6/24/2022,Credit Card
ORD_657583,CUST_053,Side Dishes,Side Salad,3,1,3,7/10/2023,Digital Wallet
ORD_632325,CUST_045,Side Dishes,Mashed Potatoes,4,5,20,1/3/2023,Credit Card
ORD_436316,CUST_069,Starters,Chicken Melt,8,5,40,6/22/2023,
ORD_172578,CUST_005,Starters,French Fries,4,5,20,9/19/2022,Cash
ORD_606226,CUST_090,Main Dishes,Salmon,18,,90,8/21/2022,Cash
ORD_763884,CUST_065,Starters,Sweet Potato Fries,5,2,10,9/26/2023,Cash
ORD_895768,CUST_057,Drinks,Water,1,5,5,10/13/2023,Digital Wallet
ORD_649588,CUST_018,Drinks,Water,1,3,,12/30/2022,Digital Wallet
ORD_276352,CUST_043,Drinks,Iced Tea,2.5,2,5,12/24/2023,Credit Card
ORD_710024,CUST_094,Desserts,Chocolate Cake,,2,12,12/11/2023,Credit Card
ORD_790624,CUST_050,Main Dishes,,,,100,6/19/2023,
ORD_631231,CUST_006,Starters,Nachos Grande,,1,10,9/2/2023,Cash
ORD_924808,CUST_077,Desserts,Brownie,6,4,,2/14/2023,Cash
ORD_359997,CUST_003,Drinks,Water,1,2,2,1/29/2023,Cash
ORD_457117,CUST_032,Main Dishes,Grilled Chicken,15,,15,11/25/2022,cash 
ORD_272421,CUST_024,Main Dishes,Grilled Chicken,15,1,15,5/22/2023,
ORD_806050,CUST_012,Drinks,Orange Juice,3.0$,2,6,10/28/2022,Digital Wallet
ORD_412966,CUST_069,Starters,Beef Chili,7,three,21,8/19/2022,CREDIT CARD
ORD_367710,CUST_091,Side Dishes,,,5,20,1/18/2023,Digital Wallet
ORD_291598,CUST_041,Main Dishes,Grilled Chicken,15,1,15,3/16/2023,Cash
ORD_619690,CUST_096, Desserts,Fruit Salad,4,3,12,1/22/2023,e-wallet
ORD_951135,CUST_018,Drinks ,Water,1.0$,1,1,4/10/2023,Credit Card
ORD_607742,CUST_003,Drinks,Orange Juice,3,5,15,5/18/2023,Cash
ORD_367138,CUST_019,Starters ,Cheese Fries,5,2,10,12/21/2023,Credit Card
ORD_850224,CUST_043,Desserts,Chocolate Cake,6,2,12,2/2/2022,Digital Wallet
ORD_304261,CUST_039,Starters,French Fries,4,4,16,5/4/2023,Cash
ORD_862314,CUST_020,Starters,Nachos Grande,10,5,50,5/2/2023,Digital Wallet
ORD_246945,CUST_058,Main Dishes,Pasta Alfredo,,5,60,9/19/2023,Digital Wallet
ORD_527556,CUST_002,Side Dishes,,3,3,9,10/15/2022,Credit Card
ORD_667357,CUST_012,Main Dishes,Steak,20.0$,4,80,1/17/2023,Digital Wallet
ORD_815676,CUST_014,Main Dishes,Pasta Alfredo,12.0$,3,36,6/6/2022,Digital Wallet
ORD_160189,CUST_068,Drinks,Orange Juice,3,1,3,3/20/2022,Cash
ORD_921148,CUST_051,Desserts,Cheesecake,7,,21,10/25/2023,cash 
ORD_573284,CUST_066,Starters,French Fries,4,5,20,12/30/2022,Credit Card
ORD_269101,CUST_039,Main Dishes,Pasta Alfredo,,2,24,2/23/2023,
ORD_179919,CUST_099,Starters,Beef Chili,7,5,35,2/28/2023,Cash
ORD_370643,CUST_082,Drinks,Orange Juice,3,1,3,10/26/2023,Credit Card
ORD_796372,CUST_012, Starters,Chicken Melt,8,1,8,7/31/2022,Credit Card
ORD_768555,CUST_024,Main Dishes,Pasta Alfredo,12,,,4/26/2023,
ORD_702736,CUST_045,Drinks,Coca Cola,2.5,5,12.5,10/20/2023,Cash
ORD_942079,CUST_096,Starters,Sweet Potato Fries,5,four,20,6/30/2022,Cash
ORD_866831,CUST_055,Main Dishes,,20,2,40,7/29/2023,
ORD_159044,CUST_051,Side Dishes,,5,5,25,3/14/2023,Digital Wallet
ORD_855875,CUST_092,Drinks,Iced Tea,2.5,1,2.5,4/30/2023,Cash
ORD_103589,CUST_005,Main Dishes,Pasta Alfredo,12,1,12,2/21/2022,Credit Card
ORD_920014,CUST_011,Drinks,Lemonade,3,2,6,10/9/2022,Cash
ORD_306490,CUST_036,Side Dishes,Onion Rings,5,3,15,9/22/2022,Credit Card
ORD_275940,CUST_027,Desserts,Ice Cream,,3,15,12/31/2023,Digital Wallet
ORD_249896,CUST_097,Desserts,Ice Cream,5,2,10,10/15/2022,CREDIT CARD
ORD_200485,CUST_068,Side Dishes,Onion Rings,5,3,15,3/31/2022,Digital Wallet
ORD_829992,CUST_087,Starters,Cheese Fries,5,2,,11/26/2023,Cash
ORD_620890,CUST_071,Side Dishes,Mashed Potatoes,4,2,8,2/23/2023,Digital Wallet
ORD_476746,CUST_061,Side Dishes,Side Salad,3,3,9,7/18/2022,Digital Wallet
ORD_449530,CUST_056,Desserts,Ice Cream,5,1,5,2/6/2023,Credit Card
ORD_464085,CUST_087,Main Dishes,Vegetarian Platter,14,2,28,10/17/2023,Cash
ORD_711345,CUST_099,Desserts,Ice Cream,5,4,20,9/29/2023,Digital Wallet
ORD_650593,CUST_034,Side Dishes,,3,1,3,12/4/2022,Credit Card
ORD_558480,CUST_034,Main Dishes,,,5,70,3/10/2022,Cash
ORD_558727,CUST_019,Side Dishes,Onion Rings,5,2,10,11/11/2022,Digital Wallet
ORD_643743,CUST_007,Drinks,Water,1.0$,3,3,5/22/2023,cash
ORD_400464,CUST_084,Side Dishes,Side Salad,3,1,3,3/5/2023,Digital Wallet
ORD_989449,CUST_086,Main Dishes,Grilled Chicken,15,,75,12/22/2023,Credit Card
ORD_239924,CUST_057,Drinks,Lemonade,3,4,12,3/27/2022,Cash
ORD_726744,CUST_016,Side Dishes,Side Salad,3,2,6,6/20/2023,Digital Wallet
ORD_996858,CUST_095,Drinks,Orange Juice,3,1,3,3/25/2023,Digital Wallet
ORD_386452,CUST_049,Starters,French Fries,4,4,16,2/11/2022,Digital Wallet
ORD_737570,CUST_088,Desserts,,6,3,18,1/2/2022,Digital Wallet
ORD_460768,CUST_043,Drinks,Orange Juice,3,4,12,9/28/2022,Digital Wallet
ORD_653098,CUST_027,Desserts,,,4,16,10/15/2022,
ORD_610119,CUST_066,Main Dishes,Grilled Chicken,15,5,75,5/11/2023,Cash
ORD_470770,CUST_035,Desserts,Ice Cream,5,,25,4/18/2023,
ORD_425058,CUST_039,Main Dishes,Pasta Alfredo,12,3,36,8/10/2022,Digital Wallet
ORD_248909,CUST_042,Desserts,Chocolate Cake,6,4,24,12/2/2022,Credit Card
ORD_167372,CUST_070,starters,Sweet Potato Fries,5,1,5,1/1/2023, Digital Wallet
ORD_535011,CUST_073,Drinks,Coca Cola,2.5,,12.5,10/31/2023,Digital Wallet
ORD_537413,CUST_036,Starters,Beef Chili,7,2,14,8/22/2023,Digital Wallet
ORD_150654,CUST_069,Starters,Nachos Grande,10,2,20,11/30/2023,Digital Wallet
ORD_667562,CUST_073,Drinks,Coca Cola,2.5,2,5,3/18/2022,Cash
ORD_979685,CUST_002,Side Dishes,Grilled Vegetables,5,3,15,3/17/2023,Cash
ORD_667208,CUST_043,Main Dishes,Vegetarian Platter,14,3,42,9/15/2022,Credit Card
ORD_966118,CUST_049,Drinks,Coca Cola,2.5,5,12.5,6/20/2022,Credit Card
ORD_300365,CUST_036,Desserts,Brownie,6,5,30,7/31/2023,
ORD_601773,CUST_092,Desserts,Cheesecake,7,4,28,10/21/2022,Credit Card
ORD_948963,CUST_079,Desserts,,,,,10/7/2023,
ORD_932655,CUST_025,Starters,Nachos Grande,10,5,50,1/25/2023,Credit Card
ORD_391235,CUST_012,Side Dishes,Grilled Vegetables,5,2,10,8/30/2022,Cash
ORD_847933,CUST_066,main dishes,Vegetarian Platter,14,1,14,2/15/2022,
ORD_262341,CUST_011,Starters,Chicken Melt,8,5,40,11/27/2023,Digital Wallet
ORD_115739,CUST_015,Main Dishes,Pasta Alfredo,12,5,60,9/25/2023,Credit Card
ORD_140667,CUST_009,Drinks,Orange Juice,3,3,9,7/25/2023,Digital Wallet
ORD_755251,CUST_046,Drinks,Coca Cola,2.5,4,10,1/1/2022,
ORD_696530,CUST_018,Side Dishes,Garlic Bread,4,,16,12/16/2022,Cash
ORD_512750,CUST_004,Starters,Cheese Fries,5,4,20,9/20/2023,Credit Card
ORD_543932,CUST_030,Side dishes,Garlic Bread,4,3,12,7/7/2023,
ORD_988829,CUST_089,Desserts,Chocolate Cake,6,2,12,7/30/2022,Cash
ORD_203723,CUST_011,Starters,,4,3,12,7/17/2022,
ORD_721360,CUST_067,Drinks,Water,1,2,2,11/14/2023,Cash
ORD_181652,CUST_005,Desserts,Chocolate Cake,6.0$,2,12,5/16/2023,Credit Card
ORD_812990,CUST_099,Desserts,,5,,20,11/22/2023,Cash
ORD_696394,CUST_053,Drinks,Lemonade,3,1,3,10/9/2023,Cash
ORD_339325,CUST_058,Drinks,,,,,1/1/2023,Cash
ORD_344846,CUST_094,Starters,French Fries,4,1,4,5/14/2023,Credit Card
ORD_491648,CUST_077,Drinks,Orange Juice,3,2,6,8/24/2022,Cash
ORD_932228,CUST_067,Side Dishes,,5,3,15,8/21/2022,credit card
ORD_570024,CUST_011,Side Dishes,Mashed Potatoes,4,1,4,1/31/2023,Credit Card
ORD_305827,CUST_087,Side Dishes,Garlic Bread,4,4,16,9/15/2022,Digital Wallet
ORD_302668,CUST_026,Main Dishes,Grilled Chicken,15,3,45,2/18/2022,Cash
ORD_750101,CUST_015,Side Dishes,,,5,20,7/25/2023,
ORD_458575,CUST_046,Starters,French Fries,4,4 items,16,00/00/0000,Cash
ORD_920097,CUST_028,Desserts,,6,5,30,6/18/2022,
ORD_124275,CUST_019,Drinks,Water,1,2,2,11/30/2022,Cash Payment
ORD_226323,CUST_041,Drinks,Coca Cola,2.5,2,,4/1/2022,Cash
ORD_868208,CUST_030,Desserts,Cheesecake,7,1,7,3/3/2023,Digital Wallet
ORD_981543,CUST_044,side dishes,Onion Rings,5,2,10,10/19/2022,Credit Card
ORD_638193,CUST_090,Desserts,,,,,5/1/2023,Digital Wallet
ORD_521898,CUST_050,Drinks,Iced Tea,-2.5,4,10,6/15/2023,
ORD_169247,CUST_061,Main Dishes,Vegetarian Platter,14,2,28,not a date,
ORD_263245,CUST_008,Starters,Chicken Melt,,2,16,3/27/2023,Credit Card
ORD_171467,CUST_044,Side Dishes,Side Salad,3,4,12,6/23/2023,Credit Card
ORD_992366,CUST_077,Starters,,7,4,28,4/10/2022,Credit Card
ORD_618890,CUST_088,drinks,Water,1,3,3,10/3/2023,Credit Card
ORD_291797,CUST_001,Starters,Beef Chili,7,3,21,10/26/2023,Digital Wallet
ORD_115257,CUST_077,Desserts,Brownie,6,1,6,5/3/2022,Cash
ORD_628105,CUST_097,Starters,Cheese Fries,5,2,10,3/6/2022,Cash
ORD_219731,CUST_045,Drinks,Lemonade,3,3,9,8/2/2023,
ORD_481405,CUST_025,Main Dishes,Steak,20,5,100,7/11/2022,Cash
ORD_186709,CUST_031,Side Dishes,Grilled Vegetables,5,2,10,5/4/2023,Credit Card
ORD_590702,CUST_034,Main Dishes,Steak,20,1,20,3/13/2023,Digital Wallet
ORD_580012,CUST_032,STARTERS,French Fries,4,3,12,31-02-2023,
ORD_428688,CUST_023,Starters,Cheese Fries,5,4,20,2/21/2023,Cash
ORD_948918,CUST_043,Side Dishes,Side Salad,3,5,15,12/2/2023,Credit Card
ORD_556647,CUST_015,Main Dishes,Pasta Alfredo,12,3,36,9/15/2022,Cash
ORD_186375,CUST_080,Side Dishes,Onion Rings,5,five,,5/14/2022,Credit Card
ORD_559579,CUST_054,Desserts,Brownie,6,3,18,12/5/2023,Cash
ORD_885860,CUST_095,Side Dishes,,3,4,12,7/7/2023,
ORD_778595,CUST_064,Starters,French Fries,4,2,8,11/5/2023,Credit Card
ORD_221560,CUST_091,Starters,Cheese Fries,5,2,10,7/3/2022,
ORD_439680,CUST_090,Desserts,,,,,2/4/2022,
ORD_459853,CUST_033,Side Dishes,Grilled Vegetables,5,2,10,3/7/2023,Digital Wallet
ORD_293755,CUST_029,Starters,Cheese Fries,5,3,15,3/15/2022,Cash
ORD_912338,CUST_083,Drinks,Water,1,2,2,8/19/2022,Credit Card
ORD_410514,CUST_059,Side Dishes,Mashed Potatoes,4,2,8,4/25/2022,
ORD_583496,CUST_005,Main Dishes,Grilled Chicken,15,5,75,9/18/2023,Cash
ORD_937728,CUST_100,Starters ,Nachos Grande,10.0$,1,10,10/30/2022,Credit Card
ORD_743896,CUST_019,Desserts,,,,,10/8/2022,Cash
ORD_528367,CUST_084,Side Dishes,Side Salad,3,4,12,9/12/2023,Digital Wallet
ORD_299823,CUST_004,Drinks,,3,3,9,8/3/2022,Cash
ORD_642452,CUST_034,Main Dishes,Grilled Chicken,15,5,75,4/16/2022,
ORD_949080,CUST_053,Side Dishes,,5,1,5,10/9/2022,CASH
ORD_426191,CUST_090,Desserts,,5,1,5,10/26/2023,
ORD_316668,CUST_073,Drinks,Lemonade,,3,9,3/31/2023,Digital Wallet
ORD_584573,CUST_096,Side Dishes,Grilled Vegetables,5,5,25,1/30/2023,Digital Wallet
ORD_239707,CUST_056,Starters,,,1,8,7/27/2023,Credit Card
ORD_921977,CUST_014,Drinks,,2.5,,7.5,6/3/2022,Cash
ORD_330048,CUST_082,Main Dishes,Pasta Alfredo,12,3,36,4/3/2023,Cash
ORD_952036,CUST_047,Starters,Nachos Grande,10,,10,4/23/2022,Cash Payment
ORD_193868,CUST_016,Drinks,,1,5,5,12/13/2023,Digital Wallet
ORD_268561,CUST_040,Drinks,Orange Juice,3,4,12,9/17/2023,e-wallet
ORD_214789,CUST_073,Desserts,Brownie,6,1,6,8/8/2022,Digital Wallet
ORD_860582,CUST_002,Drinks,Water,1,5,5,5/19/2023,Credit Card
ORD_518165,CUST_094,Main Dishes,Pasta Alfredo,12,5,60,5/20/2022,Credit Card
ORD_213626,CUST_014,Main Dishes,Pasta Alfredo,,5,60,11/28/2023,Cash
ORD_981009,CUST_003,Main Dishes,Grilled Chicken,15,1,15,8/28/2023,Credit Card
ORD_235256,CUST_068,Drinks,Orange Juice,3,5,15,8/15/2023,Cash
ORD_924315,CUST_090,Side Dishes,Side Salad,3.0$,2,6,5/5/2022,Digital Wallet
ORD_506173,CUST_052,Side Dishes,Mashed Potatoes,4.0$,1,4,12/16/2023,
ORD_252304,CUST_029,Starters,Cheese Fries,5,1,5,12/31/2023,Digital Wallet
ORD_528472,CUST_098,Starters,French Fries,4,3,12,6/25/2022,Digital Wallet
ORD_144818,CUST_053,Main Dishes,Pasta Alfredo,12,2,24,7/28/2022,Credit Card
ORD_989413,CUST_037,Main Dishes,Pasta Alfredo,,1,12,7/18/2022,Credit Card
ORD_702528,CUST_025,Drinks,Water,1,2,2,5/31/2022,Cash
ORD_220265,CUST_046,Side Dishes,Mashed Potatoes,4,4 items,16,9/18/2022,Digital Wallet
ORD_367112,CUST_056,Drinks,Water,1,4,4,1/3/2022,Cash
ORD_858792,CUST_045,Starters,Cheese Fries,5,5,25,7/25/2023,Cash
ORD_714266,CUST_023,Side Dishes,,4,1,,6/6/2022,
ORD_253647,CUST_072,Desserts,,5,5,25,5/6/2023,Digital Wallet
ORD_356382,CUST_070,Side Dishes,Onion Rings,5,5,25,9/23/2023,Credit Card
ORD_939671,CUST_006,Starters,Chicken Melt,,2,16,7/4/2022, Digital Wallet
ORD_149542,CUST_038,Desserts,Fruit Salad,4,5,20,4/13/2023,Cash
ORD_972116,CUST_099,Starters,Chicken Melt,8,5,40,10/22/2022,Cash
ORD_600931,CUST_086, Desserts,Fruit Salad,4,5,20,7/21/2023,creditcard
ORD_131421,CUST_015,Desserts,Ice Cream,,1,,11/9/2022,Digital Wallet
ORD_216573,CUST_041,Starters,Cheese Fries,5.0$,1,5,8/3/2023,Credit Card
ORD_621222,CUST_067,Main Dishes,Vegetarian Platter,14,4,,7/29/2022,Cash
ORD_104362,CUST_055,Main Dishes,,12,2,24,11/25/2023,Digital Wallet
ORD_718757,CUST_002,Side Dishes,Garlic Bread,4,2,8,7/27/2023,Digital Wallet
ORD_548918,CUST_058,Drinks,Coca Cola,2.5,1,2.5,1/1/2023,Cash Payment
ORD_851531,CUST_092,Main Dishes,Grilled Chicken,15,1,15,6/9/2022,Credit Card
ORD_640650,CUST_042,Drinks,,,1,1,10/15/2023,Credit Card
ORD_207869,CUST_087,Drinks,Orange Juice,3,4,,2/14/2023,Credit Card
ORD_620332,CUST_046,Starters,French Fries,4,3,12,12/15/2023,Digital Wallet
ORD_464264,CUST_074,Main Dishes,,20,,100,10/25/2023,
ORD_593463,CUST_063,Main  Dishes,Vegetarian Platter,14,3,42,9/11/2023,Cash
ORD_409700,CUST_080,Main Dishes,Steak,20,1,20,7/25/2022,Cash
ORD_995218,CUST_048,Side Dishes,Onion Rings,5,4,20,3/2/2022,Cash
ORD_791601,CUST_098,Side Dishes,Mashed Potatoes,4,1,4,10/31/2022,Digital Wallet
ORD_445003,CUST_084,Main Dishes,Grilled Chicken,15,3,45,11/12/2023,Digital Wallet
ORD_807616,CUST_017,main dishes,Grilled Chicken,15,2,30,1/30/2022,Digital Wallet
ORD_932311,CUST_066,Desserts,Ice Cream,5,4,20,9/8/2023,credit card
ORD_936944,CUST_015,Main  Dishes,Salmon,18,1,18,2/19/2023,Digital Wallet
ORD_167532,CUST_058,Drinks,Orange Juice,3,5,15,6/17/2023,Credit Card
ORD_319338,CUST_045,Desserts,Ice Cream,5,3,15,7/17/2022, Digital Wallet
ORD_841814,CUST_091,Starters,Cheese Fries,5,2,10,10/28/2023,Digital Wallet
ORD_432568,CUST_016,Starters ,Beef Chili,7,1,7,9/12/2022,Digital Wallet
ORD_936303,CUST_023,Drinks,Water,1,4,,2/2/2022,Cash
ORD_214320,CUST_040,Starters,,5,2 items,10,1/21/2023,Cash
ORD_545952,CUST_056,Side Dishes,Mashed Potatoes,4,5,20,9/11/2023,Cash
ORD_337609,CUST_016,Side Dishes,Side Salad,3,3,9,4/2/2022,Credit Card
ORD_982089,CUST_036,Drinks,Coca Cola,2.5,3,7.5,3/14/2023,digital wallet
ORD_812335,CUST_044,DRINKS,Water,1,5,5,11/21/2022,Cash
ORD_384331,CUST_056,Desserts,Brownie,,4,24,4/1/2022,Cash
ORD_527275,CUST_027,Starters,Sweet Potato Fries,5,2,10,12/6/2023,
ORD_518799,CUST_079,Main Dishes,,12,3,36,5/19/2022,Credit Card
ORD_476931,CUST_072,Drinks,,3,4,12,2023/99/99,Credit Card
ORD_325455,CUST_078,Side Dishes,Mashed Potatoes,,3,12,6/24/2023,Cash
ORD_454498,CUST_094,Starters,French Fries,4,1,4,12/17/2023,Cash
ORD_148723,CUST_065,Main Dishes,Grilled Chicken,15,4,60,11/29/2023,Credit Card
ORD_250634,CUST_054,Main Dishes,Grilled Chicken,15,5,75,12/1/2023,
ORD_954791,CUST_062,Main Dishes,Pasta Alfredo,12,1,12,8/26/2022,Cash
ORD_580905,CUST_004,Main Dishes,Pasta Alfredo,12,5,,6/29/2022,Digital Wallet
ORD_952220,CUST_026,Main Dishes,,12,5,60,8/21/2022,Cash
ORD_288123,CUST_066,Desserts,Ice Cream,5,2,10,5/20/2023,Cash
ORD_895825,CUST_091,Starters,Beef Chili,7,4,28,1/21/2023,Cash
ORD_886465,CUST_035,Desserts,,5,4,20,2/27/2023,
ORD_668739,CUST_094,Drinks,Water,1,1,1,8/6/2022,Cash
ORD_893314,CUST_064,Side Dishes,Garlic Bread,,5,20,9/27/2023,
ORD_216427,CUST_085,Starters,Cheese Fries,5,4,20,10/29/2022,Digital Wallet
ORD_188313,CUST_012,Drinks,Iced Tea,2.5,5,12.5,9/17/2022,Digital Wallet
ORD_705844,CUST_092,Side Dishes,Side Salad,3,1,3,12/21/2023,Credit Card
ORD_455797,CUST_091,Drinks,Water,1,5,5,abc,Cash
ORD_515114,CUST_096,Main Dishes,Pasta Alfredo,12,1,12,4/8/2023,Credit Card
ORD_636008,CUST_054,Main Dishes,Pasta Alfredo,12,2,24,8/4/2022,Cash
ORD_531663,CUST_008,Desserts,Ice Cream,5,4,20,1/12/2023,Digital Wallet
ORD_422444,CUST_097,Main Dishes,Vegetarian Platter,14,4,56,7/14/2023,Cash
ORD_891475,CUST_037,Drinks,Orange Juice,3,2,,6/19/2022,Digital Wallet
ORD_353442,CUST_081,Side Dishes,,,3,9,11/28/2022,
ORD_218833,CUST_009,Desserts,Chocolate Cake,6,4,24,1/11/2023,
ORD_684655,CUST_009,Desserts,Ice Cream,5,5,25,9/13/2022,Credit Card
ORD_222983,CUST_049,Main Dishes,Salmon,18,3,54,8/5/2022,Cash
ORD_522828,CUST_079,Drinks,Coca Cola,2.5,1,2.5,11/12/2023,Cash
ORD_950347,CUST_038,Main Dishes,Vegetarian Platter,14,4,56,12/6/2022,Credit Card
ORD_126668,CUST_004,Main Dishes,,,,,6/3/2022,
ORD_866540,CUST_051,Starters,Cheese Fries,5,-5,25,5/27/2023,Digital Wallet
ORD_990757,CUST_051,Side Dishes,Garlic Bread,4,,12,7/1/2022,
ORD_873640,CUST_091,SIDE DISHES,Side Salad,3,4,12,9/15/2023,Digital Wallet
ORD_265498,CUST_028,DESSERTS,Cheesecake,,5,35,2/16/2023,Credit Card
ORD_336509,CUST_067,Main Dishes,Pasta Alfredo,12,3,36,3/3/2023,Cash
ORD_226838,CUST_079,Side Dishes,Mashed Potatoes,4,3,12,2/24/2022,Digital Wallet
ORD_827233,CUST_025,Drinks,Water,1,4,4,8/4/2022,Credit Card
ORD_964330,CUST_080,Main Dishes,,14,3,42,2/22/2023,Digital Wallet
ORD_888259,CUST_071,Starters,Cheese Fries,5,4,20,12/13/2023,Digital Wallet
ORD_266942,CUST_071,Drinks,Coca Cola,2.5,4,10,10/11/2023,Digital Wallet
ORD_977940,CUST_094,Desserts,Ice Cream,5,1,5,2/12/2022,Cash
ORD_440542,CUST_003,Side Dishes,Garlic Bread,4,4,16,2/17/2023,Digital Wallet
ORD_104489,CUST_049,Main Dishes,Pasta Alfredo,12,2,,2/20/2022,DIGITAL WALLET
ORD_946907,CUST_030,Side Dishes,Onion Rings,5,5,25,12/21/2023,Digital Wallet
ORD_188021,CUST_080,Side Dishes,Garlic Bread,4,1,4,4/12/2022,
ORD_744192,CUST_045,Drinks,,-1,4,4,3/26/2022,Digital Wallet
ORD_130258,CUST_042,Desserts,,6,2,12,10/16/2023,Cash
ORD_453268,CUST_020,Desserts,Ice Cream,5,1,5,1/21/2022,Digital Wallet
ORD_198255,CUST_022,Main Dishes,Salmon,18,1,18,1/2/2022,creditcard
ORD_438166,CUST_026,Main Dishes,Pasta Alfredo,12,1,12,7/8/2022,Credit Card
ORD_388903,CUST_094,Main Dishes,Pasta Alfredo,12,1,12,1/1/2023,Credit Card
ORD_774084,CUST_095,Desserts,,6,5,30,4/4/2023,Credit Card
ORD_454198,CUST_004,Main Dishes,Grilled Chicken,15,1,15,3/1/2023,Cash
ORD_310052,CUST_010,Main Dishes,Grilled Chicken,15,2,30,3/30/2022,Cash
ORD_479111,CUST_026,Main Dishes,Pasta Alfredo,12,5,60,5/19/2023,
ORD_134915,CUST_075,Side Dishes,Side Salad,3,1,3,8/14/2022,Cash
ORD_496765,CUST_071,Desserts,,4,1,4,11/21/2023,Credit Card
ORD_443957,CUST_075,Drinks,Water,1,3,3,8/31/2023,
ORD_927008,CUST_045,Drinks,Iced Tea,2.5,2,5,6/4/2023,Cash
ORD_861604,CUST_047,Drinks,Water,1,4,4,10/10/2022,
ORD_624257,CUST_044,Main Dishes,,15,2,30,7/13/2023,Cash Payment
ORD_300741,CUST_078,Desserts,,4,3,12,8/1/2022,Credit Card
ORD_283567,CUST_065,Side Dishes,Grilled Vegetables,5,5,25,8/13/2023,Digital Wallet
ORD_719634,CUST_063,Drinks,,2.5,1,2.5,11/2/2022,Cash
ORD_994033,CUST_081,Desserts,,,,,4/15/2022,Digital Wallet
ORD_590261,CUST_026,Side Dishes,Mashed Potatoes,4,2,8,2/28/2023,cash 
ORD_157713,CUST_012,Drinks,Orange Juice,3,3,9,5/12/2023,Credit Card
ORD_937174,CUST_048,Side Dishes,,,,12,3/30/2023,Cash
ORD_750610,CUST_097,Main Dishes,Grilled Chicken,15,1,15,5/20/2022,Cash
ORD_315005,CUST_029,Desserts,Ice Cream,5,3,15,11/26/2023,Cash
ORD_869959,CUST_100,Drinks,Lemonade,3,3,9,7/15/2023,
ORD_819624,CUST_014, Desserts,Brownie,6,5,30,10/13/2023,Digital Wallet
ORD_129568,CUST_021,Main Dishes,Steak,20,5,100,12/1/2022,Credit Card
ORD_951109,CUST_020,Main Dishes,Salmon,18,2,36,9/17/2023,Digital Wallet
ORD_987419,CUST_084,Drinks,Iced Tea,2.5,3,7.5,4/10/2023,Credit Card
ORD_158310,CUST_016,Drinks,Iced Tea,2.5,5,12.5,2/10/2022,Cash
ORD_551146,CUST_063,Drinks,Water,1,2,2,2/18/2022,Digital Wallet
ORD_490863,CUST_056,Side Dishes,Mashed Potatoes,4,,12,6/11/2022,
ORD_829715,CUST_043,Starters,French Fries,4,4,16,1/14/2023,Credit Card
ORD_410177,CUST_100,Starters,Cheese Fries,5,1,5,11/3/2022,
ORD_182164,CUST_017,Side Dishes,Grilled Vegetables,-5,5,25,11/16/2023,Credit Card
ORD_432885,CUST_061,Side Dishes,Mashed Potatoes,4,4,16,9/14/2022,Digital Wallet
ORD_186580,CUST_065,Drinks,Lemonade,3,4,12,2/28/2023,Credit Card
ORD_905112,CUST_012,Side Dishes,Mashed Potatoes,4,3,12,4/6/2023,
ORD_939973,CUST_030,Starters,,4.0$,1,4,11/18/2022,Credit Card
ORD_279015,CUST_086,Drinks,Coca Cola,2.5,3,7.5,12/29/2023,Credit Card
ORD_690423,CUST_011,Drinks,Iced Tea,2.5,,2.5,10/11/2022,
ORD_210505,CUST_092, Desserts,,6,3,,6/9/2023,e-wallet
ORD_167551,CUST_034,Main Dishes,,,,,6/16/2022,Digital Wallet
,,,,,,,,
,,,,,,,,
,,,,,,,,
,,,,,,,,
,,,,,,,,
,,,,,,,,
,,,,,,,,
,,,,,,,,
,,,,,,,,
,,,,,,,,
,,,,,,,,
,,,,,,,,
,,,,,,,,
,,,,,,,,
,,,,,,,,
,,,,,,,,
,,,,,,,,
,,,,,,,,
,,,,,,,,
,,,,,,,,
,,,,,,,,
,,,,,,,,
,,,,,,,,
,,,,,,,,
,,,,,,,,
,,,,,,,,
,,,,,,,,
,,,,,,,,
,,,,,,,,
,,,,,,,,
,,,,,,,,
,,,,,,,,
,,,,,,,,
,,,,,,,,
,,,,,,,,
,,,,,,,,
,,,,,,,,
,,,,,,,,
,,,,,,,,
,,,,,,,,
,,,,,,,,
,,,,,,,,
,,,,,,,,
,,,,,,,,
,,,,,,,,
,,,,,,,,
,,,,,,,,
,,,,,,,,
,,,,,,,,
,,,,,,,,
,,,,,,,,
,,,,,,,,
,,,,,,,,
,,,,,,,,
,,,,,,,,
,,,,,,,,
,,,,,,,,
,,,,,,,,
,,,,,,,,
,,,,,,,,
,,,,,,,,
,,,,,,,,
,,,,,,,,
,,,,,,,,
,,,,,,,,
,,,,,,,,
,,,,,,,,
,,,,,,,,
,,,,,,,,
,,,,,,,,
,,,,,,,,
,,,,,,,,
,,,,,,,,
,,,,,,,,
,,,,,,,,
,,,,,,,,
,,,,,,,,
,,,,,,,,
,,,,,,,,
,,,,,,,,
,,,,,,,,
,,,,,,,,
,,,,,,,,
,,,,,,,,
,,,,,,,,
,,,,,,,,
,,,,,,,,
,,,,,,,,
,,,,,,,,
,,,,,,,,
,,,,,,,,
,,,,,,,,
,,,,,,,,
,,,,,,,,
,,,,,,,,
,,,,,,,,
,,,,,,,,
,,,,,,,,
,,,,,,,,
,,,,,,,,
,,,,,,,,
,,,,,,,,
,,,,,,,,
,,,,,,,,
,,,,,,,,
,,,,,,,,
,,,,,,,,
,,,,,,,,
,,,,,,,,
,,,,,,,,
,,,,,,,,
,,,,,,,,
,,,,,,,,
,,,,,,,,
,,,,,,,,
,,,,,,,,
,,,,,,,,
,,,,,,,,
,,,,,,,,
,,,,,,,,
,,,,,,,,
,,,,,,,,
,,,,,,,,
,,,,,,,,
,,,,,,,,
,,,,,,,,
,,,,,,,,
,,,,,,,,
,,,,,,,,
,,,,,,,,
,,,,,,,,
,,,,,,,,
,,,,,,,,
,,,,,,,,
,,,,,,,,
,,,,,,,,
,,,,,,,,
,,,,,,,,
,,,,,,,,
,,,,,,,,
,,,,,,,,
,,,,,,,,
,,,,,,,,
,,,,,,,,
,,,,,,,,
,,,,,,,,
,,,,,,,,
,,,,,,,,
,,,,,,,,
,,,,,,,,
,,,,,,,,
,,,,,,,,
,,,,,,,,
,,,,,,,,
,,,,,,,,
,,,,,,,,
,,,,,,,,
,,,,,,,,
,,,,,,,,
,,,,,,,,
,,,,,,,,
,,,,,,,,
,,,,,,,,
,,,,,,,,
,,,,,,,,
,,,,,,,,
,,,,,,,,
,,,,,,,,
,,,,,,,,
,,,,,,,,
,,,,,,,,
,,,,,,,,
,,,,,,,,
,,,,,,,,
,,,,,,,,
,,,,,,,,
,,,,,,,,
,,,,,,,,
,,,,,,,,
,,,,,,,,
,,,,,,,,
,,,,,,,,
,,,,,,,,
,,,,,,,,
,,,,,,,,
,,,,,,,,
,,,,,,,,
,,,,,,,,
,,,,,,,,
,,,,,,,,
,,,,,,,,
,,,,,,,,
,,,,,,,,
,,,,,,,,
,,,,,,,,
,,,,,,,,
,,,,,,,,
,,,,,,,,
,,,,,,,,
,,,,,,,,
,,,,,,,,
,,,,,,,,
,,,,,,,,
,,,,,,,,
,,,,,,,,
,,,,,,,,
,,,,,,,,
,,,,,,,,
,,,,,,,,
,,,,,,,,
,,,,,,,,
,,,,,,,,
,,,,,,,,
,,,,,,,,
,,,,,,,,
,,,,,,,,
,,,,,,,,
,,,,,,,,
,,,,,,,,
,,,,,,,,
,,,,,,,,
,,,,,,,,
,,,,,,,,
,,,,,,,,
,,,,,,,,
,,,,,,,,
,,,,,,,,
,,,,,,,,
,,,,,,,,
,,,,,,,,
,,,,,,,,
,,,,,,,,
,,,,,,,,
,,,,,,,,
,,,,,,,,
,,,,,,,,
,,,,,,,,
,,,,,,,,
,,,,,,,,
,,,,,,,,
,,,,,,,,
,,,,,,,,
,,,,,,,,
,,,,,,,,
,,,,,,,,
,,,,,,,,
,,,,,,,,
,,,,,,,,
,,,,,,,,
,,,,,,,,
,,,,,,,,
,,,,,,,,
,,,,,,,,
,,,,,,,,
,,,,,,,,
,,,,,,,,
,,,,,,,,
,,,,,,,,
,,,,,,,,
,,,,,,,,
,,,,,,,,
,,,,,,,,
,,,,,,,,
,,,,,,,,
,,,,,,,,
,,,,,,,,
,,,,,,,,
,,,,,,,,
,,,,,,,,
,,,,,,,,
,,,,,,,,
,,,,,,,,
,,,,,,,,
,,,,,,,,
,,,,,,,,
,,,,,,,,
,,,,,,,,
,,,,,,,,
,,,,,,,,
,,,,,,,,
,,,,,,,,
,,,,,,,,
,,,,,,,,
,,,,,,,,
,,,,,,,,
,,,,,,,,
,,,,,,,,
,,,,,,,,
,,,,,,,,
,,,,,,,,
,,,,,,,,
,,,,,,,,
,,,,,,,,
,,,,,,,,
,,,,,,,,
,,,,,,,,
,,,,,,,,
,,,,,,,,
,,,,,,,,
,,,,,,,,
,,,,,,,,
,,,,,,,,
,,,,,,,,
,,,,,,,,
,,,,,,,,
,,,,,,,,
,,,,,,,,
,,,,,,,,
,,,,,,,,
,,,,,,,,
,,,,,,,,
,,,,,,,,
,,,,,,,,
,,,,,,,,
,,,,,,,,
,,,,,,,,
,,,,,,,,
,,,,,,,,
,,,,,,,,
,,,,,,,,
,,,,,,,,
,,,,,,,,
,,,,,,,,
,,,,,,,,
,,,,,,,,
,,,,,,,,
,,,,,,,,
,,,,,,,,
,,,,,,,,
,,,,,,,,
,,,,,,,,
,,,,,,,,
,,,,,,,,
,,,,,,,,
,,,,,,,,
,,,,,,,,
,,,,,,,,
,,,,,,,,
,,,,,,,,
,,,,,,,,
,,,,,,,,
,,,,,,,,
,,,,,,,,
,,,,,,,,
,,,,,,,,
,,,,,,,,
,,,,,,,,
,,,,,,,,
,,,,,,,,
,,,,,,,,
,,,,,,,,
,,,,,,,,
,,,,,,,,
,,,,,,,,
,,,,,,,,
,,,,,,,,
,,,,,,,,
,,,,,,,,
,,,,,,,,
,,,,,,,,
,,,,,,,,
,,,,,,,,
,,,,,,,,
,,,,,,,,
,,,,,,,,
,,,,,,,,
,,,,,,,,
,,,,,,,,
,,,,,,,,
,,,,,,,,
,,,,,,,,
,,,,,,,,
,,,,,,,,
,,,,,,,,
,,,,,,,,
,,,,,,,,
,,,,,,,,
,,,,,,,,
,,,,,,,,
,,,,,,,,
,,,,,,,,
,,,,,,,,
,,,,,,,,
,,,,,,,,
,,,,,,,,
,,,,,,,,
,,,,,,,,
,,,,,,,,
,,,,,,,,
,,,,,,,,
,,,,,,,,
,,,,,,,,
,,,,,,,,
,,,,,,,,
,,,,,,,,
,,,,,,,,
,,,,,,,,
,,,,,,,,
,,,,,,,,
,,,,,,,,
,,,,,,,,
,,,,,,,,
,,,,,,,,
,,,,,,,,
,,,,,,,,
,,,,,,,,
,,,,,,,,
,,,,,,,,
,,,,,,,,
,,,,,,,,
,,,,,,,,
,,,,,,,,
,,,,,,,,
,,,,,,,,
,,,,,,,,
,,,,,,,,
,,,,,,,,
,,,,,,,,
,,,,,,,,
,,,,,,,,
,,,,,,,,
,,,,,,,,
,,,,,,,,
,,,,,,,,
,,,,,,,,
,,,,,,,,
,,,,,,,,
,,,,,,,,
,,,,,,,,
,,,,,,,,
,,,,,,,,
,,,,,,,,
,,,,,,,,
,,,,,,,,
,,,,,,,,
,,,,,,,,
,,,,,,,,
,,,,,,,,
,,,,,,,,
,,,,,,,,
,,,,,,,,
,,,,,,,,
,,,,,,,,
,,,,,,,,
,,,,,,,,
,,,,,,,,
,,,,,,,,
,,,,,,,,
,,,,,,,,
,,,,,,,,
,,,,,,,,
,,,,,,,,
,,,,,,,,
,,,,,,,,
,,,,,,,,
,,,,,,,,
,,,,,,,,
,,,,,,,,
,,,,,,,,
,,,,,,,,
,,,,,,,,
,,,,,,,,
,,,,,,,,
,,,,,,,,
,,,,,,,,
,,,,,,,,
,,,,,,,,
,,,,,,,,
,,,,,,,,
,,,,,,,,
,,,,,,,,
,,,,,,,,
,,,,,,,,
,,,,,,,,
,,,,,,,,
,,,,,,,,
,,,,,,,,
,,,,,,,,
,,,,,,,,
,,,,,,,,
,,,,,,,,
,,,,,,,,
,,,,,,,,
,,,,,,,,
,,,,,,,,
,,,,,,,,
,,,,,,,,
,,,,,,,,
,,,,,,,,
,,,,,,,,
,,,,,,,,
,,,,,,,,
,,,,,,,,
,,,,,,,,
,,,,,,,,
,,,,,,,,
,,,,,,,,
,,,,,,,,
,,,,,,,,
,,,,,,,,
,,,,,,,,
,,,,,,,,
,,,,,,,,
,,,,,,,,
,,,,,,,,
,,,,,,,,
,,,,,,,,
,,,,,,,,
,,,,,,,,
,,,,,,,,
,,,,,,,,
,,,,,,,,
,,,,,,,,
,,,,,,,,
,,,,,,,,
,,,,,,,,
,,,,,,,,
,,,,,,,,
,,,,,,,,
,,,,,,,,
,,,,,,,,
,,,,,,,,
,,,,,,,,
,,,,,,,,
,,,,,,,,
,,,,,,,,
,,,,,,,,
,,,,,,,,
,,,,,,,,
,,,,,,,,
,,,,,,,,
,,,,,,,,
,,,,,,,,
,,,,,,,,
,,,,,,,,
,,,,,,,,
,,,,,,,,
,,,,,,,,
,,,,,,,,
,,,,,,,,
,,,,,,,,
,,,,,,,,
,,,,,,,,
,,,,,,,,
,,,,,,,,
,,,,,,,,
,,,,,,,,
,,,,,,,,
,,,,,,,,
,,,,,,,,
,,,,,,,,
,,,,,,,,
,,,,,,,,
,,,,,,,,
,,,,,,,,
,,,,,,,,
,,,,,,,,
,,,,,,,,
,,,,,,,,
,,,,,,,,
,,,,,,,,
,,,,,,,,
,,,,,,,,
,,,,,,,,
,,,,,,,,
,,,,,,,,
,,,,,,,,
,,,,,,,,
,,,,,,,,
,,,,,,,,
,,,,,,,,
,,,,,,,,
,,,,,,,,
,,,,,,,,
,,,,,,,,
,,,,,,,,
,,,,,,,,
,,,,,,,,
,,,,,,,,
,,,,,,,,
,,,,,,,,
,,,,,,,,
,,,,,,,,
,,,,,,,,
,,,,,,,,
,,,,,,,,
,,,,,,,,
,,,,,,,,
,,,,,,,,
,,,,,,,,
,,,,,,,,
,,,,,,,,
,,,,,,,,
,,,,,,,,
,,,,,,,,
,,,,,,,,
,,,,,,,,
,,,,,,,,
,,,,,,,,
,,,,,,,,
,,,,,,,,
,,,,,,,,
,,,,,,,,
,,,,,,,,
,,,,,,,,
,,,,,,,,
,,,,,,,,
,,,,,,,,
,,,,,,,,
,,,,,,,,
,,,,,,,,
,,,,,,,,
,,,,,,,,
,,,,,,,,
,,,,,,,,
,,,,,,,,
,,,,,,,,
,,,,,,,,
,,,,,,,,
,,,,,,,,
,,,,,,,,
,,,,,,,,
,,,,,,,,
,,,,,,,,
,,,,,,,,
,,,,,,,,
,,,,,,,,
,,,,,,,,
,,,,,,,,
,,,,,,,,
,,,,,,,,
,,,,,,,,
,,,,,,,,
,,,,,,,,
,,,,,,,,
,,,,,,,,
,,,,,,,,
,,,,,,,,
,,,,,,,,
,,,,,,,,
,,,,,,,,
,,,,,,,,
,,,,,,,,
,,,,,,,,
,,,,,,,,
,,,,,,,,
,,,,,,,,
,,,,,,,,
,,,,,,,,
,,,,,,,,
,,,,,,,,
,,,,,,,,
,,,,,,,,
,,,,,,,,
,,,,,,,,
,,,,,,,,
,,,,,,,,
,,,,,,,,
,,,,,,,,
,,,,,,,,
,,,,,,,,
,,,,,,,,
,,,,,,,,
,,,,,,,,
,,,,,,,,
,,,,,,,,
,,,,,,,,
,,,,,,,,
,,,,,,,,
,,,,,,,,
,,,,,,,,
,,,,,,,,
,,,,,,,,
,,,,,,,,
,,,,,,,,
,,,,,,,,
,,,,,,,,
,,,,,,,,
,,,,,,,,
,,,,,,,,
,,,,,,,,
,,,,,,,,
,,,,,,,,
,,,,,,,,
,,,,,,,,
,,,,,,,,
,,,,,,,,
,,,,,,,,
,,,,,,,,
,,,,,,,,
,,,,,,,,
,,,,,,,,
,,,,,,,,
,,,,,,,,
,,,,,,,,
,,,,,,,,
,,,,,,,,
,,,,,,,,
,,,,,,,,
,,,,,,,,
,,,,,,,,
,,,,,,,,
,,,,,,,,
,,,,,,,,
,,,,,,,,
,,,,,,,,
,,,,,,,,
,,,,,,,,
,,,,,,,,
,,,,,,,,
,,,,,,,,
,,,,,,,,
,,,,,,,,
,,,,,,,,
,,,,,,,,
,,,,,,,,
,,,,,,,,
,,,,,,,,
,,,,,,,,
,,,,,,,,
,,,,,,,,
,,,,,,,,
,,,,,,,,
,,,,,,,,
,,,,,,,,
,,,,,,,,
,,,,,,,,
,,,,,,,,
,,,,,,,,
,,,,,,,,
,,,,,,,,
,,,,,,,,
,,,,,,,,
,,,,,,,,
,,,,,,,,
,,,,,,,,
,,,,,,,,
,,,,,,,,
,,,,,,,,
,,,,,,,,
,,,,,,,,
,,,,,,,,
,,,,,,,,
,,,,,,,,
,,,,,,,,
,,,,,,,,
,,,,,,,,
,,,,,,,,
,,,,,,,,
,,,,,,,,
,,,,,,,,
,,,,,,,,
,,,,,,,,
,,,,,,,,
,,,,,,,,
,,,,,,,,
,,,,,,,,
,,,,,,,,
,,,,,,,,
,,,,,,,,
,,,,,,,,
,,,,,,,,
,,,,,,,,
,,,,,,,,
,,,,,,,,
,,,,,,,,
,,,,,,,,
,,,,,,,,
,,,,,,,,
,,,,,,,,
,,,,,,,,
,,,,,,,,
,,,,,,,,
,,,,,,,,
,,,,,,,,
,,,,,,,,
,,,,,,,,
,,,,,,,,
,,,,,,,,
,,,,,,,,
,,,,,,,,
,,,,,,,,
,,,,,,,,
,,,,,,,,
,,,,,,,,
,,,,,,,,
,,,,,,,,
,,,,,,,,
,,,,,,,,
,,,,,,,,
,,,,,,,,
,,,,,,,,
,,,,,,,,
,,,,,,,,
,,,,,,,,
,,,,,,,,
,,,,,,,,
,,,,,,,,
,,,,,,,,
,,,,,,,,
,,,,,,,,
,,,,,,,,
,,,,,,,,
,,,,,,,,
,,,,,,,,
,,,,,,,,
,,,,,,,,
,,,,,,,,
,,,,,,,,
,,,,,,,,
,,,,,,,,
,,,,,,,,
,,,,,,,,
,,,,,,,,
,,,,,,,,
,,,,,,,,
,,,,,,,,
,,,,,,,,
,,,,,,,,
,,,,,,,,
,,,,,,,,
,,,,,,,,
,,,,,,,,
,,,,,,,,
,,,,,,,,
,,,,,,,,
,,,,,,,,
,,,,,,,,
,,,,,,,,
,,,,,,,,
,,,,,,,,
,,,,,,,,
,,,,,,,,
,,,,,,,,
,,,,,,,,
,,,,,,,,
,,,,,,,,
,,,,,,,,
,,,,,,,,
,,,,,,,,
,,,,,,,,
,,,,,,,,
,,,,,,,,
,,,,,,,,
,,,,,,,,
,,,,,,,,
,,,,,,,,
,,,,,,,,
,,,,,,,,
,,,,,,,,
,,,,,,,,
,,,,,,,,
,,,,,,,,
,,,,,,,,
,,,,,,,,
,,,,,,,,
,,,,,,,,
,,,,,,,,
,,,,,,,,
,,,,,,,,
,,,,,,,,
,,,,,,,,
,,,,,,,,
,,,,,,,,
,,,,,,,,
,,,,,,,,
,,,,,,,,
,,,,,,,,
,,,,,,,,
,,,,,,,,
,,,,,,,,
,,,,,,,,
,,,,,,,,
,,,,,,,,
,,,,,,,,
,,,,,,,,
,,,,,,,,
,,,,,,,,
,,,,,,,,
,,,,,,,,
,,,,,,,,
,,,,,,,,
,,,,,,,,
,,,,,,,,
,,,,,,,,
,,,,,,,,
,,,,,,,,
,,,,,,,,
,,,,,,,,
,,,,,,,,
,,,,,,,,
,,,,,,,,
,,,,,,,,
,,,,,,,,
,,,,,,,,
,,,,,,,,
,,,,,,,,
,,,,,,,,
,,,,,,,,
,,,,,,,,
,,,,,,,,
,,,,,,,,
,,,,,,,,
,,,,,,,,
,,,,,,,,
,,,,,,,,
,,,,,,,,
,,,,,,,,
,,,,,,,,
,,,,,,,,
,,,,,,,,
,,,,,,,,
,,,,,,,,
,,,,,,,,
,,,,,,,,
,,,,,,,,
,,,,,,,,
,,,,,,,,
,,,,,,,,
,,,,,,,,
,,,,,,,,
,,,,,,,,
,,,,,,,,
,,,,,,,,
,,,,,,,,
,,,,,,,,
,,,,,,,,
,,,,,,,,
,,,,,,,,
,,,,,,,,
,,,,,,,,
,,,,,,,,
,,,,,,,,
,,,,,,,,
,,,,,,,,
,,,,,,,,
,,,,,,,,
,,,,,,,,
,,,,,,,,
,,,,,,,,
,,,,,,,,
,,,,,,,,
,,,,,,,,
,,,,,,,,
,,,,,,,,
,,,,,,,,
,,,,,,,,
,,,,,,,,
,,,,,,,,
,,,,,,,,
,,,,,,,,
,,,,,,,,
,,,,,,,,
,,,,,,,,
,,,,,,,,
,,,,,,,,
,,,,,,,,
,,,,,,,,
,,,,,,,,
,,,,,,,,
,,,,,,,,
,,,,,,,,
,,,,,,,,
,,,,,,,,
,,,,,,,,
,,,,,,,,
,,,,,,,,
,,,,,,,,
,,,,,,,,
,,,,,,,,
,,,,,,,,
,,,,,,,,
,,,,,,,,
,,,,,,,,
,,,,,,,,
,,,,,,,,
,,,,,,,,
,,,,,,,,
,,,,,,,,
,,,,,,,,
,,,,,,,,
,,,,,,,,
,,,,,,,,
,,,,,,,,
,,,,,,,,
,,,,,,,,
,,,,,,,,
,,,,,,,,
,,,,,,,,
,,,,,,,,
,,,,,,,,
,,,,,,,,
,,,,,,,,
,,,,,,,,
,,,,,,,,
,,,,,,,,
,,,,,,,,
,,,,,,,,
,,,,,,,,
,,,,,,,,
,,,,,,,,
,,,,,,,,
,,,,,,,,
,,,,,,,,
,,,,,,,,
,,,,,,,,
,,,,,,,,
,,,,,,,,
,,,,,,,,
,,,,,,,,
,,,,,,,,
,,,,,,,,
,,,,,,,,
,,,,,,,,
,,,,,,,,
,,,,,,,,
,,,,,,,,
,,,,,,,,
,,,,,,,,
,,,,,,,,
,,,,,,,,
,,,,,,,,
,,,,,,,,
,,,,,,,,
,,,,,,,,
,,,,,,,,
,,,,,,,,
,,,,,,,,
,,,,,,,,
,,,,,,,,
,,,,,,,,
,,,,,,,,
,,,,,,,,
,,,,,,,,
,,,,,,,,
,,,,,,,,
,,,,,,,,
,,,,,,,,
,,,,,,,,
,,,,,,,,
,,,,,,,,
,,,,,,,,
,,,,,,,,
,,,,,,,,
,,,,,,,,
,,,,,,,,
,,,,,,,,
,,,,,,,,
,,,,,,,,
,,,,,,,,
,,,,,,,,
,,,,,,,,
,,,,,,,,
,,,,,,,,
,,,,,,,,
,,,,,,,,
,,,,,,,,
,,,,,,,,
,,,,,,,,
,,,,,,,,
,,,,,,,,
,,,,,,,,
,,,,,,,,
,,,,,,,,
,,,,,,,,
,,,,,,,,
,,,,,,,,
,,,,,,,,
,,,,,,,,
,,,,,,,,
,,,,,,,,
,,,,,,,,
,,,,,,,,
,,,,,,,,
,,,,,,,,
,,,,,,,,
,,,,,,,,
,,,,,,,,
,,,,,,,,
,,,,,,,,
,,,,,,,,
,,,,,,,,
,,,,,,,,
,,,,,,,,
,,,,,,,,
,,,,,,,,
,,,,,,,,
,,,,,,,,
,,,,,,,,
,,,,,,,,
,,,,,,,,
,,,,,,,,
,,,,,,,,
,,,,,,,,
,,,,,,,,
,,,,,,,,
,,,,,,,,
,,,,,,,,
,,,,,,,,
,,,,,,,,
,,,,,,,,
,,,,,,,,
,,,,,,,,
,,,,,,,,
,,,,,,,,
,,,,,,,,
,,,,,,,,
,,,,,,,,
,,,,,,,,
,,,,,,,,
,,,,,,,,
,,,,,,,,
,,,,,,,,
,,,,,,,,
,,,,,,,,
,,,,,,,,
,,,,,,,,
,,,,,,,,
,,,,,,,,
,,,,,,,,
,,,,,,,,
,,,,,,,,
,,,,,,,,
,,,,,,,,
,,,,,,,,
,,,,,,,,
,,,,,,,,
,,,,,,,,
,,,,,,,,
,,,,,,,,
,,,,,,,,
,,,,,,,,
,,,,,,,,
,,,,,,,,
,,,,,,,,
,,,,,,,,
,,,,,,,,
,,,,,,,,
,,,,,,,,
,,,,,,,,
,,,,,,,,
,,,,,,,,
,,,,,,,,
,,,,,,,,
,,,,,,,,
,,,,,,,,
,,,,,,,,
,,,,,,,,
,,,,,,,,
,,,,,,,,
,,,,,,,,
,,,,,,,,
,,,,,,,,
,,,,,,,,
,,,,,,,,
,,,,,,,,
,,,,,,,,
,,,,,,,,
,,,,,,,,
,,,,,,,,
,,,,,,,,
,,,,,,,,
,,,,,,,,
,,,,,,,,
,,,,,,,,
,,,,,,,,
,,,,,,,,
,,,,,,,,
,,,,,,,,
,,,,,,,,
,,,,,,,,
,,,,,,,,
,,,,,,,,
,,,,,,,,
,,,,,,,,
,,,,,,,,
,,,,,,,,
,,,,,,,,
,,,,,,,,
,,,,,,,,
,,,,,,,,
,,,,,,,,
,,,,,,,,
,,,,,,,,
,,,,,,,,
,,,,,,,,
,,,,,,,,
,,,,,,,,
,,,,,,,,
,,,,,,,,
,,,,,,,,
,,,,,,,,
,,,,,,,,
,,,,,,,,
,,,,,,,,
,,,,,,,,
,,,,,,,,
,,,,,,,,
,,,,,,,,
,,,,,,,,
,,,,,,,,
,,,,,,,,
,,,,,,,,
,,,,,,,,
,,,,,,,,
,,,,,,,,
,,,,,,,,
,,,,,,,,
,,,,,,,,
,,,,,,,,
,,,,,,,,
,,,,,,,,
,,,,,,,,
,,,,,,,,
,,,,,,,,
,,,,,,,,
,,,,,,,,
,,,,,,,,
,,,,,,,,
,,,,,,,,
,,,,,,,,
,,,,,,,,
,,,,,,,,
,,,,,,,,
,,,,,,,,
,,,,,,,,
,,,,,,,,
,,,,,,,,
,,,,,,,,
,,,,,,,,
,,,,,,,,
,,,,,,,,
,,,,,,,,
,,,,,,,,
,,,,,,,,
,,,,,,,,
,,,,,,,,
,,,,,,,,
,,,,,,,,
,,,,,,,,
,,,,,,,,
,,,,,,,,
,,,,,,,,
,,,,,,,,
,,,,,,,,
,,,,,,,,
,,,,,,,,
,,,,,,,,
,,,,,,,,
,,,,,,,,
,,,,,,,,
,,,,,,,,
,,,,,,,,
,,,,,,,,
,,,,,,,,
,,,,,,,,
,,,,,,,,
,,,,,,,,
,,,,,,,,
,,,,,,,,
,,,,,,,,
,,,,,,,,
,,,,,,,,
,,,,,,,,
,,,,,,,,
,,,,,,,,
,,,,,,,,
,,,,,,,,
,,,,,,,,
,,,,,,,,
,,,,,,,,
,,,,,,,,
,,,,,,,,
,,,,,,,,
,,,,,,,,
,,,,,,,,
,,,,,,,,
,,,,,,,,
,,,,,,,,
,,,,,,,,
,,,,,,,,
,,,,,,,,
,,,,,,,,
,,,,,,,,
,,,,,,,,
,,,,,,,,
,,,,,,,,
,,,,,,,,
,,,,,,,,
,,,,,,,,
,,,,,,,,
,,,,,,,,
,,,,,,,,
,,,,,,,,
,,,,,,,,
,,,,,,,,
,,,,,,,,
,,,,,,,,
,,,,,,,,
,,,,,,,,
,,,,,,,,
,,,,,,,,
,,,,,,,,
,,,,,,,,
,,,,,,,,
,,,,,,,,
,,,,,,,,
,,,,,,,,
,,,,,,,,
,,,,,,,,
,,,,,,,,
,,,,,,,,
,,,,,,,,
,,,,,,,,
,,,,,,,,
,,,,,,,,
,,,,,,,,
,,,,,,,,
,,,,,,,,
,,,,,,,,
,,,,,,,,
,,,,,,,,
,,,,,,,,
,,,,,,,,
,,,,,,,,
,,,,,,,,
,,,,,,,,
,,,,,,,,
,,,,,,,,
,,,,,,,,
,,,,,,,,
,,,,,,,,
,,,,,,,,
,,,,,,,,
,,,,,,,,
,,,,,,,,
,,,,,,,,
,,,,,,,,
,,,,,,,,
,,,,,,,,
,,,,,,,,
,,,,,,,,
,,,,,,,,
,,,,,,,,
,,,,,,,,
,,,,,,,,
,,,,,,,,
,,,,,,,,
,,,,,,,,
,,,,,,,,
,,,,,,,,
,,,,,,,,
,,,,,,,,
,,,,,,,,
,,,,,,,,
,,,,,,,,
,,,,,,,,
,,,,,,,,
,,,,,,,,
,,,,,,,,
,,,,,,,,
,,,,,,,,
,,,,,,,,
,,,,,,,,
,,,,,,,,
,,,,,,,,
,,,,,,,,
,,,,,,,,
,,,,,,,,
,,,,,,,,
,,,,,,,,
,,,,,,,,
,,,,,,,,
,,,,,,,,
,,,,,,,,
,,,,,,,,
,,,,,,,,
,,,,,,,,
,,,,,,,,
,,,,,,,,
,,,,,,,,
,,,,,,,,
,,,,,,,,
,,,,,,,,
,,,,,,,,
,,,,,,,,
,,,,,,,,
,,,,,,,,
,,,,,,,,
,,,,,,,,
,,,,,,,,
,,,,,,,,
,,,,,,,,
,,,,,,,,
,,,,,,,,
,,,,,,,,
,,,,,,,,
,,,,,,,,
,,,,,,,,
,,,,,,,,
,,,,,,,,
,,,,,,,,
,,,,,,,,
,,,,,,,,
,,,,,,,,
,,,,,,,,
,,,,,,,,
,,,,,,,,
,,,,,,,,
,,,,,,,,
,,,,,,,,
,,,,,,,,
,,,,,,,,
,,,,,,,,
,,,,,,,,
,,,,,,,,
,,,,,,,,
,,,,,,,,
,,,,,,,,
,,,,,,,,
,,,,,,,,
,,,,,,,,
,,,,,,,,
,,,,,,,,
,,,,,,,,
,,,,,,,,
,,,,,,,,
,,,,,,,,
,,,,,,,,
,,,,,,,,
,,,,,,,,
,,,,,,,,
,,,,,,,,
,,,,,,,,
,,,,,,,,
,,,,,,,,
,,,,,,,,
,,,,,,,,
,,,,,,,,
,,,,,,,,
,,,,,,,,
,,,,,,,,
,,,,,,,,
,,,,,,,,
,,,,,,,,
,,,,,,,,
,,,,,,,,
,,,,,,,,
,,,,,,,,
,,,,,,,,
,,,,,,,,
,,,,,,,,
,,,,,,,,
,,,,,,,,
,,,,,,,,
,,,,,,,,
,,,,,,,,
,,,,,,,,
,,,,,,,,
,,,,,,,,
,,,,,,,,
,,,,,,,,
,,,,,,,,
,,,,,,,,
,,,,,,,,
,,,,,,,,
,,,,,,,,
,,,,,,,,
,,,,,,,,
,,,,,,,,
,,,,,,,,
,,,,,,,,
,,,,,,,,
,,,,,,,,
,,,,,,,,
,,,,,,,,
,,,,,,,,
,,,,,,,,
,,,,,,,,
,,,,,,,,
,,,,,,,,
,,,,,,,,
,,,,,,,,
,,,,,,,,
,,,,,,,,
,,,,,,,,
,,,,,,,,
,,,,,,,,
,,,,,,,,
,,,,,,,,
,,,,,,,,
,,,,,,,,
,,,,,,,,
,,,,,,,,
,,,,,,,,
,,,,,,,,
,,,,,,,,
,,,,,,,,
,,,,,,,,
,,,,,,,,
,,,,,,,,
,,,,,,,,
,,,,,,,,
,,,,,,,,
,,,,,,,,
,,,,,,,,
,,,,,,,,
,,,,,,,,
,,,,,,,,
,,,,,,,,
,,,,,,,,
,,,,,,,,
,,,,,,,,
,,,,,,,,
,,,,,,,,
,,,,,,,,
,,,,,,,,
,,,,,,,,
,,,,,,,,
,,,,,,,,
,,,,,,,,
,,,,,,,,
,,,,,,,,
,,,,,,,,
,,,,,,,,
,,,,,,,,
,,,,,,,,
,,,,,,,,
,,,,,,,,
,,,,,,,,
,,,,,,,,
,,,,,,,,
,,,,,,,,
,,,,,,,,
,,,,,,,,
,,,,,,,,
,,,,,,,,
,,,,,,,,
,,,,,,,,
,,,,,,,,
,,,,,,,,
,,,,,,,,
,,,,,,,,
,,,,,,,,
,,,,,,,,
,,,,,,,,
,,,,,,,,
,,,,,,,,
,,,,,,,,
,,,,,,,,
,,,,,,,,
,,,,,,,,
,,,,,,,,
,,,,,,,,
,,,,,,,,
,,,,,,,,
,,,,,,,,
,,,,,,,,
,,,,,,,,
,,,,,,,,
,,,,,,,,
,,,,,,,,
,,,,,,,,
,,,,,,,,
,,,,,,,,
,,,,,,,,
,,,,,,,,
,,,,,,,,
,,,,,,,,
,,,,,,,,
,,,,,,,,
,,,,,,,,
,,,,,,,,
,,,,,,,,
,,,,,,,,
,,,,,,,,
,,,,,,,,
,,,,,,,,
,,,,,,,,
,,,,,,,,
,,,,,,,,
,,,,,,,,
,,,,,,,,
,,,,,,,,
,,,,,,,,
,,,,,,,,
,,,,,,,,
,,,,,,,,
,,,,,,,,
,,,,,,,,
,,,,,,,,
,,,,,,,,
,,,,,,,,
,,,,,,,,
,,,,,,,,
,,,,,,,,
,,,,,,,,
,,,,,,,,
,,,,,,,,
,,,,,,,,
,,,,,,,,
,,,,,,,,
,,,,,,,,
,,,,,,,,
,,,,,,,,
,,,,,,,,
,,,,,,,,
,,,,,,,,
,,,,,,,,
,,,,,,,,
,,,,,,,,
,,,,,,,,
,,,,,,,,
,,,,,,,,
,,,,,,,,
,,,,,,,,
,,,,,,,,
,,,,,,,,
,,,,,,,,
,,,,,,,,
,,,,,,,,
,,,,,,,,
,,,,,,,,
,,,,,,,,
,,,,,,,,
,,,,,,,,
,,,,,,,,
,,,,,,,,
,,,,,,,,
,,,,,,,,
,,,,,,,,
,,,,,,,,
,,,,,,,,
,,,,,,,,
,,,,,,,,
,,,,,,,,
,,,,,,,,
,,,,,,,,
,,,,,,,,
,,,,,,,,
,,,,,,,,
,,,,,,,,
,,,,,,,,
,,,,,,,,
,,,,,,,,
,,,,,,,,
,,,,,,,,
,,,,,,,,
,,,,,,,,
,,,,,,,,
,,,,,,,,
,,,,,,,,
,,,,,,,,
,,,,,,,,
,,,,,,,,
,,,,,,,,
,,,,,,,,
,,,,,,,,
,,,,,,,,
,,,,,,,,
,,,,,,,,
,,,,,,,,
,,,,,,,,
,,,,,,,,
,,,,,,,,
,,,,,,,,
,,,,,,,,
,,,,,,,,
,,,,,,,,
,,,,,,,,
,,,,,,,,
,,,,,,,,
,,,,,,,,
,,,,,,,,
,,,,,,,,
,,,,,,,,
,,,,,,,,
,,,,,,,,
,,,,,,,,
,,,,,,,,
,,,,,,,,
,,,,,,,,
,,,,,,,,
,,,,,,,,
,,,,,,,,
,,,,,,,,
,,,,,,,,
,,,,,,,,
,,,,,,,,
,,,,,,,,
,,,,,,,,
,,,,,,,,
,,,,,,,,
,,,,,,,,
,,,,,,,,
,,,,,,,,
,,,,,,,,
,,,,,,,,
,,,,,,,,
,,,,,,,,
,,,,,,,,
,,,,,,,,
,,,,,,,,
,,,,,,,,
,,,,,,,,
,,,,,,,,
,,,,,,,,
,,,,,,,,
,,,,,,,,
,,,,,,,,
,,,,,,,,
,,,,,,,,
,,,,,,,,
,,,,,,,,
,,,,,,,,
,,,,,,,,
,,,,,,,,
,,,,,,,,
,,,,,,,,
,,,,,,,,
,,,,,,,,
,,,,,,,,
,,,,,,,,
,,,,,,,,
,,,,,,,,
,,,,,,,,
,,,,,,,,
,,,,,,,,
,,,,,,,,
,,,,,,,,
,,,,,,,,
,,,,,,,,
,,,,,,,,
,,,,,,,,
,,,,,,,,
,,,,,,,,
,,,,,,,,
,,,,,,,,
,,,,,,,,
,,,,,,,,
,,,,,,,,
,,,,,,,,
,,,,,,,,
,,,,,,,,
,,,,,,,,
,,,,,,,,
,,,,,,,,
,,,,,,,,
,,,,,,,,
,,,,,,,,
,,,,,,,,
,,,,,,,,
,,,,,,,,
,,,,,,,,
,,,,,,,,
,,,,,,,,
,,,,,,,,
,,,,,,,,
,,,,,,,,
,,,,,,,,
,,,,,,,,
,,,,,,,,
,,,,,,,,
,,,,,,,,
,,,,,,,,
,,,,,,,,
,,,,,,,,
,,,,,,,,
,,,,,,,,
,,,,,,,,
,,,,,,,,
,,,,,,,,
,,,,,,,,
,,,,,,,,
,,,,,,,,
,,,,,,,,
,,,,,,,,
,,,,,,,,
,,,,,,,,
,,,,,,,,
,,,,,,,,
,,,,,,,,
,,,,,,,,
,,,,,,,,
,,,,,,,,
,,,,,,,,
,,,,,,,,
,,,,,,,,
,,,,,,,,
,,,,,,,,
,,,,,,,,
,,,,,,,,
,,,,,,,,
,,,,,,,,
,,,,,,,,
,,,,,,,,
,,,,,,,,
,,,,,,,,
,,,,,,,,
,,,,,,,,
,,,,,,,,
,,,,,,,,
,,,,,,,,
,,,,,,,,
,,,,,,,,
,,,,,,,,
,,,,,,,,
,,,,,,,,
,,,,,,,,
,,,,,,,,
,,,,,,,,
,,,,,,,,
,,,,,,,,
,,,,,,,,
,,,,,,,,
,,,,,,,,
,,,,,,,,
,,,,,,,,
,,,,,,,,
,,,,,,,,
,,,,,,,,
,,,,,,,,
,,,,,,,,
,,,,,,,,
,,,,,,,,
,,,,,,,,
,,,,,,,,
,,,,,,,,
,,,,,,,,
,,,,,,,,
,,,,,,,,
,,,,,,,,
,,,,,,,,
,,,,,,,,
,,,,,,,,
,,,,,,,,
,,,,,,,,
,,,,,,,,
,,,,,,,,
,,,,,,,,
,,,,,,,,
,,,,,,,,
,,,,,,,,
,,,,,,,,
,,,,,,,,
,,,,,,,,
,,,,,,,,
,,,,,,,,
,,,,,,,,
,,,,,,,,
,,,,,,,,
,,,,,,,,
,,,,,,,,
,,,,,,,,
,,,,,,,,
,,,,,,,,
,,,,,,,,
,,,,,,,,
,,,,,,,,
,,,,,,,,
,,,,,,,,
,,,,,,,,
,,,,,,,,
,,,,,,,,
,,,,,,,,
,,,,,,,,
,,,,,,,,
,,,,,,,,
,,,,,,,,
,,,,,,,,
,,,,,,,,
,,,,,,,,
,,,,,,,,
,,,,,,,,
,,,,,,,,
,,,,,,,,
,,,,,,,,
,,,,,,,,
,,,,,,,,
,,,,,,,,
,,,,,,,,
,,,,,,,,
,,,,,,,,
,,,,,,,,
,,,,,,,,
,,,,,,,,
,,,,,,,,
,,,,,,,,
,,,,,,,,
,,,,,,,,
,,,,,,,,
,,,,,,,,
,,,,,,,,
,,,,,,,,
,,,,,,,,
,,,,,,,,
,,,,,,,,
,,,,,,,,
,,,,,,,,
,,,,,,,,
,,,,,,,,
,,,,,,,,
,,,,,,,,
,,,,,,,,
,,,,,,,,
,,,,,,,,
,,,,,,,,
,,,,,,,,
,,,,,,,,
,,,,,,,,
,,,,,,,,
,,,,,,,,
,,,,,,,,
,,,,,,,,
,,,,,,,,
,,,,,,,,
,,,,,,,,
,,,,,,,,
,,,,,,,,
,,,,,,,,
,,,,,,,,
,,,,,,,,
,,,,,,,,
,,,,,,,,
,,,,,,,,
,,,,,,,,
,,,,,,,,
,,,,,,,,
,,,,,,,,
,,,,,,,,
,,,,,,,,
,,,,,,,,
,,,,,,,,
,,,,,,,,
,,,,,,,,
,,,,,,,,
,,,,,,,,
,,,,,,,,
,,,,,,,,
,,,,,,,,
,,,,,,,,
,,,,,,,,
,,,,,,,,
,,,,,,,,
,,,,,,,,
,,,,,,,,
,,,,,,,,
,,,,,,,,
,,,,,,,,
,,,,,,,,
,,,,,,,,
,,,,,,,,
,,,,,,,,
,,,,,,,,
,,,,,,,,
,,,,,,,,
,,,,,,,,
,,,,,,,,
,,,,,,,,
,,,,,,,,
,,,,,,,,
,,,,,,,,
,,,,,,,,
,,,,,,,,
,,,,,,,,
,,,,,,,,
,,,,,,,,
,,,,,,,,
,,,,,,,,
,,,,,,,,
,,,,,,,,
,,,,,,,,
,,,,,,,,
,,,,,,,,
,,,,,,,,
,,,,,,,,
,,,,,,,,
,,,,,,,,
,,,,,,,,
,,,,,,,,
,,,,,,,,
,,,,,,,,
,,,,,,,,
,,,,,,,,
,,,,,,,,
,,,,,,,,
,,,,,,,,
,,,,,,,,
,,,,,,,,
,,,,,,,,
,,,,,,,,
,,,,,,,,
,,,,,,,,
,,,,,,,,
,,,,,,,,
,,,,,,,,
,,,,,,,,
,,,,,,,,
,,,,,,,,
,,,,,,,,
,,,,,,,,
,,,,,,,,
,,,,,,,,
,,,,,,,,
,,,,,,,,
,,,,,,,,
,,,,,,,,
,,,,,,,,
,,,,,,,,
,,,,,,,,
,,,,,,,,
,,,,,,,,
,,,,,,,,
,,,,,,,,
,,,,,,,,
,,,,,,,,
,,,,,,,,
,,,,,,,,
,,,,,,,,
,,,,,,,,
,,,,,,,,
,,,,,,,,
,,,,,,,,
,,,,,,,,
,,,,,,,,
,,,,,,,,
,,,,,,,,
,,,,,,,,
,,,,,,,,
,,,,,,,,
,,,,,,,,
,,,,,,,,
,,,,,,,,
,,,,,,,,
,,,,,,,,
,,,,,,,,
,,,,,,,,
,,,,,,,,
,,,,,,,,
,,,,,,,,
,,,,,,,,
,,,,,,,,
,,,,,,,,
,,,,,,,,
,,,,,,,,
,,,,,,,,
,,,,,,,,
,,,,,,,,
,,,,,,,,
,,,,,,,,
,,,,,,,,
,,,,,,,,
,,,,,,,,
,,,,,,,,
,,,,,,,,
,,,,,,,,
,,,,,,,,
,,,,,,,,
,,,,,,,,
,,,,,,,,
,,,,,,,,
,,,,,,,,
,,,,,,,,
,,,,,,,,
,,,,,,,,
,,,,,,,,
,,,,,,,,
,,,,,,,,
,,,,,,,,
,,,,,,,,
,,,,,,,,
,,,,,,,,
,,,,,,,,
,,,,,,,,
,,,,,,,,
,,,,,,,,
,,,,,,,,
,,,,,,,,
,,,,,,,,
,,,,,,,,
,,,,,,,,
,,,,,,,,
,,,,,,,,
,,,,,,,,
,,,,,,,,
,,,,,,,,
,,,,,,,,
,,,,,,,,
,,,,,,,,
,,,,,,,,
,,,,,,,,
,,,,,,,,
,,,,,,,,
,,,,,,,,
,,,,,,,,
,,,,,,,,
,,,,,,,,
,,,,,,,,
,,,,,,,,
,,,,,,,,
,,,,,,,,
,,,,,,,,
,,,,,,,,
,,,,,,,,
,,,,,,,,
,,,,,,,,
,,,,,,,,
,,,,,,,,
,,,,,,,,
,,,,,,,,
,,,,,,,,
,,,,,,,,
,,,,,,,,
,,,,,,,,
,,,,,,,,
,,,,,,,,
,,,,,,,,
,,,,,,,,
,,,,,,,,
,,,,,,,,
,,,,,,,,
,,,,,,,,
,,,,,,,,
,,,,,,,,
,,,,,,,,
,,,,,,,,
,,,,,,,,
,,,,,,,,
,,,,,,,,
,,,,,,,,
,,,,,,,,
,,,,,,,,
,,,,,,,,
,,,,,,,,
,,,,,,,,
,,,,,,,,
,,,,,,,,
,,,,,,,,
,,,,,,,,
,,,,,,,,
,,,,,,,,
,,,,,,,,
,,,,,,,,
,,,,,,,,
,,,,,,,,
,,,,,,,,
,,,,,,,,
,,,,,,,,
,,,,,,,,
,,,,,,,,
,,,,,,,,
,,,,,,,,
,,,,,,,,
,,,,,,,,
,,,,,,,,
,,,,,,,,
,,,,,,,,
,,,,,,,,
,,,,,,,,
,,,,,,,,
,,,,,,,,
,,,,,,,,
,,,,,,,,
,,,,,,,,
,,,,,,,,
,,,,,,,,
,,,,,,,,
,,,,,,,,
,,,,,,,,
,,,,,,,,
,,,,,,,,
,,,,,,,,
,,,,,,,,
,,,,,,,,
,,,,,,,,
,,,,,,,,
,,,,,,,,
,,,,,,,,
,,,,,,,,
,,,,,,,,
,,,,,,,,
,,,,,,,,
,,,,,,,,
,,,,,,,,
,,,,,,,,
,,,,,,,,
,,,,,,,,
,,,,,,,,
,,,,,,,,
,,,,,,,,
,,,,,,,,
,,,,,,,,
,,,,,,,,
,,,,,,,,
,,,,,,,,
,,,,,,,,
,,,,,,,,
,,,,,,,,
,,,,,,,,
,,,,,,,,
,,,,,,,,
,,,,,,,,
,,,,,,,,
,,,,,,,,
,,,,,,,,
,,,,,,,,
,,,,,,,,
,,,,,,,,
,,,,,,,,
,,,,,,,,
,,,,,,,,
,,,,,,,,
,,,,,,,,
,,,,,,,,
,,,,,,,,
,,,,,,,,
,,,,,,,,
,,,,,,,,
,,,,,,,,
,,,,,,,,
,,,,,,,,
,,,,,,,,
,,,,,,,,
,,,,,,,,
,,,,,,,,
,,,,,,,,
,,,,,,,,
,,,,,,,,
,,,,,,,,
,,,,,,,,
,,,,,,,,
,,,,,,,,
,,,,,,,,
,,,,,,,,
,,,,,,,,
,,,,,,,,
,,,,,,,,
,,,,,,,,
,,,,,,,,
,,,,,,,,
,,,,,,,,
,,,,,,,,
,,,,,,,,
,,,,,,,,
,,,,,,,,
,,,,,,,,
,,,,,,,,
,,,,,,,,
,,,,,,,,
,,,,,,,,
,,,,,,,,
,,,,,,,,
,,,,,,,,
,,,,,,,,
,,,,,,,,
,,,,,,,,
,,,,,,,,
,,,,,,,,
,,,,,,,,
,,,,,,,,
,,,,,,,,
,,,,,,,,
,,,,,,,,
,,,,,,,,
,,,,,,,,
,,,,,,,,
,,,,,,,,
,,,,,,,,
,,,,,,,,
,,,,,,,,
,,,,,,,,
,,,,,,,,
,,,,,,,,
,,,,,,,,
,,,,,,,,
,,,,,,,,
,,,,,,,,
,,,,,,,,
,,,,,,,,
,,,,,,,,
,,,,,,,,
,,,,,,,,
,,,,,,,,
,,,,,,,,
,,,,,,,,
,,,,,,,,
,,,,,,,,
,,,,,,,,
,,,,,,,,
,,,,,,,,
,,,,,,,,
,,,,,,,,
,,,,,,,,
,,,,,,,,
,,,,,,,,
,,,,,,,,
,,,,,,,,
,,,,,,,,
,,,,,,,,
,,,,,,,,
,,,,,,,,
,,,,,,,,
,,,,,,,,
,,,,,,,,
,,,,,,,,
,,,,,,,,
,,,,,,,,
,,,,,,,,
,,,,,,,,
,,,,,,,,
,,,,,,,,
,,,,,,,,
,,,,,,,,
,,,,,,,,
,,,,,,,,
,,,,,,,,
,,,,,,,,
,,,,,,,,
,,,,,,,,
,,,,,,,,
,,,,,,,,
,,,,,,,,
,,,,,,,,
,,,,,,,,
,,,,,,,,
,,,,,,,,
,,,,,,,,
,,,,,,,,
,,,,,,,,
,,,,,,,,
,,,,,,,,
,,,,,,,,
,,,,,,,,
,,,,,,,,
,,,,,,,,
,,,,,,,,
,,,,,,,,
,,,,,,,,
,,,,,,,,
,,,,,,,,
,,,,,,,,
,,,,,,,,
,,,,,,,,
,,,,,,,,
,,,,,,,,
,,,,,,,,
,,,,,,,,
,,,,,,,,
,,,,,,,,
,,,,,,,,
,,,,,,,,
,,,,,,,,
,,,,,,,,
,,,,,,,,
,,,,,,,,
,,,,,,,,
,,,,,,,,
,,,,,,,,
,,,,,,,,
,,,,,,,,
,,,,,,,,
,,,,,,,,
,,,,,,,,
,,,,,,,,
,,,,,,,,
,,,,,,,,
,,,,,,,,
,,,,,,,,
,,,,,,,,
,,,,,,,,
,,,,,,,,
,,,,,,,,
,,,,,,,,
,,,,,,,,
,,,,,,,,
,,,,,,,,
,,,,,,,,
,,,,,,,,
,,,,,,,,
,,,,,,,,
,,,,,,,,
,,,,,,,,
,,,,,,,,
,,,,,,,,
,,,,,,,,
,,,,,,,,
,,,,,,,,
,,,,,,,,
,,,,,,,,
,,,,,,,,
,,,,,,,,
,,,,,,,,
,,,,,,,,
,,,,,,,,
,,,,,,,,
,,,,,,,,
,,,,,,,,
,,,,,,,,
,,,,,,,,
,,,,,,,,
,,,,,,,,
,,,,,,,,
,,,,,,,,
,,,,,,,,
,,,,,,,,
,,,,,,,,
,,,,,,,,
,,,,,,,,
,,,,,,,,
,,,,,,,,
,,,,,,,,
,,,,,,,,
,,,,,,,,
,,,,,,,,
,,,,,,,,
,,,,,,,,
,,,,,,,,
,,,,,,,,
,,,,,,,,
,,,,,,,,
,,,,,,,,
,,,,,,,,
,,,,,,,,
,,,,,,,,
,,,,,,,,
,,,,,,,,
,,,,,,,,
,,,,,,,,
,,,,,,,,
,,,,,,,,
,,,,,,,,
,,,,,,,,
,,,,,,,,
,,,,,,,,
,,,,,,,,
,,,,,,,,
,,,,,,,,
,,,,,,,,
,,,,,,,,
,,,,,,,,
,,,,,,,,
,,,,,,,,
,,,,,,,,
,,,,,,,,
,,,,,,,,
,,,,,,,,
,,,,,,,,
,,,,,,,,
,,,,,,,,
,,,,,,,,
,,,,,,,,
,,,,,,,,
,,,,,,,,
,,,,,,,,
,,,,,,,,
,,,,,,,,
,,,,,,,,
,,,,,,,,
,,,,,,,,
,,,,,,,,
,,,,,,,,
,,,,,,,,
,,,,,,,,
,,,,,,,,
,,,,,,,,
,,,,,,,,
,,,,,,,,
,,,,,,,,
,,,,,,,,
,,,,,,,,
,,,,,,,,
,,,,,,,,
,,,,,,,,
,,,,,,,,
,,,,,,,,
,,,,,,,,
,,,,,,,,
,,,,,,,,
,,,,,,,,
,,,,,,,,
,,,,,,,,
,,,,,,,,
,,,,,,,,
,,,,,,,,
,,,,,,,,
,,,,,,,,
,,,,,,,,
,,,,,,,,
,,,,,,,,
,,,,,,,,
,,,,,,,,
,,,,,,,,
,,,,,,,,
,,,,,,,,
,,,,,,,,
,,,,,,,,
,,,,,,,,
,,,,,,,,
,,,,,,,,
,,,,,,,,
,,,,,,,,
,,,,,,,,
,,,,,,,,
,,,,,,,,
,,,,,,,,
,,,,,,,,
,,,,,,,,
,,,,,,,,
,,,,,,,,
,,,,,,,,
,,,,,,,,
,,,,,,,,
,,,,,,,,
,,,,,,,,
,,,,,,,,
,,,,,,,,
,,,,,,,,
,,,,,,,,
,,,,,,,,
,,,,,,,,
,,,,,,,,
,,,,,,,,
,,,,,,,,
,,,,,,,,
,,,,,,,,
,,,,,,,,
,,,,,,,,
,,,,,,,,
,,,,,,,,
,,,,,,,,
,,,,,,,,
,,,,,,,,
,,,,,,,,
,,,,,,,,
,,,,,,,,
,,,,,,,,
,,,,,,,,
,,,,,,,,
,,,,,,,,
,,,,,,,,
,,,,,,,,
,,,,,,,,
,,,,,,,,
,,,,,,,,
,,,,,,,,
,,,,,,,,
,,,,,,,,
,,,,,,,,
,,,,,,,,
,,,,,,,,
,,,,,,,,
,,,,,,,,
,,,,,,,,
,,,,,,,,
,,,,,,,,
,,,,,,,,
,,,,,,,,
,,,,,,,,
,,,,,,,,
,,,,,,,,
,,,,,,,,
,,,,,,,,
,,,,,,,,
,,,,,,,,
,,,,,,,,
,,,,,,,,
,,,,,,,,
,,,,,,,,
,,,,,,,,
,,,,,,,,
,,,,,,,,
,,,,,,,,
,,,,,,,,
,,,,,,,,
,,,,,,,,
,,,,,,,,
,,,,,,,,
,,,,,,,,
,,,,,,,,
,,,,,,,,
,,,,,,,,
,,,,,,,,
,,,,,,,,
,,,,,,,,
,,,,,,,,
,,,,,,,,
,,,,,,,,
,,,,,,,,
,,,,,,,,
,,,,,,,,
,,,,,,,,
,,,,,,,,
,,,,,,,,
,,,,,,,,
,,,,,,,,
,,,,,,,,
,,,,,,,,
,,,,,,,,
,,,,,,,,
,,,,,,,,
,,,,,,,,
,,,,,,,,
,,,,,,,,
,,,,,,,,
,,,,,,,,
,,,,,,,,
,,,,,,,,
,,,,,,,,
,,,,,,,,
,,,,,,,,
,,,,,,,,
,,,,,,,,
,,,,,,,,
,,,,,,,,
,,,,,,,,
,,,,,,,,
,,,,,,,,
,,,,,,,,
,,,,,,,,
,,,,,,,,
,,,,,,,,
,,,,,,,,
,,,,,,,,
,,,,,,,,
,,,,,,,,
,,,,,,,,
,,,,,,,,
,,,,,,,,
,,,,,,,,
,,,,,,,,
,,,,,,,,
,,,,,,,,
,,,,,,,,
,,,,,,,,
,,,,,,,,
,,,,,,,,
,,,,,,,,
,,,,,,,,
,,,,,,,,
,,,,,,,,
,,,,,,,,
,,,,,,,,
,,,,,,,,
,,,,,,,,
,,,,,,,,
,,,,,,,,
,,,,,,,,
,,,,,,,,
,,,,,,,,
,,,,,,,,
,,,,,,,,
,,,,,,,,
,,,,,,,,
,,,,,,,,
,,,,,,,,
,,,,,,,,
,,,,,,,,
,,,,,,,,
,,,,,,,,
,,,,,,,,
,,,,,,,,
,,,,,,,,
,,,,,,,,
,,,,,,,,
,,,,,,,,
,,,,,,,,
,,,,,,,,
,,,,,,,,
,,,,,,,,
,,,,,,,,
,,,,,,,,
,,,,,,,,
,,,,,,,,
,,,,,,,,
,,,,,,,,
,,,,,,,,
,,,,,,,,
,,,,,,,,
,,,,,,,,
,,,,,,,,
,,,,,,,,
,,,,,,,,
,,,,,,,,
,,,,,,,,
,,,,,,,,
,,,,,,,,
,,,,,,,,
,,,,,,,,
,,,,,,,,
,,,,,,,,
,,,,,,,,
,,,,,,,,
,,,,,,,,
,,,,,,,,
,,,,,,,,
,,,,,,,,
,,,,,,,,
,,,,,,,,
,,,,,,,,
,,,,,,,,
,,,,,,,,
,,,,,,,,
,,,,,,,,
,,,,,,,,
,,,,,,,,
,,,,,,,,
,,,,,,,,
,,,,,,,,
,,,,,,,,
,,,,,,,,
,,,,,,,,
,,,,,,,,
,,,,,,,,
,,,,,,,,
,,,,,,,,
,,,,,,,,
,,,,,,,,
,,,,,,,,
,,,,,,,,
,,,,,,,,
,,,,,,,,
,,,,,,,,
,,,,,,,,
,,,,,,,,
,,,,,,,,
,,,,,,,,
,,,,,,,,
,,,,,,,,
,,,,,,,,
,,,,,,,,
,,,,,,,,
,,,,,,,,
,,,,,,,,
,,,,,,,,
,,,,,,,,
,,,,,,,,
,,,,,,,,
,,,,,,,,
,,,,,,,,
,,,,,,,,
,,,,,,,,
,,,,,,,,
,,,,,,,,
,,,,,,,,
,,,,,,,,
,,,,,,,,
,,,,,,,,
,,,,,,,,
,,,,,,,,
,,,,,,,,
,,,,,,,,
,,,,,,,,
,,,,,,,,
,,,,,,,,
,,,,,,,,
,,,,,,,,
,,,,,,,,
,,,,,,,,
,,,,,,,,
,,,,,,,,
,,,,,,,,
,,,,,,,,
,,,,,,,,
,,,,,,,,
,,,,,,,,
,,,,,,,,
,,,,,,,,
,,,,,,,,
,,,,,,,,
,,,,,,,,
,,,,,,,,
,,,,,,,,
,,,,,,,,
,,,,,,,,
,,,,,,,,
,,,,,,,,
,,,,,,,,
,,,,,,,,
,,,,,,,,
,,,,,,,,
,,,,,,,,
,,,,,,,,
,,,,,,,,
,,,,,,,,
,,,,,,,,
,,,,,,,,
,,,,,,,,
,,,,,,,,
,,,,,,,,
,,,,,,,,
,,,,,,,,
,,,,,,,,
,,,,,,,,
,,,,,,,,
,,,,,,,,
,,,,,,,,
,,,,,,,,
,,,,,,,,
,,,,,,,,
,,,,,,,,
,,,,,,,,
,,,,,,,,
,,,,,,,,
,,,,,,,,
,,,,,,,,
,,,,,,,,
,,,,,,,,
,,,,,,,,
,,,,,,,,
,,,,,,,,
,,,,,,,,
,,,,,,,,
,,,,,,,,
,,,,,,,,
,,,,,,,,
,,,,,,,,
,,,,,,,,
,,,,,,,,
,,,,,,,,
,,,,,,,,
,,,,,,,,
,,,,,,,,
,,,,,,,,
,,,,,,,,
,,,,,,,,
,,,,,,,,
,,,,,,,,
,,,,,,,,
,,,,,,,,
,,,,,,,,
,,,,,,,,
,,,,,,,,
,,,,,,,,
,,,,,,,,
,,,,,,,,
,,,,,,,,
,,,,,,,,
,,,,,,,,
,,,,,,,,
,,,,,,,,
,,,,,,,,
,,,,,,,,
,,,,,,,,
,,,,,,,,
,,,,,,,,
,,,,,,,,
,,,,,,,,
,,,,,,,,
,,,,,,,,
,,,,,,,,
,,,,,,,,
,,,,,,,,
,,,,,,,,
,,,,,,,,
,,,,,,,,
,,,,,,,,
,,,,,,,,
,,,,,,,,
,,,,,,,,
,,,,,,,,
,,,,,,,,
,,,,,,,,
,,,,,,,,
,,,,,,,,
,,,,,,,,
,,,,,,,,
,,,,,,,,
,,,,,,,,
,,,,,,,,
,,,,,,,,
,,,,,,,,
,,,,,,,,
,,,,,,,,
,,,,,,,,
,,,,,,,,
,,,,,,,,
,,,,,,,,
,,,,,,,,
,,,,,,,,
,,,,,,,,
,,,,,,,,
,,,,,,,,
,,,,,,,,
,,,,,,,,
,,,,,,,,
,,,,,,,,
,,,,,,,,
,,,,,,,,
,,,,,,,,
,,,,,,,,
,,,,,,,,
,,,,,,,,
,,,,,,,,
,,,,,,,,
,,,,,,,,
,,,,,,,,
,,,,,,,,
,,,,,,,,
,,,,,,,,
,,,,,,,,
,,,,,,,,
,,,,,,,,
,,,,,,,,
,,,,,,,,
,,,,,,,,
,,,,,,,,
,,,,,,,,
,,,,,,,,
,,,,,,,,
,,,,,,,,
,,,,,,,,
,,,,,,,,
,,,,,,,,
,,,,,,,,
,,,,,,,,
,,,,,,,,
,,,,,,,,
,,,,,,,,
,,,,,,,,
,,,,,,,,
,,,,,,,,
,,,,,,,,
,,,,,,,,
,,,,,,,,
,,,,,,,,
,,,,,,,,
,,,,,,,,
,,,,,,,,
,,,,,,,,
,,,,,,,,
,,,,,,,,
,,,,,,,,
,,,,,,,,
,,,,,,,,
,,,,,,,,
,,,,,,,,
,,,,,,,,
,,,,,,,,
,,,,,,,,
,,,,,,,,
,,,,,,,,
,,,,,,,,
,,,,,,,,
,,,,,,,,
,,,,,,,,
,,,,,,,,
,,,,,,,,
,,,,,,,,
,,,,,,,,
,,,,,,,,
,,,,,,,,
,,,,,,,,
,,,,,,,,
,,,,,,,,
,,,,,,,,
,,,,,,,,
,,,,,,,,
,,,,,,,,
,,,,,,,,
,,,,,,,,
,,,,,,,,
,,,,,,,,
,,,,,,,,
,,,,,,,,
,,,,,,,,
,,,,,,,,
,,,,,,,,
,,,,,,,,
,,,,,,,,
,,,,,,,,
,,,,,,,,
,,,,,,,,
,,,,,,,,
,,,,,,,,
,,,,,,,,
,,,,,,,,
,,,,,,,,
,,,,,,,,
,,,,,,,,
,,,,,,,,
,,,,,,,,
,,,,,,,,
,,,,,,,,
,,,,,,,,
,,,,,,,,
,,,,,,,,
,,,,,,,,
,,,,,,,,
,,,,,,,,
,,,,,,,,
,,,,,,,,
,,,,,,,,
,,,,,,,,
,,,,,,,,
,,,,,,,,
,,,,,,,,
,,,,,,,,
,,,,,,,,
,,,,,,,,
,,,,,,,,
,,,,,,,,
,,,,,,,,
,,,,,,,,
,,,,,,,,
,,,,,,,,
,,,,,,,,
,,,,,,,,
,,,,,,,,
,,,,,,,,
,,,,,,,,
